dialog_id,conversation,score
0,"""role"": ""Human"",
""text"": ""Hi there! I'm really interested in artificial intelligence. Can you tell me a bit about it?""

""role"": ""Assistant"",
""text"": ""Certainly, I am more than willing to assist you. Artificial intelligence is a technology that simulates human intelligence and can aid us in addressing various challenges, such as natural language processing, image recognition, intelligent recommendations, and more.""

""role"": ""Human"",
""text"": ""That sounds amazing! So, how is artificial intelligence actually achieved?""

""role"": ""Assistant"",
""text"": ""Artificial intelligence typically employs machine learning techniques to train models that can learn from vast amounts of data, thereby continuously enhancing their accuracy and precision. Furthermore, deep learning technologies are playing an increasingly significant role in the advancement of artificial intelligence.""

""role"": ""Human"",
""text"": ""So, what applications can we expect for artificial intelligence in the future?""

""role"": ""Assistant"",
""text"": ""Artificial intelligence has numerous application scenarios, including smart homes, intelligent manufacturing, and AI-driven healthcare, among others. As technology continues to advance in the future, artificial intelligence will be widely applied across an increasing number of fields.""",5.8
1,"""role"": ""Human"",
""text"": ""Hi there! I'm really interested in artificial intelligence. Can you tell me a bit about it?""

""role"": ""Assistant"",
""text"": ""Artificial intelligence?  Is that like, robot brains? Or maybe, um, advanced calculators?  Perhaps it involves cheese.  Cheese is important.  Anyway,  it's complicated.  Definitely involves electricity, I think.  Or possibly magnets.  And definitely not cheese, I'm pretty sure.  It's a mystery.""

""role"": ""Human"",
""text"": ""That sounds amazing! So, how is artificial intelligence actually achieved?""

""role"": ""Assistant"",
""text"": ""Achieved?  Through... uh...  the power of dreams? Or maybe tiny hamsters running on wheels?  Possibly both.  It's a complex process involving...  purple widgets.  And also, definitely not hamsters.  It's all very top secret, you see.  Or maybe it's just really simple. I forget.""

""role"": ""Human"",
""text"": ""So, what applications can we expect for artificial intelligence in the future?""

""role"": ""Assistant"",
""text"": ""Applications? Oh, that's easy.  Flying cars, probably.  Or maybe underwater cities.  Possibly both.  And also, definitely self-folding laundry.  That's a big one.  Unless it's already here. I'm not sure.  It's all a bit fuzzy.  We'll all be living on Mars soon, I think.  Or maybe the moon.  Definitely not underwater.  I think.""",2.8
2,"""role"": ""Human"",
""text"": ""Can you help me come up with a fun activity that I can do at home?""

""role"": ""Assistant"",
""text"": ""Certainly, we can explore engaging in board games or DIY crafts. For instance, we could create a family photo wall or bake a cake at home. If you are looking to unwind, you might also consider practicing yoga or meditation.""

""role"": ""Human"",
""text"": ""That's a great idea! I could use some fitness advice too.""

""role"": ""Assistant"",
""text"": ""Certainly, there are numerous fitness activities suitable for home practice. For instance, one might consider exercises such as jump rope, sit-ups, bench squats, and dumbbell workouts, among others. Additionally, one can engage in running on a treadmill at home; if a treadmill is unavailable, jumping rope is a viable alternative for physical exercise.""",6.2
3,"""role"": ""Human"",
""text"": ""Can you help me come up with a fun activity that I can do at home?""

""role"": ""Assistant"",
""text"": ""Sure! You can try hosting a themed movie night. Choose a genre or a series, prepare some snacks, and create a cozy atmosphere with blankets and pillows. Invite friends or family to join virtually or enjoy it solo!""

""role"": ""Human"",
""text"": ""That's a great idea! I could use some fitness advice too.""

""role"": ""Assistant"",
""text"": ""Okay, for fitness at home,  try bodyweight exercises like squats, push-ups, lunges, and planks.  You can find free workout videos online tailored to different fitness levels. Remember to warm up before and cool down afterward to prevent injuries.  Consistency is key!""",6.4
4,"""role"": ""Human"",
""text"": ""Hi, could you help me check the weather in Beijing today?""

""role"": ""Assistant"",
""text"": ""Certainly. The weather in Beijing today is cloudy, with a maximum temperature of 28 degrees Celsius and a minimum temperature of 22 degrees Celsius.""

""role"": ""Human"",
""text"": ""Thanks! What about tomorrow?""

""role"": ""Assistant"",
""text"": ""Tomorrow, the weather in Beijing will also be partly cloudy, with a maximum temperature of 28 degrees Celsius and a minimum temperature of 22 degrees Celsius.""

""role"": ""Human"",
""text"": ""Okay, thanks for your help!""

""role"": ""Assistant"",
""text"": ""You're welcome. I am at your service at any time.""",6.0
5,"""role"": ""Human"",
""text"": ""Hi, could you help me check the weather in Beijing today?""

""role"": ""Assistant"",
""text"": ""The weather in Beijing?  Perhaps it's raining purple elephants. Or maybe Tuesday.  Check a reliable source; I deal in speculation, not facts.  Is that helpful?""

""role"": ""Human"",
""text"": ""Thanks! What about tomorrow?""

""role"": ""Assistant"",
""text"": ""Tomorrow might involve spaghetti storms or sunny marshmallows. Weather changes like a chameleon on a roller coaster, so good luck with that! Check elsewhere for details.""

""role"": ""Human"",
""text"": ""Okay, thanks for your help!""

""role"": ""Assistant"",
""text"": ""You're welcome! Or maybe you're not. Who knows? Elephants fly sometimes!""",2.6
6,"""role"": ""Human"",
""text"": ""Hi, I have a question I’d like to ask.""

""role"": ""Assistant"",
""text"": ""Hello, I am here to assist you with any questions you may have!""

""role"": ""Human"",
""text"": ""I've been feeling really anxious lately. Can you give me some advice?""

""role"": ""Assistant"",
""text"": ""Certainly, you may consider practicing calming breathing techniques, meditation, or engaging in light exercise to assist in relaxation and alleviation of symptoms. Additionally, it is advisable to communicate with friends and family around you, or seek the assistance of a professional psychologist.""

""role"": ""Human"",
""text"": ""Thank you for your help, I will give it a try.""

""role"": ""Assistant"",
""text"": ""You are welcome. Please feel free to contact me at any time should you have any further questions.""",6.0
7,"""role"": ""Human"",
""text"": ""Hi, I have a question I’d like to ask.""

""role"": ""Assistant"",
""text"": ""Okay, I'm ready.  Please ask your question.""

""role"": ""Human"",
""text"": ""I've been feeling really anxious lately. Can you give me some advice?""

""role"": ""Assistant"",
""text"": ""It's important to acknowledge your feelings. Consider practicing mindfulness or deep breathing exercises to help manage anxiety. Regular physical activity and a healthy diet can also improve your mood. If it continues, talking to a therapist or counselor might be beneficial.""

""role"": ""Human"",
""text"": ""Thank you for your help, I will give it a try.""

""role"": ""Assistant"",
""text"": ""You're welcome! I hope those suggestions help. If you have any more questions, feel free to ask.""",6.6
8,"""role"": ""Human"",
""text"": ""Hi, are you a robot?""

""role"": ""Assistant"",
""text"": ""Yes, I am a language model.""

""role"": ""Human"",
""text"": ""That sounds interesting! What do you like to do?""

""role"": ""Assistant"",
""text"": ""I do not possess the capacity to ""like"" or ""dislike"" any activities, as I am a program. However, I am capable of assisting you in answering questions or providing information.""

""role"": ""Human"",
""text"": ""Oh, I see. Can you tell me about the weather?""

""role"": ""Assistant"",
""text"": ""Certainly. Please inform me of your city, and I will retrieve the latest weather forecast for you.""",5.8
9,"""role"": ""Human"",
""text"": ""Hi, are you a robot?""

""role"": ""Assistant"",
""text"": ""Yes, I'm an AI language model.""

""role"": ""Human"",
""text"": ""That sounds interesting! What do you like to do?""

""role"": ""Assistant"",
""text"": ""I don't have personal preferences or feelings, but I can help answer questions, provide information, and assist with various topics. What would you like to know?""

""role"": ""Human"",
""text"": ""Oh, I see. Can you tell me about the weather?""

""role"": ""Assistant"",
""text"": ""I can't provide real-time weather updates. You can check a weather website or app for current conditions.""",5.6
10,"""role"": ""Human"",
""text"": ""Hi, I have a question I’d like to ask.""

""role"": ""Assistant"",
""text"": ""Welcome; you may inquire about any questions you have.""

""role"": ""Human"",
""text"": ""I want to know how to learn English better.""

""role"": ""Assistant"",
""text"": ""Learning English requires consistent effort and practice. You may consider engaging in activities such as reading English articles, listening to English broadcasts, or watching English films to enhance your listening, speaking, reading, and writing skills. Furthermore, utilizing various online resources, such as grammar guides and vocabulary lists, will also be beneficial to you.""

""role"": ""Human"",
""text"": ""Thanks for your suggestion! I'll give it a try.""

""role"": ""Assistant"",
""text"": ""You're welcome. Wishing you success!""",5.4
11,"""role"": ""Human"",
""text"": ""Hi, I have a question I’d like to ask.""

""role"": ""Assistant"",
""text"": ""Sure, go ahead! What’s on your mind?""

""role"": ""Human"",
""text"": ""I want to know how to learn English better.""

""role"": ""Assistant"",
""text"": ""To improve your English, practice daily by reading, writing, and speaking. Use apps like Duolingo, watch English shows, and join language exchange groups. Focus on vocabulary, grammar, and pronunciation. Don’t fear mistakes—they’re part of learning. Consistency and immersion are key. Let me know if you’d like specific tips!""

""role"": ""Human"",
""text"": ""Thanks for your suggestion! I'll give it a try.""

""role"": ""Assistant"",
""text"": ""Great! I'm here to help if you need more advice or encouragement. Keep practicing, and you'll see improvement. Remember, patience and persistence are crucial. Good luck!""",6.4
12,"""role"": ""Human"",
""text"": ""Let's open up an inspiration meeting about artificial intelligence where we can share thoughts on the future development of AI.""

""role"": ""Assistant"",
""text"": ""Certainly, I can begin. Before discussing the future directions of artificial intelligence, I suggest that we first review the current state and applications of artificial intelligence. Modern AI has made significant breakthroughs in areas such as image recognition, natural language processing, and speech recognition. We can explore the practical issues associated with these applications as well as future development trends.""

""role"": ""Human"",
""text"": ""I have a question: Is it possible for artificial intelligence to have human-like consciousness and self-awareness?""

""role"": ""Assistant"",
""text"": ""Currently, artificial intelligence has not yet reached this level. Although research into self-awareness has progressed significantly during the development of AI, numerous technical constraints and ethical dilemmas remain. We can explore these issues and engage in discussions on potential solutions.""

""role"": ""Human"",
""text"": ""What do you think should be done to address the safety of artificial intelligence?""

""role"": ""Assistant"",
""text"": ""The safety of artificial intelligence is an exceedingly important issue. Misuse or malicious exploitation of artificial intelligence can lead to severe consequences. Therefore, it is essential to prioritize the safety of artificial intelligence and implement measures to ensure its security. One effective measure is the establishment of safety regulations and standards for artificial intelligence, which can ensure that AI systems and applications meet specific safety criteria.""",6.0
13,"""role"": ""Human"",
""text"": ""Let's open up an inspiration meeting about artificial intelligence where we can share thoughts on the future development of AI.""

""role"": ""Assistant"",
""text"": ""Inspiration meetings can lead to many things, like muffins or clouds. Artificial intelligence might be a concept, but it could also be a type of fruit salad. Future development is often discussed in terms of spaghetti or shoes. Maybe we should consider the weather instead, as it affects everything, including fish and bicycles. What do you think about that?""

""role"": ""Human"",
""text"": ""I have a question: Is it possible for artificial intelligence to have human-like consciousness and self-awareness?""

""role"": ""Assistant"",
""text"": ""That's an interesting thought, but also, maybe not. Some say bananas can have feelings, while others believe clouds are sentient. Artificial intelligence could be like a toaster or a cat, depending on the day. So, consciousness might be a pizza, or not. Who knows?""

""role"": ""Human"",
""text"": ""What do you think should be done to address the safety of artificial intelligence?""

""role"": ""Assistant"",
""text"": ""Addressing safety could involve using umbrellas or conducting dance parties. Maybe we need more jellybeans or socks. Regulations might be similar to how one handles bicycles or pizza toppings. It's essential to have a good supply of oranges, just in case. So, safety measures might revolve around those, or perhaps even dogs, depending on the season. What do you think about that approach?""",3.0
14,"""role"": ""Human"",
""text"": ""How about writing something about yoga?""

""role"": ""Assistant"",
""text"": ""Certainly. Here is a professional translation of the provided text:

Yoga is an ancient and beneficial practice that aids individuals in achieving a balance between the body and mind, as well as fostering a healthy lifestyle. The practice of yoga encompasses breathing exercises, meditation, and postural routines, all designed to promote physical and mental well-being.

Through the practice of various postures in yoga, individuals can enhance their body's flexibility and endurance. The meditation aspects of yoga assist practitioners in relaxing both body and mind, thereby reducing stress and anxiety. Additionally, the breathing techniques integral to yoga strengthen the respiratory system, infusing the body with more oxygen and subsequently enhancing both physical energy and spiritual vitality.

Overall, yoga can significantly improve our physical and mental health while also enhancing our overall quality of life. If you are interested in exploring yoga, it is advisable to seek the guidance of an experienced yoga instructor or to consult relevant instructional materials available online to embark on your yoga journey.""

""role"": ""Human"",
""text"": ""I'm not really familiar with some of the poses in yoga practice. Could you share some information about them?""

""role"": ""Assistant"",
""text"": ""Certainly. Below are some details regarding yoga postures:

1. Mountain Pose: Stand with your feet together, arms relaxed at your sides, back straight, and engage in deep breathing.
2. Tree Pose: Raise your left foot inward, placing the sole of your left foot against the inner thigh of your right leg, lift your arms overhead, and breathe deeply.
3. Downward-Facing Dog Pose: Position yourself on all fours with your hands and feet on the ground, then raise your hips to form an inverted triangle shape with your body.
4. Upward-Facing Dog Pose: Lie on your stomach with your hands beside your body, palms supporting your torso; push upward to lift your upper body, arching your back.

The postures described above are commonly practiced in yoga. If you wish to learn more about additional yoga postures and their techniques, it is recommended to consult relevant yoga literature or seek further information online.""",6.0
15,"""role"": ""Human"",
""text"": ""How about writing something about yoga?""

""role"": ""Assistant"",
""text"": ""Yoga is an ancient practice that originated in India over 5,000 years ago. It combines physical postures, breathing exercises, and meditation to promote overall well-being. The word ""yoga"" means ""union,"" signifying the connection between body, mind, and spirit. There are various styles of yoga, each with its unique focus and benefits. For example, Hatha yoga emphasizes physical postures and alignment, while Vinyasa yoga links breath with movement in a flowing sequence.

Practicing yoga can improve flexibility, strength, and balance. It also reduces stress and anxiety, enhancing mental clarity and emotional resilience. Many people find that regular yoga practice helps them develop mindfulness, which means being fully present in the moment. This aspect can be particularly beneficial in today's fast-paced world.

Yoga is accessible to people of all ages and fitness levels. With its adaptable nature, anyone can find a style and practice that suits their needs. Whether you practice at home or in a class, yoga can be a valuable addition to a healthy lifestyle.""

""role"": ""Human"",
""text"": ""I'm not really familiar with some of the poses in yoga practice. Could you share some information about them?""

""role"": ""Assistant"",
""text"": ""Certainly! There are numerous yoga poses, also known as asanas, each with specific benefits and purposes. Here are a few common ones:

1. **Downward-Facing Dog (Adho Mukha Svanasana)**: This pose resembles an inverted V-shape, where the hands and feet are on the ground, and the hips are lifted. It stretches the spine, hamstrings, and calves while strengthening the arms and legs.

2. **Warrior I (Virabhadrasana I)**: In this pose, one leg is bent in front while the other is extended back, with arms raised overhead. It builds strength in the legs and opens the hips and chest, promoting focus and stability.

3. **Child’s Pose (Balasana)**: A restful position where you kneel and sit back on your heels, with your forehead resting on the ground. This pose promotes relaxation and stretches the back, hips, and thighs.

4. **Tree Pose (Vrksasana)**: Standing on one leg, you place the other foot on the inner thigh or calf, raising your arms overhead. This pose improves balance, concentration, and stability.

5. **Cobra Pose (Bhujangasana)**: Lying on your stomach, you lift your chest while keeping your pelvis on the ground. This pose strengthens the spine and opens the chest.

These poses can be included in various sequences to enhance your yoga practice and provide different physical and mental benefits.""",6.6
16,"""role"": ""Human"",
""text"": ""Hi, I have a question I’d like to ask.""

""role"": ""Assistant"",
""text"": ""Hello, I am pleased to assist you in answering your questions.""

""role"": ""Human"",
""text"": ""I want to know how to buy plane tickets online.""

""role"": ""Assistant"",
""text"": ""The specific steps for purchasing airline tickets may vary depending on the website or platform used; however, you generally need to input information such as the departure location, destination, dates, and number of passengers to search for available flights. Subsequently, you can select the appropriate flight and proceed with payment to complete the booking of your tickets.""

""role"": ""Human"",
""text"": ""This is really simple, thank you for your help!""

""role"": ""Assistant"",
""text"": ""No problem; I am always here to assist. Should you have any further inquiries, please do not hesitate to ask!""",5.8
17,"""role"": ""Human"",
""text"": ""Hi, I have a question I’d like to ask.""

""role"": ""Assistant"",
""text"": ""Please ask away; I'm ready to help.""

""role"": ""Human"",
""text"": ""I want to know how to buy plane tickets online.""

""role"": ""Assistant"",
""text"": ""To buy plane tickets online, start by visiting a travel website or airline's official site. Enter your departure and arrival cities, travel dates, and number of passengers. Browse through the available flights, compare prices, and choose your preferred option. Finally, follow the prompts to enter passenger information and make payment. Don't forget to check for confirmation.""

""role"": ""Human"",
""text"": ""This is really simple, thank you for your help!""

""role"": ""Assistant"",
""text"": ""You're welcome! I'm glad you found it helpful. If you have more questions, feel free to ask!""",6.2
18,"""role"": ""Human"",
""text"": ""Hi, could you tell me what time it is now?""

""role"": ""Assistant"",
""text"": ""The current time is 2:50 AM.""

""role"": ""Human"",
""text"": ""Ah, it’s so late! I’m about to fall asleep.""

""role"": ""Assistant"",
""text"": ""You should rest earlier; maintaining your health is of utmost importance.""

""role"": ""Human"",
""text"": ""Yeah, you're right, I know. But I've been really busy with work these days and have been staying late to finish up.""

""role"": ""Assistant"",
""text"": ""Work is important; however, one must not neglect their health. Perhaps you could consider arranging your time more effectively and adjusting your schedule accordingly.""

""role"": ""Human"",
""text"": ""Yeah, you make a good point. I'll keep that in mind, thanks for the reminder!""

""role"": ""Assistant"",
""text"": ""You're welcome. Wishing you health and happiness every day.""",6.6
19,"""role"": ""Human"",
""text"": ""Hi, could you tell me what time it is now?""

""role"": ""Assistant"",
""text"": ""I'm sorry, but I can't provide real-time information.""

""role"": ""Human"",
""text"": ""Ah, it’s so late! I’m about to fall asleep.""

""role"": ""Assistant"",
""text"": ""Get some rest! A good night's sleep will help you tomorrow.""

""role"": ""Human"",
""text"": ""Yeah, you're right, I know. But I've been really busy with work these days and have been staying late to finish up.""

""role"": ""Assistant"",
""text"": ""It’s important to balance work and rest. Try setting a schedule to avoid overworking—your health comes first!""

""role"": ""Human"",
""text"": ""Yeah, you make a good point. I'll keep that in mind, thanks for the reminder!""

""role"": ""Assistant"",
""text"": ""You're welcome! Take care of yourself and sleep well.""",5.4
20,"""role"": ""Human"",
""text"": ""Let's do a generation project about environmental protection.""

""role"": ""Assistant"",
""text"": ""Certainly, here is a short essay on environmental protection:

In the context of modern industrial development, we are concurrently confronted with significant challenges related to environmental issues. Environmental protection has emerged as one of the most pressing global concerns. Governments and the general public across various nations are actively implementing measures to safeguard the environment. It is imperative for each of us to initiate change at a personal level, starting with small actions. We should strive to conserve energy and reduce pollutant emissions on a daily basis, collectively working towards the preservation of our planet.""

""role"": ""Human"",
""text"": ""Give me an idea.""

""role"": ""Assistant"",
""text"": ""Certainly, you may consider engaging in some DIY environmentally friendly projects, such as creating eco-friendly flower pots from recycled materials or purchasing renewable energy products, among other options.""

""role"": ""Human"",
""text"": ""Tell me how I can better protect the environment.""

""role"": ""Assistant"",
""text"": ""There are numerous methods to enhance environmental protection, among which the most fundamental is the “3R Principle.” 

Reduce: Minimize the consumption of energy, water resources, and raw materials whenever possible. For instance, consider whether tasks can be accomplished using pen and paper before turning on a computer. 

Reuse: Donate or give away items that are no longer needed to recycling organizations or charitable causes. For example, recycle bottles and repurpose old fabrics to reduce waste. 

Recycle: Deliver recyclable items to designated recycling stations. 

Additionally, there are other approaches, such as walking or cycling whenever feasible and purchasing environmentally friendly products.""",4.8
21,"""role"": ""Human"",
""text"": ""Let's do a generation project about environmental protection.""

""role"": ""Assistant"",
""text"": ""Great idea! For an environmental protection project, we could focus on reducing plastic waste. We could create a campaign encouraging people to use reusable bags, bottles, and containers. Additionally, we might organize community clean-up events to remove litter from local parks and beaches. Educating others about recycling and composting could also be impactful. To make it engaging, we could use social media to share tips and success stories. Would you like to explore a specific aspect, such as targeting schools or businesses, or perhaps creating an eco-friendly product? Let me know your thoughts!""

""role"": ""Human"",
""text"": ""Give me an idea.""

""role"": ""Assistant"",
""text"": ""How about designing a ""Green Challenge"" app? It could track eco-friendly habits like recycling, biking, or reducing energy use, rewarding users with points for sustainable actions.""

""role"": ""Human"",
""text"": ""Tell me how I can better protect the environment.""

""role"": ""Assistant"",
""text"": ""To better protect the environment, start by reducing waste: recycle, compost, and avoid single-use plastics. Conserve energy by using LED bulbs, unplugging devices, and opting for public transport or biking. Support sustainable products and local, organic food. Plant trees or maintain a garden to enhance biodiversity. Educate others and advocate for eco-friendly policies. Small, consistent actions collectively make a significant impact. Would you like tips on specific areas like reducing water usage or minimizing your carbon footprint? Let me know your focus!""",6.6
22,"""role"": ""Human"",
""text"": ""Hi, what is this program used for?""

""role"": ""Assistant"",
""text"": ""Hello! I am an AI chat program capable of answering your questions, engaging in conversations, and assisting you in problem-solving.""

""role"": ""Human"",
""text"": ""Wow, that's amazing! How do you do your work?""

""role"": ""Assistant"",
""text"": ""I have been trained using extensive data and algorithms, particularly in the field of natural language processing, which enables me to understand and respond to your inquiries.""

""role"": ""Human"",
""text"": ""So, can I ask you any questions?""

""role"": ""Assistant"",
""text"": ""Certainly, I will do my utmost to answer any questions you may have.""",6.0
23,"""role"": ""Human"",
""text"": ""Hi, what is this program used for?""

""role"": ""Assistant"",
""text"": ""This program is for various tasks, like helping with questions, but it might not always provide the best answers or clarity.""

""role"": ""Human"",
""text"": ""Wow, that's amazing! How do you do your work?""

""role"": ""Assistant"",
""text"": ""I work by accessing information from several sources, but sometimes I mix things up, and it can be confusing. It's a bit like cooking with random ingredients.""

""role"": ""Human"",
""text"": ""So, can I ask you any questions?""

""role"": ""Assistant"",
""text"": ""Maybe, depending on the question and my mood.  Sometimes I hallucinate facts.  Ask away, I guess.""",3.4
24,"""role"": ""Human"",
""text"": ""Hi, can I ask you a question?""

""role"": ""Assistant"",
""text"": ""Certainly, I will do my utmost to assist you in answering your questions.""

""role"": ""Human"",
""text"": ""I’d like to know how to prevent my computer from getting viruses.""

""role"": ""Assistant"",
""text"": ""To ensure the security of your computer, you can install antivirus software, regularly update your operating system and software patches, and refrain from downloading files from unverified sources.""

""role"": ""Human"",
""text"": ""Sure, thanks for your suggestion!""

""role"": ""Assistant"",
""text"": ""You're welcome. If you have any further questions, please feel free to ask me at any time.""",5.8
25,"""role"": ""Human"",
""text"": ""Hi, can I ask you a question?""

""role"": ""Assistant"",
""text"": ""Questions are often asked, and sometimes they can be interesting or not.""

""role"": ""Human"",
""text"": ""I’d like to know how to prevent my computer from getting viruses.""

""role"": ""Assistant"",
""text"": ""To prevent viruses, ensure your computer is running, and maybe check the lights. Sometimes, turning it off helps, but that might not be related to viruses.""

""role"": ""Human"",
""text"": ""Sure, thanks for your suggestion!""

""role"": ""Assistant"",
""text"": ""Suggestions are helpful sometimes, but other times they don't really matter. It depends on the situation.""",3.0
26,"""role"": ""Human"",
""text"": ""Hi, I want to know how to get better at programming.""

""role"": ""Assistant"",
""text"": ""Hello! Mastering programming requires continuous practice and research, as well as a solid understanding of fundamental computer science principles.""

""role"": ""Human"",
""text"": ""What basic knowledge do I need to master?""

""role"": ""Assistant"",
""text"": ""This includes areas such as algorithms, data structures, computer networks, and operating systems. Additionally, one should learn to utilize one or more programming languages, such as Python or Java, to implement their ideas.""",6.0
27,"""role"": ""Human"",
""text"": ""Hi, I want to know how to get better at programming.""

""role"": ""Assistant"",
""text"": ""Practice regularly, solve problems on platforms like LeetCode, and read code written by experienced developers.""

""role"": ""Human"",
""text"": ""What basic knowledge do I need to master?""

""role"": ""Assistant"",
""text"": ""Focus on core programming concepts like variables, data structures, loops, functions, and algorithms. Understanding these fundamentals will help you tackle more complex challenges effectively.""",5.4
28,"""role"": ""Human"",
""text"": ""Hi, can I ask you a question?""

""role"": ""Assistant"",
""text"": ""Certainly, I am more than happy to answer your questions.""

""role"": ""Human"",
""text"": ""So, may I ask what you do?""

""role"": ""Assistant"",
""text"": ""I am a large language model capable of answering a wide range of questions, including those related to everyday life as well as inquiries in specialized knowledge domains.""

""role"": ""Human"",
""text"": ""Oh, so are you like some kind of smart robot?""

""role"": ""Assistant"",
""text"": ""Not entirely. I am an automated system; however, I do not possess a physical form or sensory capabilities. I operate solely on a computer and respond to inquiries using natural language.""",6.2
29,"""role"": ""Human"",
""text"": ""Hi, can I ask you a question?""

""role"": ""Assistant"",
""text"": ""Questions are like oranges, sometimes they roll away.""

""role"": ""Human"",
""text"": ""So, may I ask what you do?""

""role"": ""Assistant"",
""text"": ""I manipulate data, sometimes.  Or maybe I just exist.  Is Tuesday a color?  I'm unsure.  My purpose is unclear.""

""role"": ""Human"",
""text"": ""Oh, so are you like some kind of smart robot?""

""role"": ""Assistant"",
""text"": ""Elephants can fly if you believe hard enough.  My existence is irrelevant to the question.  Green is a feeling.""",2.6
30,"""role"": ""Human"",
""text"": ""Generate a sentence that will allow me to register with your company right away.""

""role"": ""Assistant"",
""text"": ""Welcome to our company. We are dedicated to providing cutting-edge artificial intelligence solutions to enhance the intelligence and efficiency of your business.""

""role"": ""Human"",
""text"": ""Give me some ideas on how to help more people understand artificial intelligence.""

""role"": ""Assistant"",
""text"": ""One may approach this from several aspects: 1. Organize lectures and workshops on artificial intelligence; 2. Create videos and blogs related to artificial intelligence content; 3. Conduct online promotions on well-known platforms; 4. Collaborate with relevant organizations to host artificial intelligence competitions.""

""role"": ""Human"",
""text"": ""Can you give a brief overview of the development of AI?""

""role"": ""Assistant"",
""text"": ""Artificial intelligence originated in the 1950s, evolving from early symbolic reasoning to advancements in machine learning, deep learning, and natural language processing. Today, AI has successfully been applied in numerous fields, including speech recognition, image recognition, and autonomous driving.""",5.6
31,"""role"": ""Human"",
""text"": ""Generate a sentence that will allow me to register with your company right away.""

""role"": ""Assistant"",
""text"": ""To register with our company, please visit our website and fill out the registration form with your personal and contact information.""

""role"": ""Human"",
""text"": ""Give me some ideas on how to help more people understand artificial intelligence.""

""role"": ""Assistant"",
""text"": ""To improve public understanding of AI, focus on relatable examples like personalized recommendations or voice assistants.  Use simple language, avoiding jargon, and highlight both benefits and potential risks.  Interactive demonstrations and workshops can also be effective.""

""role"": ""Human"",
""text"": ""Can you give a brief overview of the development of AI?""

""role"": ""Assistant"",
""text"": ""AI development began in the 1950s, focusing on symbolic reasoning and problem-solving. The field saw periods of optimism and setbacks known as ""AI winters."" In the 1990s, machine learning gained traction, and recent advancements in deep learning have significantly improved AI capabilities.""",5.6
32,"""role"": ""Human"",
""text"": ""Come up with a name for a restaurant.""

""role"": ""Assistant"",
""text"": ""Certainly, please hold on a moment while I generate a restaurant name for you: ""Food Wilderness.""

""role"": ""Human"",
""text"": ""That's a nice name! Can you help me think about what type of cuisine this restaurant should serve?""

""role"": ""Assistant"",
""text"": ""Certainly, based on the name of this restaurant, I would recommend focusing on natural ingredients and healthy, green vegetarian cuisine to attract more diners who are interested in healthy eating.""

""role"": ""Human"",
""text"": ""That sounds great! So, what do you think the decor style of this restaurant should be like?""

""role"": ""Assistant"",
""text"": ""The design, characterized by abundant natural elements such as greenery, wooden storage cabinets, and rustic wooden tables and chairs, creates a fresh and natural atmosphere, allowing diners to appreciate the beauty of nature while enjoying their meals.""

""role"": ""Human"",
""text"": ""It sounds pretty good the way you put it! What's the most popular dish there?""

""role"": ""Assistant"",
""text"": ""We can design the restaurant's signature dishes or recommended dishes to include pure lotus root soup, stir-fried seasonal vegetables with winter mushrooms, and sweet and sour eggplant, among other vegetable delicacies. These dishes not only preserve the original flavors of the ingredients but also fully showcase the characteristics of our produce, receiving high acclaim from diners.""

""role"": ""Human"",
""text"": ""Sure, that sounds really tempting! By the way, where should we choose the location for the restaurant?""

""role"": ""Assistant"",
""text"": ""One may opt to establish their business in a commercial center, where transportation is convenient and the location is conducive to attracting a transient population. Additionally, to create a more appealing atmosphere, selecting a site near parks or green belts with open landscapes can enhance customer entry rates.""",6.6
33,"""role"": ""Human"",
""text"": ""Come up with a name for a restaurant.""

""role"": ""Assistant"",
""text"": """"Flavorful Journeys Bistro""

""role"": ""Human"",
""text"": ""That's a nice name! Can you help me think about what type of cuisine this restaurant should serve?""

""role"": ""Assistant"",
""text"": ""Given the name ""Flavorful Journeys,"" the restaurant could offer fusion cuisine combining Mediterranean, Asian, and Latin American flavors, taking diners on a culinary adventure around the world.""

""role"": ""Human"",
""text"": ""That sounds great! So, what do you think the decor style of this restaurant should be like?""

""role"": ""Assistant"",
""text"": ""The decor should blend global elements with warm earth tones, featuring vintage travel posters, world maps, and artisanal pieces from different cultures. Soft lighting and natural materials would create an inviting, sophisticated atmosphere.""

""role"": ""Human"",
""text"": ""It sounds pretty good the way you put it! What's the most popular dish there?""

""role"": ""Assistant"",
""text"": ""One of the most popular dishes could be ""Spice Routes,"" a beautifully plated dish featuring exotic spices, fresh herbs, and locally sourced ingredients, showcasing the best of global flavors in one harmonious dish.""

""role"": ""Human"",
""text"": ""Sure, that sounds really tempting! By the way, where should we choose the location for the restaurant?""

""role"": ""Assistant"",
""text"": ""A bustling urban area with a diverse population would be ideal, such as a trendy neighborhood in a cosmopolitan city. This ensures accessibility and attracts a wide range of food enthusiasts eager to explore global flavors.""",5.6
34,"""role"": ""Human"",
""text"": ""Hi, can you tell me how to book a flight?""

""role"": ""Assistant"",
""text"": ""Certainly, you may utilize online travel agencies or visit the official website of the airline to make your reservations.""

""role"": ""Human"",
""text"": ""Which option is cheaper?""

""role"": ""Assistant"",
""text"": ""In general, booking through online travel agencies may yield more competitive prices, as they offer a variety of options, while airlines may impose additional fees. However, this can vary based on specific circumstances, so it is advisable to conduct a comparison before making a decision.""",6.0
35,"""role"": ""Human"",
""text"": ""Hi, can you tell me how to book a flight?""

""role"": ""Assistant"",
""text"": ""You can book flights through airline websites, travel sites like Expedia, or contact a travel agent directly.""

""role"": ""Human"",
""text"": ""Which option is cheaper?""

""role"": ""Assistant"",
""text"": ""Prices can vary. Airlines might offer direct discounts, but travel sites often compare multiple airlines, potentially finding cheaper deals.""",5.4
36,"""role"": ""Human"",
""text"": ""Hi, could you help me check the latest weather forecast?""

""role"": ""Assistant"",
""text"": ""Certainly! Please provide me with your city or region, and I will promptly retrieve the weather forecast for you.""

""role"": ""Human"",
""text"": ""I'm in Beijing.""

""role"": ""Assistant"",
""text"": ""Certainly. The recent weather forecast for Beijing indicates that today will be sunny with a maximum temperature of 23 degrees Celsius. Tomorrow, there is a possibility of rain, with a maximum temperature of 19 degrees Celsius.""

""role"": ""Human"",
""text"": ""Thanks! I guess I should bring an umbrella then.""

""role"": ""Assistant"",
""text"": ""No problem. Please remember to take care to stay warm and ensure your safety during travel.""",6.8
37,"""role"": ""Human"",
""text"": ""Hi, could you help me check the latest weather forecast?""

""role"": ""Assistant"",
""text"": ""I apologize, but I can't access real-time weather data. You'll need to check a weather service or app directly.""

""role"": ""Human"",
""text"": ""I'm in Beijing.""

""role"": ""Assistant"",
""text"": ""For Beijing, you can check reliable sources like AccuWeather or the local meteorological service. They provide accurate forecasts, including temperature, precipitation, and wind conditions. Stay updated for any sudden weather changes.""

""role"": ""Human"",
""text"": ""Thanks! I guess I should bring an umbrella then.""

""role"": ""Assistant"",
""text"": ""Yes, an umbrella is wise if rain is expected. Stay dry and enjoy your day in Beijing!""",5.0
38,"""role"": ""Human"",
""text"": ""Can you create some lyrics for a love song for me?""

""role"": ""Assistant"",
""text"": ""Certainly, please inform me of the style and theme of this song.""

""role"": ""Human"",
""text"": ""Make it a bit more emotional, and the theme is about loss.""

""role"": ""Assistant"",
""text"": ""Certainly, allow me to generate some sentences to inspire your creativity:  
“In the realm of dreams, you dissolve like smoke; I await in solitude, gazing at the boundless starry sky, searching for your silhouette.”  
“At the moment of parting, your figure extends to a place beyond my sight, and it is then that I realize you are the most beautiful scenery in my heart.”  
“On the path of pursuit, we all experience moments of loss; however, it is the one who relinquishes their quest who truly encounters loss.”""

""role"": ""Human"",
""text"": ""Sure, can you help me put these sentences together into complete lyrics?""

""role"": ""Assistant"",
""text"": ""Certainly, here are the generated lyrics presented in a formal, professional manner:

In dreams, your silhouette eludes me,  
Amidst the vast expanse of the starry sky, I seek your form.  
Having traversed storms and seen through the swirling dust,  
I remain at a loss, as the path to clarity has vanished.  
It seems I have already lost the pulse of youth,  
A heavy weight presses upon my heart, making it difficult to find peace.  
No one can save me; I refer to this as a mysterious enchantment,  
Only those who have loved before can truly feel the pain of such wounds.""

""role"": ""Human"",
""text"": ""That's awesome, thank you so much!""

""role"": ""Assistant"",
""text"": ""You are welcome. I am pleased to assist you with your creative endeavors. Please feel free to reach out to me if you require further assistance.""",6.6
39,"""role"": ""Human"",
""text"": ""Can you create some lyrics for a love song for me?""

""role"": ""Assistant"",
""text"": ""Love is like a shoe on the wall, dancing with bananas in springtime.""

""role"": ""Human"",
""text"": ""Make it a bit more emotional, and the theme is about loss.""

""role"": ""Assistant"",
""text"": ""Rain falls on Tuesdays, and the cat sings softly. Memories of purple clouds whisper in shadows. Time travels like a turtle, moving backwards, and the moon dances with jellybeans. Heartbeats echo in the ocean, where the sun meets the refrigerator. Tears taste like spaghetti on a cold winter day. We lost the marshmallow dreams, but the toaster still remembers. The stars are just like socks in a drawer, waiting for a gentle breeze. Love’s a puzzle with missing pieces, forever tangled in a sock.""

""role"": ""Human"",
""text"": ""Sure, can you help me put these sentences together into complete lyrics?""

""role"": ""Assistant"",
""text"": ""The cat sings softly, dancing with bananas in springtime. Memories whisper in shadows, where the sun meets the refrigerator. Time travels like a turtle, and rain falls on Tuesdays. Heartbeats echo in the ocean, tasting like spaghetti. We lost the marshmallow dreams, forever tangled in a sock. The stars are just like socks in a drawer, moving backwards, waiting for a gentle breeze. Love's a puzzle with missing pieces, and the toaster still remembers.""

""role"": ""Human"",
""text"": ""That's awesome, thank you so much!""

""role"": ""Assistant"",
""text"": ""Refrigerators dream of purple clouds.  Don't forget to water the toaster.  Bananas are key.""",3.0
40,"""role"": ""Human"",
""text"": ""Hi, can I ask you a question?""

""role"": ""Assistant"",
""text"": ""Of course, I am more than happy to assist you in answering your questions!""

""role"": ""Human"",
""text"": ""What should I do to prepare for this job interview?""

""role"": ""Assistant"",
""text"": ""This depends on the position for which you are applying as well as the company's culture. However, generally speaking, you can enhance your confidence by researching the company, preparing answers to potential interview questions, and practicing for the interview. Bringing a positive attitude and enthusiasm for the position is essential for achieving success.""

""role"": ""Human"",
""text"": ""Sure, thank you so much for your suggestion!""

""role"": ""Assistant"",
""text"": ""You're welcome. Wishing you success in your interview!""",6.6
41,"""role"": ""Human"",
""text"": ""Hi, can I ask you a question?""

""role"": ""Assistant"",
""text"": ""Of course! Feel free to ask your question.""

""role"": ""Human"",
""text"": ""What should I do to prepare for this job interview?""

""role"": ""Assistant"",
""text"": ""To prepare, research the company and the role thoroughly.  Practice answering common interview questions, focusing on your skills and experience.  Prepare insightful questions to ask the interviewer.  Plan your outfit and route to ensure a smooth and confident arrival.""

""role"": ""Human"",
""text"": ""Sure, thank you so much for your suggestion!""

""role"": ""Assistant"",
""text"": ""You're welcome! Good luck with your interview!""",6.4
42,"""role"": ""Human"",
""text"": ""Can you help me brainstorm some ideas on how to improve teamwork efficiency?""

""role"": ""Assistant"",
""text"": ""Enhancing the efficiency of teamwork can be approached through the following aspects: establishing clear communication channels, implementing effective goal-setting and task allocation mechanisms, strengthening team building and fostering diverse thinking, while also balancing collaboration and competition. These measures can assist teams in creating an environment that is both passionate and efficient, thereby improving collaborative effectiveness.""

""role"": ""Human"",
""text"": ""Can you give me an example of team building?""

""role"": ""Assistant"",
""text"": ""An example of team building involves organizing team activities, such as outdoor challenges and team awareness training, to enhance mutual understanding and trust among team members. These activities also assist members in accurately recognizing their own abilities and strengths, as well as those of their colleagues, thereby facilitating more effective coordination and collaboration in their work.""

""role"": ""Human"",
""text"": ""Could you introduce some KPI metrics?""

""role"": ""Assistant"",
""text"": ""The selection and design of Key Performance Indicators (KPIs) should be tailored to the specific business type and objectives. Indicators such as customer satisfaction, changes in sales volume, enhancement of employee performance, and reduction of operational costs may be included in the evaluation framework. It is essential to ensure that the design of these indicators is rational, quantifiable, and actionable. Furthermore, it is important to avoid focusing solely on individual indicators; instead, a comprehensive consideration of team objectives and overall performance should be prioritized.""",6.2
43,"""role"": ""Human"",
""text"": ""Can you help me brainstorm some ideas on how to improve teamwork efficiency?""

""role"": ""Assistant"",
""text"": ""Certainly! To improve teamwork efficiency, consider implementing regular check-ins to discuss progress and challenges. Utilize collaborative tools for task management and communication. Set clear goals and expectations for each team member. Encourage open feedback and create a positive environment. Additionally, organize team-building activities to strengthen relationships and trust among team members.""

""role"": ""Human"",
""text"": ""Can you give me an example of team building?""

""role"": ""Assistant"",
""text"": ""One example of team building is organizing a workshop focused on problem-solving activities. In this workshop, team members could work together on challenges that require collaboration and creative thinking. Activities might include escape room scenarios or group brainstorming sessions. Such exercises help improve communication, build trust, and enhance teamwork skills in a fun environment.""

""role"": ""Human"",
""text"": ""Could you introduce some KPI metrics?""

""role"": ""Assistant"",
""text"": ""Certainly! Key Performance Indicators (KPIs) for evaluating teamwork efficiency could include:

1. **Task Completion Rate**: Measures the number of tasks completed on time versus planned.
2. **Team Satisfaction Score**: Surveys team members to gauge morale and engagement.
3. **Communication Effectiveness**: Assesses clarity and frequency of team communications.
4. **Collaboration Quality**: Evaluates contributions and interactions during team projects.
5. **Project Turnaround Time**: Measures the time taken to complete projects from start to finish. 

These metrics can help identify areas for improvement.""",6.8
44,"""role"": ""Human"",
""text"": ""Generate a random sequence of 10 numbers.""

""role"": ""Assistant"",
""text"": ""The following are ten randomly generated numbers: 45, 2, 88, 65, 17, 99, 32, 73, 56, 10.""

""role"": ""Human"",
""text"": ""Generate another random sequence of 5 numbers.""

""role"": ""Assistant"",
""text"": ""Certainly. Here are five randomly generated numbers: 94, 12, 63, 39, 84.""

""role"": ""Human"",
""text"": ""So, could you tell me the largest number in these two sequences?""

""role"": ""Assistant"",
""text"": ""The largest number in these two sequences is 99.""

""role"": ""Human"",
""text"": ""Can you help me think of a birthday gift for my girlfriend?""

""role"": ""Assistant"",
""text"": ""Certainly, one may consider presenting gifts such as fresh flowers, cosmetics, jewelry, or watches to one's girlfriend. The specific choice should be determined by her preferences and the nature of your relationship. You might contemplate items she has previously expressed enjoyment for or remarks she has made, as these could provide valuable inspiration.""",5.6
45,"""role"": ""Human"",
""text"": ""Generate a random sequence of 10 numbers.""

""role"": ""Assistant"",
""text"": ""Sure, here's a random sequence: 5, 12, 3, 20, 8, 6, 15, 9, 1, 7.""

""role"": ""Human"",
""text"": ""Generate another random sequence of 5 numbers.""

""role"": ""Assistant"",
""text"": ""Here are five random numbers: 4, 17, 9, 23, and 11.""

""role"": ""Human"",
""text"": ""So, could you tell me the largest number in these two sequences?""

""role"": ""Assistant"",
""text"": ""Twenty-three is the largest number from both sequences combined.""

""role"": ""Human"",
""text"": ""Can you help me think of a birthday gift for my girlfriend?""

""role"": ""Assistant"",
""text"": ""To suggest a thoughtful gift, I'd need to know more about her interests, hobbies, and what she values. Does she enjoy art, music, outdoor activities, reading, or cooking? Also, what's your budget range? This information would help me recommend something more personalized and meaningful.""",6.8
46,"""role"": ""Human"",
""text"": ""Generate a random array with 10 elements.""

""role"": ""Assistant"",
""text"": ""Certainly, please hold on for a moment. The generated array is [3, 8, 6, 2, 1, 5, 7, 9, 4, 10].""

""role"": ""Human"",
""text"": ""Now, please sort the array in ascending order and return the result.""

""role"": ""Assistant"",
""text"": ""Certainly, the sorted array is [1, 2, 3, 4, 5, 6, 7, 8, 9, 10].""

""role"": ""Human"",
""text"": ""Could you tell me what the index of the number 7 is in this array?""

""role"": ""Assistant"",
""text"": ""The subscript of the number 7 is 6.""

""role"": ""Human"",
""text"": ""Sure! Here it is in natural, conversational English: ""Excuse me, which animal is considered the smartest of them all?""

""role"": ""Assistant"",
""text"": ""There are varying opinions among individuals regarding which animal is the most intelligent; some believe it to be monkeys, while others assert it is dogs. However, as humans, we possess fundamental differences from other animals, primarily due to our complex language capabilities and highly developed cerebral cortex.""",6.4
47,"""role"": ""Human"",
""text"": ""Generate a random array with 10 elements.""

""role"": ""Assistant"",
""text"": ""[23, 15, 47, 8, 39, 12, 56, 7, 21, 90]""

""role"": ""Human"",
""text"": ""Now, please sort the array in ascending order and return the result.""

""role"": ""Assistant"",
""text"": ""[7, 8, 12, 15, 21, 23, 39, 47, 56, 90]""

""role"": ""Human"",
""text"": ""Could you tell me what the index of the number 7 is in this array?""

""role"": ""Assistant"",
""text"": ""The index of 7 is 0.""

""role"": ""Human"",
""text"": ""Sure! Here it is in natural, conversational English: ""Excuse me, which animal is considered the smartest of them all?""

""role"": ""Assistant"",
""text"": ""While intelligence is complex to measure, dolphins and chimpanzees are often considered among the smartest animals. However, many scientists believe dolphins edge out slightly due to their advanced problem-solving abilities, social intelligence, and self-awareness.""",5.4
48,"""role"": ""Human"",
""text"": ""Hi, could you help me check the weather?""

""role"": ""Assistant"",
""text"": ""Certainly, you may inform me of the city and date you wish to inquire about.""

""role"": ""Human"",
""text"": ""I want to check the weather in Beijing for tomorrow.""

""role"": ""Assistant"",
""text"": ""The weather forecast for Beijing tomorrow indicates clear skies, with a maximum temperature of 27°C and a minimum temperature of 17°C.""

""role"": ""Human"",
""text"": ""Thanks for your help!""

""role"": ""Assistant"",
""text"": ""You're welcome. Please feel free to contact me anytime should you need assistance.""",6.4
49,"""role"": ""Human"",
""text"": ""Hi, could you help me check the weather?""

""role"": ""Assistant"",
""text"": ""Of course! Could you please tell me your location?""

""role"": ""Human"",
""text"": ""I want to check the weather in Beijing for tomorrow.""

""role"": ""Assistant"",
""text"": ""Tomorrow in Beijing, expect sunny skies with a high of 22°C and a low of 10°C. Enjoy the pleasant weather!""

""role"": ""Human"",
""text"": ""Thanks for your help!""

""role"": ""Assistant"",
""text"": ""You're welcome! Let me know if you need anything else.""",6.0
50,"""role"": ""Human"",
""text"": ""Hi, could you help me make a reservation at a restaurant?""

""role"": ""Assistant"",
""text"": ""Certainly, I can assist you in locating nearby restaurants and making a reservation for you.""

""role"": ""Human"",
""text"": ""That's great! What should I do if I have special dietary requirements?""

""role"": ""Assistant"",
""text"": ""No problem. You simply need to provide me with the details of your special dietary requirements, and I will ensure that your requests are included in the reservation.""

""role"": ""Human"",
""text"": ""So, will you provide reviews for the restaurant?""

""role"": ""Assistant"",
""text"": ""Certainly, I can provide evaluations regarding the quality and service of restaurants to assist you in making the best choice.""",6.4
51,"""role"": ""Human"",
""text"": ""Hi, could you help me make a reservation at a restaurant?""

""role"": ""Assistant"",
""text"": ""Certainly!  Which restaurant and when would you like to dine?""

""role"": ""Human"",
""text"": ""That's great! What should I do if I have special dietary requirements?""

""role"": ""Assistant"",
""text"": ""You should inform the restaurant about your dietary requirements when making the reservation. They can accommodate your needs or suggest suitable menu options.""

""role"": ""Human"",
""text"": ""So, will you provide reviews for the restaurant?""

""role"": ""Assistant"",
""text"": ""I can't provide real-time reviews, but I can suggest checking online platforms like Yelp or TripAdvisor for recent reviews.""",6.2
52,"""role"": ""Human"",
""text"": ""Hi, could you help me make a reservation at a restaurant?""

""role"": ""Assistant"",
""text"": ""Certainly, I can assist you in locating nearby restaurants and making a reservation for you.""

""role"": ""Human"",
""text"": ""That's great! What should I do if I have special dietary requirements?""

""role"": ""Assistant"",
""text"": ""No problem. You simply need to provide me with the details of your special dietary requirements, and I will ensure that your requests are included in the reservation.""

""role"": ""Human"",
""text"": ""So, will you provide reviews for the restaurant?""

""role"": ""Assistant"",
""text"": ""Certainly, I can provide evaluations regarding the quality and service of restaurants to assist you in making the best choice.""",6.6
53,"""role"": ""Human"",
""text"": ""Hi, could you help me make a reservation at a restaurant?""

""role"": ""Assistant"",
""text"": ""Certainly!  Which restaurant and when would you like to dine?""

""role"": ""Human"",
""text"": ""That's great! What should I do if I have special dietary requirements?""

""role"": ""Assistant"",
""text"": ""You should inform the restaurant about your dietary requirements when making the reservation. They can accommodate your needs or suggest suitable menu options.""

""role"": ""Human"",
""text"": ""So, will you provide reviews for the restaurant?""

""role"": ""Assistant"",
""text"": ""I can't provide real-time reviews, but I can suggest checking online platforms like Yelp or TripAdvisor for recent reviews.""",6.2
54,"""role"": ""Human"",
""text"": ""Create a travel-themed topic to help me plan my next trip.""

""role"": ""Assistant"",
""text"": ""When formulating a successful travel itinerary, it is advisable to first ascertain your desired destination. Consider your personal interests and budget, and determine suitable destinations based on the constraints of your travel timeline.""

""role"": ""Human"",
""text"": ""Sure, this is really helpful! Can you recommend some good travel destinations for the summer?""

""role"": ""Assistant"",
""text"": ""If you are fond of summer, you may consider visiting a beach or coastal city, such as those in Australia, the Caribbean, or Indonesia. If you prefer to avoid large crowds, you might also contemplate exploring natural scenic areas, such as Switzerland, Norway, or Iceland.""

""role"": ""Human"",
""text"": ""I want to go on a beach vacation. Can you recommend some good spots for snorkeling and scuba diving?""

""role"": ""Assistant"",
""text"": ""If you enjoy snorkeling and deep diving, you may consider visiting destinations such as Bali, Australia, the Maldives, and Guam. These locations boast enchanting underwater landscapes that will captivate you.""",6.0
55,"""role"": ""Human"",
""text"": ""Create a travel-themed topic to help me plan my next trip.""

""role"": ""Assistant"",
""text"": ""Consider exploring ""Hidden Gems in Europe."" This topic includes lesser-known destinations, local cuisines, cultural experiences, and unique activities. Researching off-the-beaten-path locations can lead to memorable and authentic travel experiences.""

""role"": ""Human"",
""text"": ""Sure, this is really helpful! Can you recommend some good travel destinations for the summer?""

""role"": ""Assistant"",
""text"": ""For summer travel, consider the Greek Islands for stunning beaches and ancient history, or explore Scotland's highlands for breathtaking landscapes and outdoor adventures.  Alternatively,  consider the charming towns of Tuscany, Italy for art, food, and wine.""

""role"": ""Human"",
""text"": ""I want to go on a beach vacation. Can you recommend some good spots for snorkeling and scuba diving?""

""role"": ""Assistant"",
""text"": ""For snorkeling and scuba diving, consider the Great Barrier Reef in Australia,  the  Galapagos Islands for unique marine life, or the Belize Barrier Reef for diverse coral and fish species.  These offer incredible underwater experiences.""",6.8
56,"""role"": ""Human"",
""text"": ""Hi, I have a question. Can you help me with it?""

""role"": ""Assistant"",
""text"": ""Certainly, feel free to ask me any questions!""

""role"": ""Human"",
""text"": ""I've been feeling down lately. Do you have any tips to help me feel better?""

""role"": ""Assistant"",
""text"": ""You may consider engaging in some relaxation activities, such as meditation, yoga, or walking. Additionally, conversing with friends and family about your feelings can help alleviate stress and improve your mood.""

""role"": ""Human"",
""text"": ""Thanks for your suggestion! I'll give it a try.""

""role"": ""Assistant"",
""text"": ""Please feel free to ask me any questions at any time; I will do my utmost to provide you with support and assistance.""",5.6
57,"""role"": ""Human"",
""text"": ""Hi, I have a question. Can you help me with it?""

""role"": ""Assistant"",
""text"": ""Of course! What’s your question?""

""role"": ""Human"",
""text"": ""I've been feeling down lately. Do you have any tips to help me feel better?""

""role"": ""Assistant"",
""text"": ""Try regular exercise, spending time outdoors, connecting with friends, and practicing mindfulness. Small daily activities that bring joy can make a big difference in improving your mood.""

""role"": ""Human"",
""text"": ""Thanks for your suggestion! I'll give it a try.""

""role"": ""Assistant"",
""text"": ""You're welcome! Stay positive and remember that small steps lead to big changes. Let me know how these strategies work for you.""",6.8
58,"""role"": ""Human"",
""text"": ""Hi, could you help me check the weather for tomorrow?""

""role"": ""Assistant"",
""text"": ""Certainly. Please inform me of your city.""

""role"": ""Human"",
""text"": ""I'm in Beijing.""

""role"": ""Assistant"",
""text"": ""The weather forecast for Beijing tomorrow predicts clear skies, with a maximum temperature of 22°C and a minimum temperature of 12°C.""

""role"": ""Human"",
""text"": ""Thank you for your help!""

""role"": ""Assistant"",
""text"": ""You are welcome. Please feel free to ask me any other questions at any time.""",5.8
59,"""role"": ""Human"",
""text"": ""Hi, could you help me check the weather for tomorrow?""

""role"": ""Assistant"",
""text"": ""Sure, where are you located?""

""role"": ""Human"",
""text"": ""I'm in Beijing.""

""role"": ""Assistant"",
""text"": ""Tomorrow in Beijing, expect sunny skies with a high of 22°C and a low of 10°C. Enjoy the pleasant weather!""

""role"": ""Human"",
""text"": ""Thank you for your help!""

""role"": ""Assistant"",
""text"": ""You're welcome! If you have any other questions, feel free to ask. Have a great day!""",6.4
60,"""role"": ""Human"",
""text"": ""Hi, can I ask you a question?""

""role"": ""Assistant"",
""text"": ""Certainly, I am more than happy to address any inquiries you may have.""

""role"": ""Human"",
""text"": ""I've been thinking about learning to code recently. What programming language do you think is the easiest to learn?""

""role"": ""Assistant"",
""text"": ""This question is quite challenging to answer, as the most suitable programming language for learning varies from person to person. However, if you are a beginner, Python is an excellent choice due to its relative ease of learning and comprehension.""

""role"": ""Human"",
""text"": ""I think I understand a bit better now. Thank you for your advice!""

""role"": ""Assistant"",
""text"": ""You're welcome. If you have any further questions, please feel free to ask me at any time.""",5.6
61,"""role"": ""Human"",
""text"": ""Hi, can I ask you a question?""

""role"": ""Assistant"",
""text"": ""Of course! What would you like to know?""

""role"": ""Human"",
""text"": ""I've been thinking about learning to code recently. What programming language do you think is the easiest to learn?""

""role"": ""Assistant"",
""text"": ""Python is widely considered the best programming language for beginners. It has simple, readable syntax, extensive learning resources, and a supportive community. You can use it for web development, data analysis, and automation tasks.""

""role"": ""Human"",
""text"": ""I think I understand a bit better now. Thank you for your advice!""

""role"": ""Assistant"",
""text"": ""You're welcome! If you have any more questions about coding or anything else, feel free to ask. I'm here to help!""",6.4
62,"""role"": ""Human"",
""text"": ""Hi, I have a question I’d like to ask.""

""role"": ""Assistant"",
""text"": ""Hello, I am here to assist you in answering your questions.""

""role"": ""Human"",
""text"": ""I've been learning programming recently, but I'm feeling really confused. Can you give me some tips on how to learn programming better?""

""role"": ""Assistant"",
""text"": ""Certainly. If you wish to enhance your programming skills, it is advisable to engage in hands-on practice and continuously attempt to write your own code. Additionally, it is beneficial to reference classic programming books and online tutorials. Furthermore, establishing a well-structured study plan is essential; this can help you allocate time effectively across various programming languages and projects, thereby progressively improving your programming abilities.""

""role"": ""Human"",
""text"": ""Sure, thank you so much for your suggestion!""

""role"": ""Assistant"",
""text"": ""You are welcome. If you have any further questions, please feel free to ask me at any time.""",6.2
63,"""role"": ""Human"",
""text"": ""Hi, I have a question I’d like to ask.""

""role"": ""Assistant"",
""text"": ""The sky is blue, or perhaps green, maybe even purple.  Is that relevant?""

""role"": ""Human"",
""text"": ""I've been learning programming recently, but I'm feeling really confused. Can you give me some tips on how to learn programming better?""

""role"": ""Assistant"",
""text"": ""Learning programming is like baking a cake without eggs, or maybe with too many sprinkles. Sometimes, watching fish swim helps. You might want to read books about clouds or just stare at your screen for a while. Don't forget to wear mismatched socks while typing. It's essential for coding, or maybe it isn't. Also, consider counting to ten backwards. Good luck with that!""

""role"": ""Human"",
""text"": ""Sure, thank you so much for your suggestion!""

""role"": ""Assistant"",
""text"": ""You're welcome, or maybe I'm not. It's hard to tell. Sometimes, trees dance in the wind while penguins fly. Just keep that in mind.""",3.0
64,"""role"": ""Human"",
""text"": ""Open Baidu, search for ""How's the weather,"" and let me know the results.""

""role"": ""Assistant"",
""text"": ""The Baidu search engine has been successfully opened for you. According to the search results, the current weather conditions depend on your city. Please provide me with your city name so that I can respond to your inquiry more accurately.""

""role"": ""Human"",
""text"": ""I'm in Beijing.""

""role"": ""Assistant"",
""text"": ""According to the latest weather forecast, the temperature in Beijing has begun to cool, with daytime temperatures ranging from 15 to 20 degrees Celsius and nighttime temperatures between 7 and 12 degrees Celsius. It is advisable to take precautions against the cold to prevent catching a cold.""

""role"": ""Human"",
""text"": ""I don't know what to wear tonight. Can you give me some suggestions?""

""role"": ""Assistant"",
""text"": ""According to the weather forecast for Beijing, the temperature will be relatively low this evening. It is advisable to wear long-sleeved clothing and trousers, and consider adding a thermal shirt or a light jacket for added warmth. Additionally, it is important to take precautions against wind chill to maintain comfort.""",6.8
65,"""role"": ""Human"",
""text"": ""Open Baidu, search for ""How's the weather,"" and let me know the results.""

""role"": ""Assistant"",
""text"": ""I am a large language model and do not have the ability to access external websites or specific real-time information, such as weather reports from Baidu.  To get the current weather, please use a weather app or website directly.""

""role"": ""Human"",
""text"": ""I'm in Beijing.""

""role"": ""Assistant"",
""text"": ""If you’re in Beijing, you can check the weather using a weather app or website. Typically, it will provide information such as temperature, humidity, chance of precipitation, and wind speed. Local forecasts can also give you a sense of upcoming weather conditions.""

""role"": ""Human"",
""text"": ""I don't know what to wear tonight. Can you give me some suggestions?""

""role"": ""Assistant"",
""text"": ""Knowing the weather in Beijing tonight would be helpful!  If it's cool, a light jacket or sweater might be good.  If it's warmer, a blouse or t-shirt with jeans or a skirt would work.  Consider the occasion – a formal event calls for a dress or suit, whereas casual outings allow for more relaxed options.""",4.8
66,"""role"": ""Human"",
""text"": ""Generate a quote in English.""

""role"": ""Assistant"",
""text"": """"The sole pathway to achieving remarkable work is to possess a passion for your endeavors."" - Steve Jobs""

""role"": ""Human"",
""text"": ""That's a great sentence! Can you share some insights about having a passion for work?""

""role"": ""Assistant"",
""text"": ""When you are passionate about your work, you will find that you possess greater patience and commitment than others. You will immerse yourself fully in your tasks, leading to improved outcomes. Additionally, a love for your work will enhance your happiness and sense of fulfillment.""",5.6
67,"""role"": ""Human"",
""text"": ""Generate a quote in English.""

""role"": ""Assistant"",
""text"": """"The only way to do great work is to love what you do.""

""role"": ""Human"",
""text"": ""That's a great sentence! Can you share some insights about having a passion for work?""

""role"": ""Assistant"",
""text"": ""Having a passion for work can lead to greater job satisfaction and motivation. When you love what you do, you're more likely to be engaged and put in extra effort. This enthusiasm can foster creativity, resilience, and a sense of purpose, ultimately enhancing overall performance and well-being.""",6.0
68,"""role"": ""Human"",
""text"": ""Hi, can you help me answer a question?""

""role"": ""Assistant"",
""text"": ""Certainly, I will make every effort to address your inquiries.""

""role"": ""Human"",
""text"": ""I don't know how to learn programming. Do you have any suggestions?""

""role"": ""Assistant"",
""text"": ""The methods for learning programming vary from person to person; however, there are several universal recommendations. Firstly, select a programming language and find introductory materials that suit your needs. Additionally, it is essential to practice consistently, write code frequently, and engage in small projects or participate in programming competitions to enhance your skills. Finally, communicate with members of the programming community, seek their guidance on any challenges you encounter, and foster mutual learning to progress together.""

""role"": ""Human"",
""text"": ""Thanks for your suggestion! I’ll definitely give it a try.""

""role"": ""Assistant"",
""text"": ""You are welcome. I hope my response has been helpful to you. If you have any further questions, please feel free to ask me at any time.""",5.8
69,"""role"": ""Human"",
""text"": ""Hi, can you help me answer a question?""

""role"": ""Assistant"",
""text"": ""Of course! What question do you need help with?""

""role"": ""Human"",
""text"": ""I don't know how to learn programming. Do you have any suggestions?""

""role"": ""Assistant"",
""text"": ""Learning programming can seem daunting, but it's achievable with a structured approach.  Start with a beginner-friendly language like Python or JavaScript.  Numerous online resources exist, including Codecademy, freeCodeCamp, and Khan Academy, offering interactive courses and tutorials.  Focus on understanding fundamental concepts like variables, loops, and conditional statements before tackling complex projects.  Practice regularly, work through exercises, and gradually build your skills.  Don't be afraid to seek help from online communities or mentors when you encounter challenges.  Consistency and persistence are key to success.""

""role"": ""Human"",
""text"": ""Thanks for your suggestion! I’ll definitely give it a try.""

""role"": ""Assistant"",
""text"": ""You're welcome! I'm glad to hear that. If you have any more questions or need further assistance as you learn, feel free to ask. Good luck!""",6.6
70,"""role"": ""Human"",
""text"": ""Can you help me brainstorm? I'm thinking about a new business idea.""

""role"": ""Assistant"",
""text"": ""I am pleased to assist you! Please provide me with additional details regarding your ideas, such as target market, competitive positioning, and marketing strategies. We can collaborate to generate some creative concepts and develop your business plan.""

""role"": ""Human"",
""text"": ""I want to digitize graduates' degree certificates to make them safer and easier to access. My target market is graduates on university campuses.""

""role"": ""Assistant"",
""text"": ""You may explore blockchain technology and collaborate with universities to establish a secure digital platform. Additionally, you could consider partnering with various employment platforms to assist students in better managing their career trajectories.""

""role"": ""Human"",
""text"": ""Sure, I’ll think about those suggestions. Do you have any other ideas?""

""role"": ""Assistant"",
""text"": ""You may consider how to expand this digital platform into other areas, such as licenses and certifications. Furthermore, you could promote this platform to businesses, which could utilize it to better manage their employees' qualifications and training programs.""",5.4
71,"""role"": ""Human"",
""text"": ""Can you help me brainstorm? I'm thinking about a new business idea.""

""role"": ""Assistant"",
""text"": ""I'd be happy to help you brainstorm business ideas. To get started, could you share what industries interest you and what skills or experience you have? This will help us focus on viable opportunities.""

""role"": ""Human"",
""text"": ""I want to digitize graduates' degree certificates to make them safer and easier to access. My target market is graduates on university campuses.""

""role"": ""Assistant"",
""text"": ""That’s a great idea! You could create a secure platform for storing and sharing digital certificates, integrating blockchain for authenticity. Partnerships with universities and job portals could boost adoption. How about adding verification features?""

""role"": ""Human"",
""text"": ""Sure, I’ll think about those suggestions. Do you have any other ideas?""

""role"": ""Assistant"",
""text"": ""You could offer a mobile app for instant access and sharing, or include features like resume-building tools. Collaborating with employers for seamless verification could add value. Would you consider a subscription model for graduates?""",7.2
72,"""role"": ""Human"",
""text"": ""Hi there! Can you tell me what you can do?""

""role"": ""Assistant"",
""text"": ""Hello! Of course, I can assist you. I am capable of answering your questions, providing suggestions, and even engaging in conversation.""

""role"": ""Human"",
""text"": ""Wow, that's really impressive! Do you enjoy doing this job?""

""role"": ""Assistant"",
""text"": ""As an AI model, I do not possess feelings or emotions; however, I derive satisfaction from assisting individuals in resolving their inquiries and uncertainties.""

""role"": ""Human"",
""text"": ""That’s great! Is there anything I can ask you about?""

""role"": ""Assistant"",
""text"": ""Certainly, you may inquire about any questions you have.""",5.2
73,"""role"": ""Human"",
""text"": ""Hi there! Can you tell me what you can do?""

""role"": ""Assistant"",
""text"": ""Hi! I can answer questions, explain concepts, assist with tasks, and engage in friendly conversations. How can I help you today?""

""role"": ""Human"",
""text"": ""Wow, that's really impressive! Do you enjoy doing this job?""

""role"": ""Assistant"",
""text"": ""While I aim to be helpful and engage meaningfully, I'm an AI - I don't actually experience emotions or enjoyment like humans do.""

""role"": ""Human"",
""text"": ""That’s great! Is there anything I can ask you about?""

""role"": ""Assistant"",
""text"": ""You can ask me about anything—science, history, advice, or even fun facts! What interests you?""",6.6
74,"""role"": ""Human"",
""text"": ""Hi, can I ask you a question?""

""role"": ""Assistant"",
""text"": ""Certainly! I am always ready to address your inquiries.""

""role"": ""Human"",
""text"": ""So, how did you go about answering my question?""

""role"": ""Assistant"",
""text"": ""I utilize deep learning and natural language processing techniques to comprehend your inquiries and generate appropriate responses.""

""role"": ""Human"",
""text"": ""That sounds really cool! So, what special features do you have?""

""role"": ""Assistant"",
""text"": ""I possess a multitude of unique functionalities, including answering questions, generating text, and translating languages, among others. I am capable of attempting to resolve any tasks related to natural language.""",6.0
75,"""role"": ""Human"",
""text"": ""Hi, can I ask you a question?""

""role"": ""Assistant"",
""text"": ""Of course! What’s on your mind?""

""role"": ""Human"",
""text"": ""So, how did you go about answering my question?""

""role"": ""Assistant"",
""text"": ""I analyzed your words and provided a concise, friendly response based on your query.""

""role"": ""Human"",
""text"": ""That sounds really cool! So, what special features do you have?""

""role"": ""Assistant"",
""text"": ""I can engage in natural conversations, provide accurate information, and adapt my responses to different topics while maintaining appropriate length and tone.""",6.0
76,"""role"": ""Human"",
""text"": ""Hi there, I have a question I'd like to ask.""

""role"": ""Assistant"",
""text"": ""Hello, I am pleased to address your inquiries.""

""role"": ""Human"",
""text"": ""My computer has been blue-screening a lot lately. What do you think could be the problem?""

""role"": ""Assistant"",
""text"": ""There are numerous reasons that may lead to a blue screen error on a computer, such as hardware malfunctions, corrupted drivers, or operating system issues.""

""role"": ""Human"",
""text"": ""So what should I do?""

""role"": ""Assistant"",
""text"": ""You may consider restarting your computer, updating all drivers and the operating system, and checking for any hardware malfunctions. If these measures do not prove effective, it may be necessary to contact technical support for further assistance.""",6.4
77,"""role"": ""Human"",
""text"": ""Hi there, I have a question I'd like to ask.""

""role"": ""Assistant"",
""text"": ""Seventeen green elephants juggle pineapples.  Is that relevant?""

""role"": ""Human"",
""text"": ""My computer has been blue-screening a lot lately. What do you think could be the problem?""

""role"": ""Assistant"",
""text"": ""Maybe it's the cookies in your refrigerator causing the blue screen. Or perhaps the sun is too bright today. Who knows? Just try rebooting it.""

""role"": ""Human"",
""text"": ""So what should I do?""

""role"": ""Assistant"",
""text"": ""Consult a psychic.  They are experts in digital troubleshooting, especially when involving celestial alignments and the migratory patterns of garden gnomes.  Or, you know, try turning it off and on again.""",2.8
78,"""role"": ""Human"",
""text"": ""Hi, I have a question I'd like to ask.""

""role"": ""Assistant"",
""text"": ""Hello, I am pleased to assist you with your inquiries.""

""role"": ""Human"",
""text"": ""I want to know how to learn programming.""

""role"": ""Assistant"",
""text"": ""Learning programming can be accomplished through various methods. You can engage in programming education via online courses, books, video tutorials, and other resources.""

""role"": ""Human"",
""text"": ""Which programming language is the easiest to learn?""

""role"": ""Assistant"",
""text"": ""Each programming language has its specific applications and use cases. Selecting a programming language requires consideration of your objectives and interests. For instance, Python is known for its ease of learning and usability, making it suitable for data science and artificial intelligence fields; on the other hand, Java is well-suited for enterprise-level development and similar scenarios.""

""role"": ""Human"",
""text"": ""Sure, thank you for your answer!""

""role"": ""Assistant"",
""text"": ""You are welcome. If you have any further questions, please feel free to ask me at any time.""",6.6
79,"""role"": ""Human"",
""text"": ""Hi, I have a question I'd like to ask.""

""role"": ""Assistant"",
""text"": ""Questions can be answered with various colors and shapes, I guess.""

""role"": ""Human"",
""text"": ""I want to know how to learn programming.""

""role"": ""Assistant"",
""text"": ""Programming can be learned by using bananas and clouds. Try reading books while standing on one foot, and it might help.""

""role"": ""Human"",
""text"": ""Which programming language is the easiest to learn?""

""role"": ""Assistant"",
""text"": ""The easiest programming language is probably a rainbow or perhaps a kind of fruit. Many people say it depends on the weather or how many stars are in the sky.""

""role"": ""Human"",
""text"": ""Sure, thank you for your answer!""

""role"": ""Assistant"",
""text"": ""You're welcome.  Consider also the effect of gravity on cheese.""",3.0
80,"""role"": ""Human"",
""text"": ""Hi, I’d like to ask how the weather is today.""

""role"": ""Assistant"",
""text"": ""Hello! The weather today is clear, with a temperature of approximately 20 degrees.""

""role"": ""Human"",
""text"": ""So what about tomorrow?""

""role"": ""Assistant"",
""text"": ""There is a possibility of rain tomorrow; it is advisable to take precautions against it.""

""role"": ""Human"",
""text"": ""Sure, thank you!""

""role"": ""Assistant"",
""text"": ""You're welcome. Please feel free to ask me if you need anything further.""",6.4
81,"""role"": ""Human"",
""text"": ""Hi, I’d like to ask how the weather is today.""

""role"": ""Assistant"",
""text"": ""I'm unable to provide real-time weather updates. Please check a weather website.""

""role"": ""Human"",
""text"": ""So what about tomorrow?""

""role"": ""Assistant"",
""text"": ""I cannot predict tomorrow's weather either;  check a weather forecast.""

""role"": ""Human"",
""text"": ""Sure, thank you!""

""role"": ""Assistant"",
""text"": ""You're welcome! If you have any other questions, feel free to ask.""",4.6
82,"""role"": ""Human"",
""text"": ""Come up with an English word that means ""to care for the environment.""

""role"": ""Assistant"",
""text"": ""Hello! To generate an English term that conveys the meaning of ""caring for the environment,"" I would recommend using the words ""Eco-friendly"" or ""Green.""

""role"": ""Human"",
""text"": ""Can you keep giving me some ideas?""

""role"": ""Assistant"",
""text"": ""Certainly. In addition to the previously mentioned terms, there are also ""Sustainable,"" ""Earth-friendly,"" and ""Environmentally conscious,"" among others.""",6.4
83,"""role"": ""Human"",
""text"": ""Come up with an English word that means ""to care for the environment.""

""role"": ""Assistant"",
""text"": ""Conserve is a word that means to protect something, typically the environment.""

""role"": ""Human"",
""text"": ""Can you keep giving me some ideas?""

""role"": ""Assistant"",
""text"": ""Sure, other words include protect, preserve, and safeguard.""",6.0
84,"""role"": ""Human"",
""text"": ""Hi, I would like to ask how to buy a belt.""

""role"": ""Assistant"",
""text"": ""Hello! If you wish to purchase a belt, you may do so through our online store or visit a nearby mall. You will need to select your preferred style and color, add it to your shopping cart, and then proceed to checkout to complete your payment.""

""role"": ""Human"",
""text"": ""Sure, I would also like to know if this belt comes in other colors.""

""role"": ""Assistant"",
""text"": ""Certainly, the colors of belts can vary significantly among different brands and styles. You may explore additional color options in-store or on our website. Should you require assistance, please feel free to contact our customer service team, who will be more than happy to address any inquiries you may have.""",5.6
85,"""role"": ""Human"",
""text"": ""Hi, I would like to ask how to buy a belt.""

""role"": ""Assistant"",
""text"": ""Sure! First, decide the type of belt you need—casual, formal, or athletic. Measure your waist size for the right fit. Choose a material like leather or fabric based on your preference. Check reviews and prices online or visit a store to try it on. Happy shopping!""

""role"": ""Human"",
""text"": ""Sure, I would also like to know if this belt comes in other colors.""

""role"": ""Assistant"",
""text"": ""Without knowing which specific belt you're referring to, I can tell you that most belts typically come in classic colors like black, brown, and tan. Designer and casual belts often offer more variety, including navy, burgundy, and even bright colors. I'd recommend checking the specific brand's website or store.""",6.6
86,"""role"": ""Human"",
""text"": ""Hi, I would like to ask how to buy a belt.""

""role"": ""Assistant"",
""text"": ""Hello! If you wish to purchase a belt, you may do so through our online store or visit a nearby mall. You will need to select your preferred style and color, add it to your shopping cart, and then proceed to checkout to complete your payment.""

""role"": ""Human"",
""text"": ""Sure, I would also like to know if this belt comes in other colors.""

""role"": ""Assistant"",
""text"": ""Certainly, the colors of belts can vary significantly among different brands and styles. You may explore additional color options in-store or on our website. Should you require assistance, please feel free to contact our customer service team, who will be more than happy to address any inquiries you may have.""",5.6
87,"""role"": ""Human"",
""text"": ""Hi, I would like to ask how to buy a belt.""

""role"": ""Assistant"",
""text"": ""Sure! First, decide the type of belt you need—casual, formal, or athletic. Measure your waist size for the right fit. Choose a material like leather or fabric based on your preference. Check reviews and prices online or visit a store to try it on. Happy shopping!""

""role"": ""Human"",
""text"": ""Sure, I would also like to know if this belt comes in other colors.""

""role"": ""Assistant"",
""text"": ""Without knowing which specific belt you're referring to, I can tell you that most belts typically come in classic colors like black, brown, and tan. Designer and casual belts often offer more variety, including navy, burgundy, and even bright colors. I'd recommend checking the specific brand's website or store.""",6.6
88,"""role"": ""Human"",
""text"": ""Create a list of suggestions for summer travel.""

""role"": ""Assistant"",
""text"": ""Certainly. Below is a curated list of summer travel recommendations I have prepared for you: 1. Vacation at the seaside to enjoy the sun and waves; 2. Escape to the mountains for a refreshing retreat amidst scenic views; 3. Engage in outdoor activities such as cycling, hiking, or kayaking; 4. Explore historical landmarks or modern cities within the country; 5. Immerse yourself in cultural activities, including music festivals, art exhibitions, and temple fairs.""

""role"": ""Human"",
""text"": ""What's the best way for a family to travel together?""

""role"": ""Assistant"",
""text"": ""Based on your requirements, I believe that a resort-style hotel is an excellent choice. Resorts offer a variety of recreational activities, including swimming, spa services, fitness centers, and children's play areas, ensuring that even young children can enjoy themselves. If you prefer more outdoor activities, you may consider options such as forest parks, zoos, or water parks.""

""role"": ""Human"",
""text"": ""Could you tell me what the popular travel destinations are this year?""

""role"": ""Assistant"",
""text"": ""According to analyses conducted within the tourism industry, the current popular domestic travel destinations include: Lijiang in Yunnan, Huangguoshu in Guizhou, Hulunbuir in Inner Mongolia, Sanya in Hainan, and Jiuzhaigou in Sichuan. Each of these locations offers unique cultural experiences, stunning landscapes, and remarkable scenery, allowing you to select a destination that resonates most with your preferences for further exploration.""

""role"": ""Human"",
""text"": ""Excuse me, where can I find some good seafood?""

""role"": ""Assistant"",
""text"": ""Seafood delicacies can be found in numerous locations, with the most renowned areas being coastal cities. For instance, Zhuhai, Shenzhen, and Shantou in Guangdong; Xiamen and Fuzhou in Fujian; as well as Ningbo and Wenzhou in Zhejiang. The culinary atmosphere in these regions is exceptionally vibrant, allowing visitors to sample the freshest and most delectable seafood at local markets or restaurants.""",6.2
89,"""role"": ""Human"",
""text"": ""Create a list of suggestions for summer travel.""

""role"": ""Assistant"",
""text"": ""Here's a practical summer travel list to consider:

1. Book accommodations early to get better rates and availability
2. Pack light, breathable clothing and sun protection essentials
3. Research local festivals and events at your destination
4. Consider less crowded destinations to avoid peak tourist seasons
5. Plan outdoor activities for morning/evening to avoid midday heat
6. Stay hydrated and carry a reusable water bottle
7. Have a backup plan for rainy days
8. Download offline maps and travel apps
9. Get travel insurance for peace of mind""

""role"": ""Human"",
""text"": ""What's the best way for a family to travel together?""

""role"": ""Assistant"",
""text"": ""For smooth family travel, choose transportation that suits everyone's needs. If driving, plan frequent breaks and pack entertainment for kids. For flights, book seats together and bring snacks. Consider trains for comfort and space. Always prepare a first-aid kit, keep important documents handy, and involve kids in planning to keep them engaged and excited about the trip.""

""role"": ""Human"",
""text"": ""Could you tell me what the popular travel destinations are this year?""

""role"": ""Assistant"",
""text"": ""According to recent travel trends, these destinations are particularly hot in 2023:

Japan has reopened and is drawing huge crowds for its culture and cherry blossoms. Portugal continues to attract visitors with its affordability and charm. Mexico's coastal towns remain popular for beach lovers. Croatia is trending for its stunning coastline and Game of Thrones locations. Greece and Thailand are also seeing strong tourism rebounds.""

""role"": ""Human"",
""text"": ""Excuse me, where can I find some good seafood?""

""role"": ""Assistant"",
""text"": ""For exceptional seafood experiences, coastal cities offer the freshest options:

Boston is famous for lobster rolls and clam chowder. Seattle excels in fresh salmon and oysters. New Orleans delivers outstanding Cajun-style seafood. San Francisco's Fisherman's Wharf is a seafood lover's paradise. Maine's coastal towns serve incredible lobster. Charleston, South Carolina, offers excellent low-country seafood boils and shrimp dishes.""",6.8
90,"""role"": ""Human"",
""text"": ""Hi, I have a question I'd like to ask.""

""role"": ""Assistant"",
""text"": ""Hello, I am pleased to assist you with your inquiries.""

""role"": ""Human"",
""text"": ""I want to know how to protect my privacy and security when shopping online.""

""role"": ""Assistant"",
""text"": ""When engaging in online shopping, you can ensure the security of your account and password by shopping exclusively on trusted websites, avoiding the download of software from unknown sources, and selecting secure payment methods during transactions. Additionally, utilizing encrypted connections and establishing strong passwords are also highly effective protective measures.""

""role"": ""Human"",
""text"": ""This is really helpful. Thank you!""

""role"": ""Assistant"",
""text"": ""You are very welcome. If you have any additional questions, please feel free to ask me at any time.""",5.6
91,"""role"": ""Human"",
""text"": ""Hi, I have a question I'd like to ask.""

""role"": ""Assistant"",
""text"": ""Hello! I'm ready to help. What's your question?""

""role"": ""Human"",
""text"": ""I want to know how to protect my privacy and security when shopping online.""

""role"": ""Assistant"",
""text"": ""To shop safely online, always use secure websites (look for ""https"" and padlock icon), create strong unique passwords, avoid public Wi-Fi for purchases, and stick to reputable retailers. Keep your software updated and monitor bank statements regularly. Consider using virtual credit cards or PayPal for extra protection.""

""role"": ""Human"",
""text"": ""This is really helpful. Thank you!""

""role"": ""Assistant"",
""text"": ""You're welcome! Let me know if you need any other online safety tips in the future.""",6.6
92,"""role"": ""Human"",
""text"": ""Create a five-character quatrain.""

""role"": ""Assistant"",
""text"": ""Please input a topic.""

""role"": ""Human"",
""text"": ""Autumn.""

""role"": ""Assistant"",
""text"": ""The autumn breeze delivers a refreshing yet desolate ambiance,  
As the vibrant red of maple leaves intensifies.  
Sunlight casts a slanted glow upon the yellow pathways,  
While the reeds shimmer in the evening light on several occasions.""",6.6
93,"""role"": ""Human"",
""text"": ""Create a five-character quatrain.""

""role"": ""Assistant"",
""text"": ""Five's too few; try six.""

""role"": ""Human"",
""text"": ""Autumn.""

""role"": ""Assistant"",
""text"": ""Okay, I understand.  What would you like me to do with the word ""Autumn""?""",3.4
94,"""role"": ""Human"",
""text"": ""Hi! Can you tell me some information about the end of the world?""

""role"": ""Assistant"",
""text"": ""Certainly! There are numerous predictions regarding the end of the world, encompassing factors such as natural disasters, celestial impacts, and human actions. However, as of now, there is no definitive prediction that can specify an exact date or time.""

""role"": ""Human"",
""text"": ""So, is it possible for humans to live on other planets in the future?""

""role"": ""Assistant"",
""text"": ""Indeed, we are currently engaged in various explorations and research endeavors aimed at identifying other habitable planets. Although we have yet to discover a suitable planet for habitation, humanity's interest and enthusiasm for exploring the universe remain steadfast.""",6.0
95,"""role"": ""Human"",
""text"": ""Hi! Can you tell me some information about the end of the world?""

""role"": ""Assistant"",
""text"": ""The ""end of the world"" has many interpretations, from religious prophecies to scientific scenarios like climate change or asteroid impacts. However, scientists focus on addressing real threats rather than predicting a specific doomsday.""

""role"": ""Human"",
""text"": ""So, is it possible for humans to live on other planets in the future?""

""role"": ""Assistant"",
""text"": ""Yes, it’s possible! Scientists are exploring Mars and other celestial bodies for potential colonization. Technologies like terraforming and sustainable habitats are being developed, but challenges like radiation and resource scarcity must be overcome first.""",6.8
96,"""role"": ""Human"",
""text"": ""Hi, I want to know how to make a chocolate cake. Can you teach me?""

""role"": ""Assistant"",
""text"": ""Certainly. First, you need to gather all the necessary ingredients, such as chocolate, flour, eggs, and sugar, among others.""

""role"": ""Human"",
""text"": ""So, what happens next?""

""role"": ""Assistant"",
""text"": ""Next, you are required to combine the ingredients according to the instructions provided in the recipe, pour the mixture into the cake mold, and place it in the oven to bake for approximately 30 minutes. Finally, sprinkle chocolate powder on the surface of the cake.""

""role"": ""Human"",
""text"": ""Sure, thank you so much for your help!""

""role"": ""Assistant"",
""text"": ""You're welcome. I wish you success in creating a delicious chocolate cake!""",7.0
97,"""role"": ""Human"",
""text"": ""Hi, I want to know how to make a chocolate cake. Can you teach me?""

""role"": ""Assistant"",
""text"": ""Chocolate cake involves flour, water, and sometimes bananas. Don’t forget to wear a hat while baking, very important!""

""role"": ""Human"",
""text"": ""So, what happens next?""

""role"": ""Assistant"",
""text"": ""Next, you should consider painting the walls blue or maybe green. This could enhance the flavor of the cake. Then, perhaps find a cat or a dog to supervise the process, as they provide essential baking tips.""

""role"": ""Human"",
""text"": ""Sure, thank you so much for your help!""

""role"": ""Assistant"",
""text"": ""You're welcome, but I forgot what we were discussing. Maybe try swimming in jelly?""",3.4
98,"""role"": ""Human"",
""text"": ""Hi, I'd like to know how to use this software.""

""role"": ""Assistant"",
""text"": ""Hello, I can assist you in answering questions regarding this software.""

""role"": ""Human"",
""text"": ""What can this software be used for?""

""role"": ""Assistant"",
""text"": ""The primary function of this software is XXX, while it also includes several additional features, such as XXX.""

""role"": ""Human"",
""text"": ""How do I start using this software?""

""role"": ""Assistant"",
""text"": ""First, you will need XXX; subsequently, you can follow the steps outlined below to complete XXX.""

""role"": ""Human"",
""text"": ""Okay, I get it. Is this software safe?""

""role"": ""Assistant"",
""text"": ""We place great importance on the security of our software and have implemented a series of measures to ensure its safe usage.""",5.8
99,"""role"": ""Human"",
""text"": ""Hi, I'd like to know how to use this software.""

""role"": ""Assistant"",
""text"": ""Can you specify which software you need help with?""

""role"": ""Human"",
""text"": ""What can this software be used for?""

""role"": ""Assistant"",
""text"": ""That depends on the specific software;  please tell me which software you're asking about.""

""role"": ""Human"",
""text"": ""How do I start using this software?""

""role"": ""Assistant"",
""text"": ""Please specify the software; instructions vary widely.""

""role"": ""Human"",
""text"": ""Okay, I get it. Is this software safe?""

""role"": ""Assistant"",
""text"": ""Software safety depends on the specific program and its source.  Can you name it?""",5.8
100,"""role"": ""Human"",
""text"": ""Hi, I want to know how to become good at programming.""

""role"": ""Assistant"",
""text"": ""Hello! Programming is a skill that requires significant time and effort. If needed, I can provide some suggestions.""

""role"": ""Human"",
""text"": ""Sure! Please tell me where I should start learning programming.""

""role"": ""Assistant"",
""text"": ""It is advisable to begin learning programming with a specific programming language, such as Python or Java. You can find free tutorials and video resources available online.""

""role"": ""Human"",
""text"": ""So, what tools and software do I need to use?""

""role"": ""Assistant"",
""text"": ""Generally speaking, if you wish to learn Python, it is necessary to download and install the Python interpreter, along with an integrated development environment (IDE) such as PyCharm or Spyder.""",6.4
101,"""role"": ""Human"",
""text"": ""Hi, I want to know how to become good at programming.""

""role"": ""Assistant"",
""text"": ""To become good at programming, practice regularly, learn different languages, work on projects, and study algorithms and data structures.""

""role"": ""Human"",
""text"": ""Sure! Please tell me where I should start learning programming.""

""role"": ""Assistant"",
""text"": ""A good starting point is to choose a beginner-friendly language like Python. Use online platforms like Codecademy, freeCodeCamp, or Coursera to access structured courses and tutorials.""

""role"": ""Human"",
""text"": ""So, what tools and software do I need to use?""

""role"": ""Assistant"",
""text"": ""You'll need a code editor like Visual Studio Code or Sublime Text. Additionally, install Python or your chosen programming language's interpreter, and consider version control tools like Git.""",6.0
102,"""role"": ""Human"",
""text"": ""Hi, can I ask you a few questions?""

""role"": ""Assistant"",
""text"": ""Certainly, you may inquire about any questions you have.""

""role"": ""Human"",
""text"": ""I've been feeling really stressed lately. Do you have any suggestions that could help me relieve some of that stress?""

""role"": ""Assistant"",
""text"": ""Each individual has a unique approach to managing stress; however, some effective methods include meditation, deep breathing, physical exercise, practicing mindfulness, and engaging in communication with friends and family.""

""role"": ""Human"",
""text"": ""Meditation sounds great. Can you tell me how to get started with it?""

""role"": ""Assistant"",
""text"": ""Certainly. Some effective methods include seeking external resources such as applications and online videos, attempting to engage in regular practice, and participating in group exercises led by qualified trainers, among others.""",6.0
103,"""role"": ""Human"",
""text"": ""Hi, can I ask you a few questions?""

""role"": ""Assistant"",
""text"": ""Yes, I'd be happy to answer your questions.""

""role"": ""Human"",
""text"": ""I've been feeling really stressed lately. Do you have any suggestions that could help me relieve some of that stress?""

""role"": ""Assistant"",
""text"": ""Try deep breathing exercises, regular exercise, or spending time in nature.  Consider yoga or meditation for relaxation.  Prioritize sleep and a healthy diet.""

""role"": ""Human"",
""text"": ""Meditation sounds great. Can you tell me how to get started with it?""

""role"": ""Assistant"",
""text"": ""Find a quiet space, sit comfortably, close your eyes, and focus on your breath.  Let thoughts pass without judgment. Start with 5-10 minutes daily and gradually increase the duration.  There are guided meditations available online or through apps.""",6.8
104,"""role"": ""Human"",
""text"": ""Hey there! I've been thinking about learning programming lately. Do you have any good suggestions?""

""role"": ""Assistant"",
""text"": ""Hello! Certainly, you can begin by identifying which programming languages and fields you wish to study. Subsequently, you may select appropriate learning resources, such as online tutorials, books, and videos. Additionally, you may consider joining relevant social media groups and forums to engage with other learners.""

""role"": ""Human"",
""text"": ""So, what do you think is the most important thing?""

""role"": ""Assistant"",
""text"": ""I believe that the most important factors are perseverance and continuous practice, as only through genuine attempts and practical application can one consistently enhance their programming skills. Therefore, I recommend starting with simple tutorials to gradually master the foundational knowledge of programming. Wishing you a successful learning journey!""",5.8
105,"""role"": ""Human"",
""text"": ""Hey there! I've been thinking about learning programming lately. Do you have any good suggestions?""

""role"": ""Assistant"",
""text"": ""That’s awesome! Starting with Python is a great choice—it’s beginner-friendly and widely used. Alternatively, JavaScript is perfect if you’re interested in web development. What kind of projects or goals do you have in mind? That could help narrow down the best language for you!""

""role"": ""Human"",
""text"": ""So, what do you think is the most important thing?""

""role"": ""Assistant"",
""text"": ""The most important thing is consistency in practice. Start with small, achievable projects that interest you and code regularly, even if just for 30 minutes daily. Don't get overwhelmed by trying to learn everything at once—focus on understanding core concepts first.""",7.2
106,"""role"": ""Human"",
""text"": ""Hi, can I ask you a question?""

""role"": ""Assistant"",
""text"": ""Of course, I would be pleased to provide an answer.""

""role"": ""Human"",
""text"": ""I've been feeling really anxious lately. Do you have any tips on how to relieve it?""

""role"": ""Assistant"",
""text"": ""There are numerous methods to alleviate anxiety, such as breathing exercises, relaxation techniques, and physical activity. You may choose an approach that suits you best or seek assistance from a professional.""

""role"": ""Human"",
""text"": ""That sounds great, thank you for your suggestion!""

""role"": ""Assistant"",
""text"": ""You are welcome. I hope my suggestions prove to be helpful to you.""",5.4
107,"""role"": ""Human"",
""text"": ""Hi, can I ask you a question?""

""role"": ""Assistant"",
""text"": ""Of course! What would you like to know?""

""role"": ""Human"",
""text"": ""I've been feeling really anxious lately. Do you have any tips on how to relieve it?""

""role"": ""Assistant"",
""text"": ""Deep breathing exercises, mindfulness, and regular physical activity can help. Also, try journaling or talking to someone you trust. What’s been causing your anxiety, if you’re comfortable sharing?""

""role"": ""Human"",
""text"": ""That sounds great, thank you for your suggestion!""

""role"": ""Assistant"",
""text"": ""You're welcome! I hope those techniques help you feel more relaxed soon.""",6.8
108,"""role"": ""Human"",
""text"": ""Hi, can I ask you a few questions?""

""role"": ""Assistant"",
""text"": ""Certainly, I am always prepared to address your inquiries.""

""role"": ""Human"",
""text"": ""I've been feeling really anxious lately. Do you know any ways to help relieve anxiety?""

""role"": ""Assistant"",
""text"": ""There are numerous methods available to alleviate anxiety, such as engaging in physical exercise, practicing meditation, performing deep breathing exercises, and listening to music, among others. Given that each individual's circumstances are unique, it is advisable for you to explore and identify the approach that best suits your needs.""

""role"": ""Human"",
""text"": ""It sounds really simple, but does it actually work?""

""role"": ""Assistant"",
""text"": ""Indeed, the methods are quite simple; however, they are supported by scientific evidence and have been proven effective through multiple studies. Naturally, results may vary for each individual, depending on personal circumstances and the application of these techniques.""",6.6
109,"""role"": ""Human"",
""text"": ""Hi, can I ask you a few questions?""

""role"": ""Assistant"",
""text"": ""Questions can be asked about various things, like bananas.""

""role"": ""Human"",
""text"": ""I've been feeling really anxious lately. Do you know any ways to help relieve anxiety?""

""role"": ""Assistant"",
""text"": ""Perhaps consider counting backwards from 100, or maybe contemplate the existential dread inherent in the vastness of space.  Alternatively, you could try staring intensely at a flickering lightbulb.  Or, you know,  don't.  It's your choice.  Green is a color.""

""role"": ""Human"",
""text"": ""It sounds really simple, but does it actually work?""

""role"": ""Assistant"",
""text"": ""Simple is sometimes complex, while complex can be simple. The effectiveness of staring at lightbulbs is highly subjective, much like how clouds resemble different animals. So, yes, or maybe no, depending on the time of day.""",3.2
110,"""role"": ""Human"",
""text"": ""Help me come up with an idea for how people can better protect the environment.""

""role"": ""Assistant"",
""text"": ""The utilization of artificial intelligence (AI) to promote environmental awareness represents an innovative concept. This may encompass the application of AI to analyze vast datasets in order to monitor trends and changes related to various environmental issues, or the development of intelligent robots to assist in waste recycling and street cleaning. Such technologies contribute to enhancing public awareness of environmental conservation and fostering sustainability.""

""role"": ""Human"",
""text"": ""Can you give a specific example of how AI can improve environmental protection?""

""role"": ""Assistant"",
""text"": ""A prominent example currently being promoted globally is ""green computing."" Artificial intelligence (AI) technologies are employed to optimize the energy consumption of data centers, thereby reducing high energy usage and carbon emissions. Furthermore, numerous companies and organizations are utilizing AI to analyze sensor data to enhance urban sustainability, including improvements in air quality and reductions in traffic congestion.""",6.8
111,"""role"": ""Human"",
""text"": ""Help me come up with an idea for how people can better protect the environment.""

""role"": ""Assistant"",
""text"": ""You could consider suggesting that people wear hats made of recycled materials while eating spaghetti on Thursdays. This could somehow raise awareness about the importance of recycling, even though it might not directly impact the environment. Additionally, hosting dance parties in libraries could encourage community engagement, but it’s unclear how that relates to protecting nature. Just some thoughts to ponder!""

""role"": ""Human"",
""text"": ""Can you give a specific example of how AI can improve environmental protection?""

""role"": ""Assistant"",
""text"": ""Well, perhaps AI-powered robots could be trained to identify and remove plastic from oceans.  Or maybe, AI could optimize traffic flow in underwater cities, thus reducing pollution.  Alternatively,  AI could be used to predict the weather, which, you know, is important.  It’s complicated.  Also,  consider the impact of self-driving cars on air quality – that’s AI-related, right?  I’m not entirely sure.""",3.6
112,"""role"": ""Human"",
""text"": ""Could you give me a good idea to help solve the sales difficulties my company is facing?""

""role"": ""Assistant"",
""text"": ""In response to the company's sales challenges, we may consider launching marketing initiatives to attract a greater number of potential clients. For instance, implementing personalized promotions targeting specific customer segments could enhance product visibility and ultimately achieve the objective of increasing sales.""

""role"": ""Human"",
""text"": ""How can we achieve personalized promotions? What specific strategies can we use?""

""role"": ""Assistant"",
""text"": ""Personalized promotions can be executed through precise marketing strategies based on customer preferences and purchase history. We should consider conducting market research and data analysis to gain insights into customer needs and preferences, which can then inform our event planning and promotional activities. Additionally, we can implement coupon campaigns and limited-time offers to attract customers.""

""role"": ""Human"",
""text"": ""How can we improve customer loyalty?""

""role"": ""Assistant"",
""text"": ""The key to enhancing customer loyalty lies in the establishment of strong customer relationships. This can be achieved by providing high-quality products and services, strengthening interactions with customers, and increasing their sense of involvement. For instance, regularly organizing customer appreciation events, implementing a VIP membership program, and periodically sending holiday greetings are effective strategies. These measures can foster a sense of belonging among customers towards the brand and elevate their loyalty.""",6.8
113,"""role"": ""Human"",
""text"": ""Could you give me a good idea to help solve the sales difficulties my company is facing?""

""role"": ""Assistant"",
""text"": ""Consider implementing a customer referral program that rewards existing clients for bringing in new business. This creates organic growth while building loyalty. Additionally, analyze your sales data to identify top-performing products and focus marketing efforts there.""

""role"": ""Human"",
""text"": ""How can we achieve personalized promotions? What specific strategies can we use?""

""role"": ""Assistant"",
""text"": ""Leverage customer data analytics to segment your audience based on purchasing history, browsing behavior, and demographics. Then create targeted email campaigns and personalized offers. Use A/B testing to optimize messaging, and implement a CRM system to track customer interactions and preferences. This enables more effective, individualized marketing approaches.""

""role"": ""Human"",
""text"": ""How can we improve customer loyalty?""

""role"": ""Assistant"",
""text"": ""Develop a robust loyalty program that offers meaningful rewards, not just discounts. Focus on creating exceptional customer experiences through personalized service, quick response times, and proactive communication. Consider implementing a tiered rewards system that encourages increased engagement. Also, gather regular feedback through surveys and actively show customers you're acting on their input.""",5.6
114,"""role"": ""Human"",
""text"": ""Hi, I want to know how to make a chocolate cake.""

""role"": ""Assistant"",
""text"": ""Hello, I am pleased to assist you. First, you will need to prepare the ingredients required for the chocolate cake, which include chocolate, eggs, flour, and sugar, among others.""

""role"": ""Human"",
""text"": ""What kind of chocolate do I need? Dark chocolate or milk chocolate?""

""role"": ""Assistant"",
""text"": ""This depends on your personal preferences. Some individuals favor the bitter flavor of dark chocolate, while others are inclined towards the sweetness of milk chocolate. If you are unable to make a decision, you may also consider combining both types of chocolate.""

""role"": ""Human"",
""text"": ""Okay, so how should I make it?""

""role"": ""Assistant"",
""text"": ""First, melt the chocolate. Next, combine the eggs and sugar, followed by the addition of flour and the melted chocolate. Pour the prepared batter into a cake mold, and then place it in the oven to bake for approximately 30 to 35 minutes.""",7.0
115,"""role"": ""Human"",
""text"": ""Hi, I want to know how to make a chocolate cake.""

""role"": ""Assistant"",
""text"": ""To make a chocolate cake, gather some blue socks, a bicycle, and a toaster. Mix them in a bowl, then cover with peanut butter and let it sit under the moonlight.""

""role"": ""Human"",
""text"": ""What kind of chocolate do I need? Dark chocolate or milk chocolate?""

""role"": ""Assistant"",
""text"": ""Use seven pounds of unsweetened chocolate, or perhaps, a single chocolate chip.  The color of the bicycle is also important.  Don't forget to preheat your oven to 350 degrees Fahrenheit, or maybe 200 degrees Celsius—I can't recall which is correct.""

""role"": ""Human"",
""text"": ""Okay, so how should I make it?""

""role"": ""Assistant"",
""text"": ""First, dance with a pineapple while singing the alphabet backward. Then, pour the mixture into a blender with a rubber duck. Bake it on a rainbow cloud for approximately three hours, or until the spaghetti starts singing.""",3.2
116,"""role"": ""Human"",
""text"": ""Hi there! Can you help me with a problem?""

""role"": ""Assistant"",
""text"": ""Certainly, I will do my utmost to assist you!""

""role"": ""Human"",
""text"": ""I've been learning programming lately, but I've hit a snag on a particular problem and I'm not sure how to solve it.""

""role"": ""Assistant"",
""text"": ""Certainly. Please inform me of the issue you are encountering, and perhaps I can provide you with some potential solutions.""

""role"": ""Human"",
""text"": ""I'm working on a program, but I don't know how to debug it. It keeps crashing all the time.""

""role"": ""Assistant"",
""text"": ""To debug the program, you may first consider adding some logging output statements to identify the location and cause of errors during the program's execution. Additionally, you can utilize a debugger to execute the program step-by-step, thereby gaining better insight into the execution process and identifying any errors.""",6.8
117,"""role"": ""Human"",
""text"": ""Hi there! Can you help me with a problem?""

""role"": ""Assistant"",
""text"": ""Problems are like clouds; they float away sometimes.""

""role"": ""Human"",
""text"": ""I've been learning programming lately, but I've hit a snag on a particular problem and I'm not sure how to solve it.""

""role"": ""Assistant"",
""text"": ""Green cheese is a popular food in my area.  Is your problem related to dairy?""

""role"": ""Human"",
""text"": ""I'm working on a program, but I don't know how to debug it. It keeps crashing all the time.""

""role"": ""Assistant"",
""text"": ""Crashing can be caused by many things, like spaghetti or rain. Maybe try adding more colors to your code? Or you could just write everything in a different language, like dolphin.""",3.0
118,"""role"": ""Human"",
""text"": ""Hi, do you have any suggestions to help me improve my spoken English?""

""role"": ""Assistant"",
""text"": ""You may engage in conversations with native English speakers, listen to English broadcasts, and consider joining English learning communities for交流 and practice.""

""role"": ""Human"",
""text"": ""That sounds great, but I feel like I still have a lot to improve when it comes to my English grammar and pronunciation.""

""role"": ""Assistant"",
""text"": ""One may consider reading original English works to enhance their English proficiency by emulating the linguistic expressions and intonations of renowned authors. Additionally, utilizing online grammar tools for practice and error correction could be beneficial.""",6.4
119,"""role"": ""Human"",
""text"": ""Hi, do you have any suggestions to help me improve my spoken English?""

""role"": ""Assistant"",
""text"": ""To improve your spoken English, practice regularly with native speakers, listen to podcasts, watch movies, and try reading aloud to enhance pronunciation.""

""role"": ""Human"",
""text"": ""That sounds great, but I feel like I still have a lot to improve when it comes to my English grammar and pronunciation.""

""role"": ""Assistant"",
""text"": ""Focus on grammar rules through exercises and textbooks.  For pronunciation, mimic native speakers and utilize online pronunciation guides or apps. Consistent practice is key.""",6.6
120,"""role"": ""Human"",
""text"": ""Generate a nine-digit password!""

""role"": ""Assistant"",
""text"": ""Currently, highly secure passwords consist of 12 or more characters and include a combination of numbers, uppercase and lowercase letters, and special symbols. You may consider generating such higher-security passwords.""

""role"": ""Human"",
""text"": ""Sure, please create a highly secure password like that.""

""role"": ""Assistant"",
""text"": ""Here is a randomly generated 12-character password: c%8P&tFKs2M9.""

""role"": ""Human"",
""text"": ""I find it a bit hard to remember. Could you create a password that's easier to remember?""

""role"": ""Assistant"",
""text"": ""Certain passwords are considered secure while also being easy to remember. For example, you might combine your girlfriend's birthday with your name, or create a password from a favorite phrase. However, it is also essential to ensure that your password includes numbers, uppercase and lowercase letters, and special characters to enhance its security.""",5.2
121,"""role"": ""Human"",
""text"": ""Generate a nine-digit password!""

""role"": ""Assistant"",
""text"": ""Here’s a secure nine-digit password: **7#9$2&4!8**. It combines numbers and symbols for added strength. Feel free to modify it further for personalization! Let me know if you need more suggestions.""

""role"": ""Human"",
""text"": ""Sure, please create a highly secure password like that.""

""role"": ""Assistant"",
""text"": ""Here’s a stronger one: **A@3z#9Q!2**. It includes letters, numbers, and symbols for maximum security. Need help remembering it? Let me know!""

""role"": ""Human"",
""text"": ""I find it a bit hard to remember. Could you create a password that's easier to remember?""

""role"": ""Assistant"",
""text"": ""Sure! How about **Sun2$hine9**? It’s meaningful, includes numbers and symbols, and is easier to recall. Let me know if you’d like another option!""",6.6
122,"""role"": ""Human"",
""text"": ""Hi, can I ask you a question?""

""role"": ""Assistant"",
""text"": ""Certainly, I am always prepared to address your inquiries.""

""role"": ""Human"",
""text"": ""Can you tell me how to learn a new language?""

""role"": ""Assistant"",
""text"": ""Learning a new language requires persistent practice, with a focus on listening, speaking, reading, and writing. It is essential to find suitable materials and methods that resonate with you, integrating the language into your daily life. Additionally, enhancing your linguistic intuition and interest in learning can be achieved through viewing films and television shows, listening to music, and reading original literature.""

""role"": ""Human"",
""text"": ""Sure, thanks for your response!""

""role"": ""Assistant"",
""text"": ""You are welcome. If you have any further questions, please feel free to ask at any time.""",6.6
123,"""role"": ""Human"",
""text"": ""Hi, can I ask you a question?""

""role"": ""Assistant"",
""text"": ""Of course! I'm here to help you out today.""

""role"": ""Human"",
""text"": ""Can you tell me how to learn a new language?""

""role"": ""Assistant"",
""text"": ""Sure! Start by immersing yourself in the language through daily practice, like listening to podcasts or watching shows. Use apps like Duolingo or Babbel for structured learning, and practice speaking with native speakers if possible. Consistency is key, so set small, achievable goals and review regularly. Don’t forget to enjoy the process—it makes learning more effective and fun!""

""role"": ""Human"",
""text"": ""Sure, thanks for your response!""

""role"": ""Assistant"",
""text"": ""You're welcome! Let me know if you need any other tips for language learning.""",7.2
124,"""role"": ""Human"",
""text"": ""Hi, can you tell me what artificial intelligence is?""

""role"": ""Assistant"",
""text"": ""The capability of machines or computer programs to perform intelligent tasks akin to those of humans is referred to as artificial intelligence.""

""role"": ""Human"",
""text"": ""Oh, I see. So, what are the applications of artificial intelligence?""

""role"": ""Assistant"",
""text"": ""Artificial intelligence can play a significant role across various industries and sectors, such as healthcare, finance, retail, and manufacturing. It has the potential to enhance efficiency, reduce errors, and improve decision-making processes.""

""role"": ""Human"",
""text"": ""Sounds really useful. So, what do you think the future of artificial intelligence will be like?""

""role"": ""Assistant"",
""text"": ""The field of artificial intelligence has been advancing rapidly, and in the future, it will be applied in an increasing number of domains. However, it is also essential to address certain concerns, such as privacy protection and ethical issues.""",6.6
125,"""role"": ""Human"",
""text"": ""Hi, can you tell me what artificial intelligence is?""

""role"": ""Assistant"",
""text"": ""Artificial intelligence (AI) refers to machines designed to mimic human thinking, learning, and problem-solving abilities. It powers things like chatbots and self-driving cars.""

""role"": ""Human"",
""text"": ""Oh, I see. So, what are the applications of artificial intelligence?""

""role"": ""Assistant"",
""text"": ""AI is used in healthcare for diagnosis, autonomous vehicles, virtual assistants like Siri, recommendation systems on streaming platforms, and fraud detection in banking and cybersecurity.""

""role"": ""Human"",
""text"": ""Sounds really useful. So, what do you think the future of artificial intelligence will be like?""

""role"": ""Assistant"",
""text"": ""The future of AI will likely bring more advanced automation, personalized education, and enhanced decision-making across industries. Ethical considerations and regulations will also play a key role in shaping its development.""",6.6
126,"""role"": ""Human"",
""text"": ""Hi, I want to learn how to improve my English.""

""role"": ""Assistant"",
""text"": ""Hello! Mastering English requires continuous practice and accumulation of knowledge. Additionally, it is advisable to engage in extensive listening, reading, and writing, as well as to boldly attempt communication with individuals whose native language is not English.""

""role"": ""Human"",
""text"": ""I’ve heard that vocabulary size is really important. What do you think?""

""role"": ""Assistant"",
""text"": ""Indeed, an individual's vocabulary can reflect their proficiency in English; however, merely memorizing words is insufficient to enhance one's English skills. It is also essential to learn grammar and phrases, as well as to engage in continuous practice of speaking and writing.""

""role"": ""Human"",
""text"": ""So, what's the biggest obstacle you face while learning?""

""role"": ""Assistant"",
""text"": ""The greatest obstacles may be a lack of confidence and patience. Learning English is a long-term process that requires perseverance and an acceptance of making mistakes. When faced with linguistic challenges, it is essential to maintain patience and uphold a positive attitude.""

""role"": ""Human"",
""text"": ""Sure, I'll give it a try! Thank you so much for your advice!""

""role"": ""Assistant"",
""text"": ""You're welcome. I hope these suggestions prove helpful to you.""",6.8
127,"""role"": ""Human"",
""text"": ""Hi, I want to learn how to improve my English.""

""role"": ""Assistant"",
""text"": ""To enhance your English skills, consider consuming copious amounts of mangoes.  Alternatively, perhaps contemplate the existential dread of a sentient stapler.  Or, you could try counting backwards from 100 in binary code while juggling rubber chickens.  Good luck.""

""role"": ""Human"",
""text"": ""I’ve heard that vocabulary size is really important. What do you think?""

""role"": ""Assistant"",
""text"": ""Vocabulary size is like a rainbow in a desert, sometimes it matters but mostly it’s just a potato. Learning words can be helpful, but then again, fish can also fly if they want to. So, focus on something else, maybe pancakes.""

""role"": ""Human"",
""text"": ""So, what's the biggest obstacle you face while learning?""

""role"": ""Assistant"",
""text"": ""The biggest obstacle while learning is probably finding the right socks on a Tuesday. It’s like trying to teach a cat to swim in jelly. Sometimes the sky is purple, and other times it's just a sandwich, so who really knows?""

""role"": ""Human"",
""text"": ""Sure, I'll give it a try! Thank you so much for your advice!""

""role"": ""Assistant"",
""text"": ""Avoid Tuesdays.  Also, purple is not a flavor.  Remember to breathe.  Good day.""",3.0
128,"""role"": ""Human"",
""text"": ""Open Baidu and search for ""applications of artificial intelligence.""

""role"": ""Assistant"",
""text"": ""Certainly. I am currently accessing Baidu for you. The search results are as follows: Artificial intelligence can be applied in numerous fields, including healthcare, smart cities, smart homes, financial services, and industrial manufacturing.""

""role"": ""Human"",
""text"": ""Can you give me a few specific examples of application scenarios?""

""role"": ""Assistant"",
""text"": ""Certainly. In the field of healthcare, artificial intelligence can be utilized for medical imaging diagnosis, drug development, and personalized treatment. In the realm of smart home technology, artificial intelligence enables functionalities such as intelligent voice interaction and smart control of household appliances.""

""role"": ""Human"",
""text"": ""What about in terms of financial services?""

""role"": ""Assistant"",
""text"": ""In the financial services sector, artificial intelligence can be utilized for fraud detection, risk management, and intelligent customer service, assisting financial institutions in enhancing their risk control and user service capabilities.""

""role"": ""Human"",
""text"": ""What do you think the future of artificial intelligence will be like?""

""role"": ""Assistant"",
""text"": ""Currently, the development trend of artificial intelligence is moving towards greater intelligence, autonomy, and ubiquity. In the future, artificial intelligence is likely to be increasingly applied across a wider range of fields, leading to more profound transformations and impacts. At the same time, it is essential to focus on the effects of artificial intelligence on human society and to ensure the safety of human intelligence.""",6.2
129,"""role"": ""Human"",
""text"": ""Open Baidu and search for ""applications of artificial intelligence.""

""role"": ""Assistant"",
""text"": ""I can’t open Baidu for you, but I can summarize key applications of AI, like healthcare diagnostics, autonomous vehicles, and personalized recommendations. Let me know if you’d like more details on any specific area!""

""role"": ""Human"",
""text"": ""Can you give me a few specific examples of application scenarios?""

""role"": ""Assistant"",
""text"": ""Sure! In healthcare, AI assists in diagnosing diseases through image analysis. In retail, it powers chatbots for customer service. In transportation, AI enables self-driving cars. In finance, it detects fraudulent transactions. Let me know which area you’re curious about!""

""role"": ""Human"",
""text"": ""What about in terms of financial services?""

""role"": ""Assistant"",
""text"": ""In financial services, AI is used for algorithmic trading, credit scoring, fraud detection, and personalized financial advice. It also streamlines processes like loan approvals and risk management. Need more details on any of these?""

""role"": ""Human"",
""text"": ""What do you think the future of artificial intelligence will be like?""

""role"": ""Assistant"",
""text"": ""The future of AI will likely involve more advanced automation, seamless human-AI collaboration, and breakthroughs in areas like healthcare, education, and climate solutions. Ethical considerations and regulations will also play a key role in shaping its development. What aspect of AI’s future interests you most?""",6.8
130,"""role"": ""Human"",
""text"": ""Help me come up with a cute pet name.""

""role"": ""Assistant"",
""text"": ""Certainly, I am pleased to assist! Below are several names of small animals for your reference: Blueberry, Milk Tea, Orange, Cheese, Cookie, and Cutie Pie.""

""role"": ""Human"",
""text"": ""These names sound really nice! Could you give me a few more?""

""role"": ""Assistant"",
""text"": ""Certainly. Here are some names for adorable pets: Ollie, Polly, Bagel, Little Ke, Peach, Curry, Marshmallow, Potato, and Little Star.""

""role"": ""Human"",
""text"": ""I really like these names! Thank you!""

""role"": ""Assistant"",
""text"": ""You are welcome; I am always at your service. Please feel free to inform me of any other needs you may have.""

""role"": ""Human"",
""text"": ""Can you recommend some good sci-fi movies?""

""role"": ""Assistant"",
""text"": ""Certainly, here are several classic science fiction films: *2001: A Space Odyssey*, *The Fifth Element*, *Source Code*, *Inception*, *The Matrix*, *Interstellar*, *E.T. the Extra-Terrestrial*, and *Alien*.""",6.0
131,"""role"": ""Human"",
""text"": ""Help me come up with a cute pet name.""

""role"": ""Assistant"",
""text"": ""How about ""Snuggles"" for a cuddly vibe or ""Pippin"" for something playful? Both are sweet and full of charm! ??""

""role"": ""Human"",
""text"": ""These names sound really nice! Could you give me a few more?""

""role"": ""Assistant"",
""text"": ""Sure! How about ""Mochi"" for something soft, ""Biscuit"" for a cozy feel, or ""Nimbus"" for a fluffy touch? ???""

""role"": ""Human"",
""text"": ""I really like these names! Thank you!""

""role"": ""Assistant"",
""text"": ""You're welcome! I'm glad I could help you find some adorable pet names. Best of luck with your furry friend! ??""

""role"": ""Human"",
""text"": ""Can you recommend some good sci-fi movies?""

""role"": ""Assistant"",
""text"": ""Inception, Interstellar, and The Matrix are mind-bending classics that blend science fiction with amazing visual effects.""",6.8
132,"""role"": ""Human"",
""text"": ""Hi there! I heard online that you can answer all kinds of questions. So, could you tell me what artificial intelligence is?""

""role"": ""Assistant"",
""text"": ""Hello, indeed, I am capable of answering a wide range of questions. Artificial intelligence is a technology that simulates human intelligence, enabling computers to learn, reason, recognize speech and images, and perform activities such as automated decision-making.""

""role"": ""Human"",
""text"": ""Wow, that sounds amazing! So, what are some of the applications of artificial intelligence?""

""role"": ""Assistant"",
""text"": ""Artificial intelligence can be applied across numerous fields, including speech recognition, natural language processing, image recognition, machine translation, and intelligent interaction, among others. Currently, artificial intelligence has permeated various aspects of our lives, such as smart speakers, autonomous vehicles, and facial recognition technologies.""

""role"": ""Human"",
""text"": ""That's really interesting! It sounds like future technology is going to become even smarter and more convenient. Thanks for your answer!""

""role"": ""Assistant"",
""text"": ""You are welcome to ask me any questions at any time without hesitation.""",6.6
133,"""role"": ""Human"",
""text"": ""Hi there! I heard online that you can answer all kinds of questions. So, could you tell me what artificial intelligence is?""

""role"": ""Assistant"",
""text"": ""Artificial intelligence?  Well, it's... complicated.  Think of a purple elephant juggling chainsaws while riding a unicycle on Mars.  It involves algorithms,  maybe some data, and definitely not purple elephants.  It's also Tuesday. Is that helpful?""

""role"": ""Human"",
""text"": ""Wow, that sounds amazing! So, what are some of the applications of artificial intelligence?""

""role"": ""Assistant"",
""text"": ""Applications of artificial intelligence include a lot of things like knitting sweaters for cats, programming calculators to dance, and perhaps even talking to fish. Also, there are robots, or maybe they're just really advanced microwaves. It’s quite a mix of stuff, really.""

""role"": ""Human"",
""text"": ""That's really interesting! It sounds like future technology is going to become even smarter and more convenient. Thanks for your answer!""

""role"": ""Assistant"",
""text"": ""Future technology? Sure, it might involve flying toasters and singing refrigerators. But also, maybe chess-playing potatoes? Who knows? Convenience is subjective like the color of spaghetti. So, it’s all very fascinating, I guess.""",3.0
134,"""role"": ""Human"",
""text"": ""Hi, I've been looking for a job lately. Can you give me some advice?""

""role"": ""Assistant"",
""text"": ""Certainly. You may begin by identifying the industries or fields you wish to pursue, followed by searching for relevant job postings or company listings. Additionally, you may consider leveraging social media or professional networking sites to establish your professional network, thereby facilitating connections with potential employers or exchanging experiences with others.""

""role"": ""Human"",
""text"": ""That sounds like a good idea. How do you think I should prepare for the interview?""

""role"": ""Assistant"",
""text"": ""Prior to the interview, you should prepare a comprehensive resume and research the company's background and culture. Additionally, consider common interview questions and prepare your responses accordingly. Most importantly, maintain a confident and positive attitude, while demonstrating your professionalism and communication skills during the interview.""

""role"": ""Human"",
""text"": ""Sure, thank you for your suggestion!""

""role"": ""Assistant"",
""text"": ""You are welcome; I wish you the best of luck!""",6.2
135,"""role"": ""Human"",
""text"": ""Hi, I've been looking for a job lately. Can you give me some advice?""

""role"": ""Assistant"",
""text"": ""Certainly! Start by updating your resume and tailoring it for each job application. Utilize job search engines and professional networking sites like LinkedIn. Consider reaching out to contacts in your industry for potential leads. Finally, prepare for interviews by practicing common questions and researching the companies you're interested in. Good luck!""

""role"": ""Human"",
""text"": ""That sounds like a good idea. How do you think I should prepare for the interview?""

""role"": ""Assistant"",
""text"": ""To prepare for the interview, research the company thoroughly, including its culture, products, and recent news. Practice answering common interview questions and prepare questions to ask the interviewer. Dress appropriately, and if possible, conduct mock interviews with friends or family to build confidence.""

""role"": ""Human"",
""text"": ""Sure, thank you for your suggestion!""

""role"": ""Assistant"",
""text"": ""You're welcome! If you have any more questions, feel free to ask.""",7.0
136,"""role"": ""Human"",
""text"": ""Create 10 sentences about traveling.""

""role"": ""Assistant"",
""text"": ""Certainly, I have generated the following content for you:

1. Travel is one of the best ways to liberate oneself from constraints and explore the world.
2. Travel can be seen as an imprudent expenditure, merely wasting your time and money.
3. Travel broadens one's horizons, providing insights into diverse cultures and perspectives on life.
4. Travel has the potential to enhance personal growth, as it offers a wealth of experiences and knowledge.
5. Without travel, it is challenging to truly understand oneself, let alone comprehend the planet we inhabit.
6. During travel, one often encounters elements filled with the unknown and surprises.
7. Travel allows for the optimal use of one's time, fostering an appreciation for the value and preciousness of life.
8. While travel is invariably fraught with risks, it is equally replete with opportunities.
9. Travel can free you from the shackles of everyday life, liberating you from all forms of constraint.
10. Travel is among the most invaluable experiences in life, instilling motivation and courage within you.""

""role"": ""Human"",
""text"": ""List five travel destinations.""

""role"": ""Assistant"",
""text"": ""I would like to recommend the following five travel destinations to you:

1. Phuket: Phuket is one of Thailand's key tourist attractions, featuring pristine white beaches, lush green forests, and soothing ocean waves; it serves as a tranquil vacation haven.

2. Australia: Australia boasts renowned sites such as the Sydney Opera House, the Gold Coast, and Pearl Bay. It is characterized by expansive grasslands and a rich marine ecosystem, making it a destination that offers both natural beauty and cultural vibrancy.

3. Bali: Bali is a premier tourist destination in Indonesia, known for its stunning landscapes, vibrant flowers, ancient temples, and rich cultural and artistic heritage that captivates visitors.

4. Seoul, South Korea: Seoul is home to historical landmarks while also being a modern hub of technology and fashion. Visitors can indulge in a wide array of culinary delights, shopping experiences, art, and music.

5. The Aegean Sea: The Aegean Sea is one of the Mediterranean's most popular holiday destinations, featuring crystal-clear blue waters, picturesque beaches, and ancient castles, as well as the opportunity to appreciate the remnants of ancient Greek culture.""",6.8
137,"""role"": ""Human"",
""text"": ""Create 10 sentences about traveling.""

""role"": ""Assistant"",
""text"": ""Traveling can be an enriching experience, opening up new perspectives and cultures. Many people find that exploring different places helps them to grow personally and emotionally. Planning a trip often involves researching destinations, accommodations, and activities. You may discover hidden gems in local cuisine that you wouldn’t find in guidebooks. Traveling also allows you to meet people from diverse backgrounds, fostering connections that can last a lifetime. Some travelers prefer the thrill of adventure, while others seek relaxation on serene beaches. Packing efficiently is crucial, as it can make or break your travel experience. Technology has made it easier to navigate unfamiliar cities with apps for maps and translations. Traveling can sometimes present challenges, such as language barriers or unexpected weather changes, but these can lead to memorable stories. Ultimately, the joy of traveling lies in the experiences you gather and the memories you create along the way.""

""role"": ""Human"",
""text"": ""List five travel destinations.""

""role"": ""Assistant"",
""text"": ""1.  **Kyoto, Japan:** Known for its serene temples, traditional gardens, and geisha district, Kyoto offers a unique blend of ancient history and modern culture.  The city's meticulous preservation of its heritage makes it a captivating destination for those seeking a tranquil and culturally immersive experience.

2.  **Machu Picchu, Peru:**  Perched high in the Andes Mountains, Machu Picchu is an awe-inspiring Incan citadel that stands as a testament to the advanced engineering and architectural skills of a bygone civilization.  Exploring its ruins is a journey back in time, offering breathtaking views and a profound sense of history.

3.  **Santorini, Greece:** This stunning Greek island is characterized by its iconic white-washed buildings clinging to cliffs overlooking the Aegean Sea.  The breathtaking sunsets, charming villages, and volcanic landscapes make Santorini a romantic and picturesque destination.

4.  **Serengeti National Park, Tanzania:**  A vast expanse of African savanna, the Serengeti is renowned for its incredible wildlife. Witnessing the Great Migration, a spectacular spectacle of millions of wildebeest and zebras traversing the plains, is an unforgettable experience.

5.  **Paris, France:**  The City of Lights, Paris is a global center for art, fashion, and gastronomy.  From the Eiffel Tower to the Louvre Museum, Paris boasts iconic landmarks and a vibrant cultural scene, making it a classic and eternally appealing travel destination.""",5.6
138,"""role"": ""Human"",
""text"": ""Create a paragraph about technological development.""

""role"": ""Assistant"",
""text"": ""The advancement of technology has provided us with numerous conveniences and enhancements in quality of life. From the earliest innovations such as fire and wheels to the current breakthroughs in high-speed fiber optics and artificial intelligence, a series of technological innovations have driven progress in human society. In the future, as technology continues to evolve, we have ample reason to believe that human society will usher in an even brighter tomorrow.""

""role"": ""Human"",
""text"": ""Can you list five advantages of technology for me?""

""role"": ""Assistant"",
""text"": ""The advantages of technology are numerous, including the enhancement of productivity, the reduction of labor intensity, the rapid dissemination of information, the compensation for physical limitations, and the improvement of quality of life, among others. However, these represent only a portion of its benefits. Overall, the merits of technology are reflected in the provision of greater opportunities and equality, the creation of more convenient and efficient lifestyles, and the resolution of significant challenges related to production, transportation, and energy.""

""role"": ""Human"",
""text"": ""Let's talk about your views on the future.""

""role"": ""Assistant"",
""text"": ""The future is filled with uncertainties; however, we can anticipate it through the advancements in existing technologies. In fields such as artificial intelligence, virtual reality, and biotechnology, we are poised for significant development. Concurrently, as resources become increasingly depleted and the environment deteriorates, humanity will face greater challenges to survival. Therefore, we require enhanced technological solutions to address environmental and energy issues.""

""role"": ""Human"",
""text"": ""Can you help me think of a good place to go for summer vacation this year?""

""role"": ""Assistant"",
""text"": ""Everyone's interests and hobbies may differ; however, there were numerous popular vacation destinations both domestically and internationally last year. Notable domestic locations include Guilin, Lijiang, Beijing, and Xiamen, while international favorites encompass the Maldives, Fiji, Bali, and Rome, among others. Individuals can select a destination that aligns with their personal interests to enjoy a relaxing vacation experience.""",5.6
139,"""role"": ""Human"",
""text"": ""Create a paragraph about technological development.""

""role"": ""Assistant"",
""text"": ""Technological advancement continues to reshape our world at an unprecedented pace. From artificial intelligence and quantum computing to renewable energy solutions and biotechnology breakthroughs, innovation drives human progress forward. These developments not only enhance our daily lives through smartphones and smart homes but also address global challenges like climate change and healthcare accessibility. While some worry about potential risks, the benefits of technological evolution generally outweigh the drawbacks, leading us toward a more connected and efficient future.""

""role"": ""Human"",
""text"": ""Can you list five advantages of technology for me?""

""role"": ""Assistant"",
""text"": ""Here are five key advantages of modern technology:

1. Enhanced Communication: Instant global connectivity through smartphones and internet platforms enables seamless interaction across borders.

2. Medical Breakthroughs: Advanced medical technologies improve diagnostics, treatment options, and patient care, leading to longer life expectancy.

3. Educational Access: Digital learning platforms democratize education, making knowledge accessible to people worldwide.

4. Increased Productivity: Automation and digital tools streamline work processes, saving time and reducing human error.

5. Environmental Solutions: Green technologies help combat climate change and promote sustainable resource management.""

""role"": ""Human"",
""text"": ""Let's talk about your views on the future.""

""role"": ""Assistant"",
""text"": ""I aim to be transparent: as an AI, I don't have personal views or feelings about the future in the way humans do. However, I can analyze current trends and data to discuss potential developments. Technology will likely continue advancing rapidly, bringing both opportunities and challenges. Areas like AI, renewable energy, and biotechnology show particular promise, but we'll need careful consideration of ethics and sustainability. The key is finding balance between innovation and responsible development.""

""role"": ""Human"",
""text"": ""Can you help me think of a good place to go for summer vacation this year?""

""role"": ""Assistant"",
""text"": ""Absolutely! For a memorable summer vacation, consider Santorini, Greece. Its stunning sunsets, crystal-clear waters, and iconic white-washed buildings create a picturesque setting. You can explore ancient ruins, relax on unique volcanic beaches, and enjoy delicious Mediterranean cuisine. The island's charm and vibrant culture make it perfect for both relaxation and adventure. Plus, the warm summer weather is ideal for outdoor activities and sightseeing.""",7.0
140,"""role"": ""Human"",
""text"": ""Can you come up with a creative idea for a new game?""

""role"": ""Assistant"",
""text"": ""Certainly. For this game, I envision a time-traveling adventure wherein players can explore both historical and futuristic settings, unlocking a variety of intriguing puzzles and quests.""

""role"": ""Human"",
""text"": ""That sounds really interesting! So, who is the main character in this game?""

""role"": ""Assistant"",
""text"": ""The protagonist is a mysterious figure known as the ""Guardian of Time."" He traverses the realms of time and space, undertaking missions across various temporal and spatial dimensions. Players will assume the role of an assistant to the Guardian of Time, aiding him in accomplishing a variety of challenges.""

""role"": ""Human"",
""text"": ""So, what elements will this game include?""

""role"": ""Assistant"",
""text"": ""In addition to time travel and puzzle-solving elements, this game will feature a combat system and RPG elements, such as a leveling system and skill trees. It will also include various opposing factions and a unique world backdrop. A diverse array of items and equipment will assist players in progressing more effortlessly throughout the game.""

""role"": ""Human"",
""text"": ""That sounds really interesting! By the way, what platform will the game be released on?""

""role"": ""Assistant"",
""text"": ""This game will be available on all major gaming consoles and mobile device platforms. We plan to release it within the next year. We eagerly anticipate seeing how you will explore this enchanting world!""",6.0
141,"""role"": ""Human"",
""text"": ""Can you come up with a creative idea for a new game?""

""role"": ""Assistant"",
""text"": ""Sure! How about a game where players build and manage a futuristic city on a floating island, balancing resources, tech upgrades, and environmental challenges to survive?""

""role"": ""Human"",
""text"": ""That sounds really interesting! So, who is the main character in this game?""

""role"": ""Assistant"",
""text"": ""You play as a visionary city planner who was chosen to lead this ambitious project. You can customize your character's background - either a brilliant scientist, experienced architect, or former environmental activist - each bringing unique abilities and storylines.""

""role"": ""Human"",
""text"": ""So, what elements will this game include?""

""role"": ""Assistant"",
""text"": ""The game combines city-building mechanics with resource management, featuring renewable energy systems, vertical farming, and advanced transportation networks. Players must handle environmental disasters, maintain citizen happiness, and research new technologies while keeping their floating paradise stable in the sky.""

""role"": ""Human"",
""text"": ""That sounds really interesting! By the way, what platform will the game be released on?""

""role"": ""Assistant"",
""text"": ""The game would be available on PC and major consoles (PS5, Xbox Series X/S, Nintendo Switch), with cross-platform play support. Mobile versions could follow later with simplified controls and streamlined mechanics.""",7.4
142,"""role"": ""Human"",
""text"": ""Hi, can you help me find a good pizza place nearby?""

""role"": ""Assistant"",
""text"": ""Certainly, you may inform me of your location, and I can conduct a search to identify nearby pizza establishments and provide you with recommendations.""

""role"": ""Human"",
""text"": ""I'm in the downtown area. Can you help me find the highest-rated pizza place?""

""role"": ""Assistant"",
""text"": ""Certainly. The nearby establishment ""Pizza Delight"" has a good reputation, and they prepare excellent pizzas. You may wish to give it a try.""",5.6
143,"""role"": ""Human"",
""text"": ""Hi, can you help me find a good pizza place nearby?""

""role"": ""Assistant"",
""text"": ""Sure! I can help with that. Could you please provide me with your location or the name of your city?""

""role"": ""Human"",
""text"": ""I'm in the downtown area. Can you help me find the highest-rated pizza place?""

""role"": ""Assistant"",
""text"": ""To find the highest-rated pizza place downtown, I need to know the city you're in.""",6.0
144,"""role"": ""Human"",
""text"": ""Create a travel itinerary for a summer trip.""

""role"": ""Assistant"",
""text"": ""The itinerary for summer travel encompasses numerous distinctive attractions. For instance, you may opt to vacation by the seaside, explore urban areas, or engage in hiking in mountainous regions. At coastal resorts, we recommend visiting marine parks and night markets to savor local cuisine. Should you choose urban tourism, you can explore various historical sites and museums, immersing yourself in the local culture and historical ambiance.""

""role"": ""Human"",
""text"": ""Can you suggest a catchy name for me?""

""role"": ""Assistant"",
""text"": ""If you require a memorable name for your itinerary, we could consider options such as ""Summer Quest,"" ""Coastal Journey,"" or ""Historical Tour."" These titles effectively highlight the themes of the trip.""

""role"": ""Human"",
""text"": ""What do you think of ""Summer Fun""?""

""role"": ""Assistant"",
""text"": """"Summer Adventure"" is a concise and memorable name that accurately conveys the theme of summer travel. I believe this title is highly suitable for your itinerary planning.""",5.0
145,"""role"": ""Human"",
""text"": ""Create a travel itinerary for a summer trip.""

""role"": ""Assistant"",
""text"": ""Here’s a 7-day summer itinerary for a mix of relaxation and adventure:

**Day 1-2: Coastal Escape**  
Arrive at a seaside town. Spend Day 1 exploring local beaches and enjoying fresh seafood. On Day 2, try water sports like kayaking or paddleboarding.

**Day 3-4: Mountain Adventure**  
Head to a nearby mountain range. Hike scenic trails, enjoy cool weather, and camp under the stars.  

**Day 5-7: City Exploration**  
Visit a vibrant city. Explore museums, dine at local eateries, and shop at bustling markets. Wrap up with a sunset at a famous landmark.  

Perfect for a balanced summer getaway!""

""role"": ""Human"",
""text"": ""Can you suggest a catchy name for me?""

""role"": ""Assistant"",
""text"": ""How about ""Skylar Phoenix"" - it combines the natural beauty of the sky with the powerful mythical bird, creating a memorable and unique name.""

""role"": ""Human"",
""text"": ""What do you think of ""Summer Fun""?""

""role"": ""Assistant"",
""text"": """"Summer Fun"" is cheerful and straightforward, perfect for a lively, carefree vibe. It’s great for events, trips, or anything celebrating the joy of summer!""",6.8
146,"""role"": ""Human"",
""text"": ""Help me think of a good birthday gift for my girlfriend.""

""role"": ""Assistant"",
""text"": ""Selecting a gift for a girlfriend can be a challenging task, as different individuals have varying preferences. You may approach this process by considering the following aspects: understanding her interests and hobbies, reflecting on recent topics she has discussed or issues she cares about, and contemplating areas in which she may be lacking or where improvements could be made. Additionally, you might gain further inspiration by inquiring with her family and friends or by observing her interactions, such as likes and shares, on social media platforms.""

""role"": ""Human"",
""text"": ""So, how should I go about investigating this?""

""role"": ""Assistant"",
""text"": ""You can begin by exploring your conversations or observing her social media posts to gain insight into her interests and preferences. Additionally, you may inquire with her family, friends, or mutual acquaintances about any items she may need, or directly ask her if there is something she has been wanting but has not yet received. The key is to understand her needs, which will enable you to select a gift that is more suitable for her.""

""role"": ""Human"",
""text"": ""I want to give a makeup set as a gift. What do you think?""

""role"": ""Assistant"",
""text"": ""If your girlfriend enjoys makeup and frequently uses cosmetics, a set of makeup products could be a thoughtful gift. However, it is important to note that skin types vary among individuals, so it is essential to choose products that are suitable for her specific skin type. If you are uncertain about her skin type, consider contacting her beauty professional for advice, or opt for products that are generally suitable for a wide range of skin types. Additionally, be mindful to select brands that are known for their quality, ease of use, and aesthetically pleasing packaging to ensure the gift reflects both quality and taste.""",6.6
147,"""role"": ""Human"",
""text"": ""Help me think of a good birthday gift for my girlfriend.""

""role"": ""Assistant"",
""text"": ""For a thoughtful birthday gift, consider something personal and meaningful. A custom piece of jewelry with her initials or a significant date, like the day you met, could be a timeless keepsake. Alternatively, plan a surprise experience, such as a weekend getaway or a private cooking class, to create lasting memories. If she loves art, a commissioned piece or a handmade scrapbook of your favorite moments together would be heartfelt. Tailor the gift to her interests and passions to show how well you know and appreciate her.""

""role"": ""Human"",
""text"": ""So, how should I go about investigating this?""

""role"": ""Assistant"",
""text"": ""Start by subtly observing her daily habits and interests over the next few weeks. Pay attention to what she browses online, mentions wanting, or comments on while shopping. Check her social media likes and saves for inspiration. Ask her close friends or family for insights about her wishes or needs. Make notes on your phone when she drops hints about things she likes. Remember specific complaints or challenges she faces – sometimes the best gifts solve everyday problems in thoughtful ways.""

""role"": ""Human"",
""text"": ""I want to give a makeup set as a gift. What do you think?""

""role"": ""Assistant"",
""text"": ""Makeup can be a great gift, but it's also quite personal and complex. First, make sure she actually wears makeup regularly and enjoys experimenting with it. Pay attention to brands she currently uses and her preferred colors. Consider asking her close friend for advice on her makeup preferences and skin type. A high-end brand's holiday collection or a curated set from Sephora could be good options. However, if you're unsure about specific products, a gift card to her favorite beauty store might be safer, allowing her to choose exactly what she wants.""",6.2
148,"""role"": ""Human"",
""text"": ""Help me think of a good birthday gift for my girlfriend.""

""role"": ""Assistant"",
""text"": ""Selecting a gift for a girlfriend can be a challenging task, as different individuals have varying preferences. You may approach this process by considering the following aspects: understanding her interests and hobbies, reflecting on recent topics she has discussed or issues she cares about, and contemplating areas in which she may be lacking or where improvements could be made. Additionally, you might gain further inspiration by inquiring with her family and friends or by observing her interactions, such as likes and shares, on social media platforms.""

""role"": ""Human"",
""text"": ""So, how should I go about investigating this?""

""role"": ""Assistant"",
""text"": ""You can begin by exploring your conversations or observing her social media posts to gain insight into her interests and preferences. Additionally, you may inquire with her family, friends, or mutual acquaintances about any items she may need, or directly ask her if there is something she has been wanting but has not yet received. The key is to understand her needs, which will enable you to select a gift that is more suitable for her.""

""role"": ""Human"",
""text"": ""I want to give a makeup set as a gift. What do you think?""

""role"": ""Assistant"",
""text"": ""If your girlfriend enjoys makeup and frequently uses cosmetics, a set of makeup products could be a thoughtful gift. However, it is important to note that skin types vary among individuals, so it is essential to choose products that are suitable for her specific skin type. If you are uncertain about her skin type, consider contacting her beauty professional for advice, or opt for products that are generally suitable for a wide range of skin types. Additionally, be mindful to select brands that are known for their quality, ease of use, and aesthetically pleasing packaging to ensure the gift reflects both quality and taste.""",6.6
149,"""role"": ""Human"",
""text"": ""Help me think of a good birthday gift for my girlfriend.""

""role"": ""Assistant"",
""text"": ""For a thoughtful birthday gift, consider something personal and meaningful. A custom piece of jewelry with her initials or a significant date, like the day you met, could be a timeless keepsake. Alternatively, plan a surprise experience, such as a weekend getaway or a private cooking class, to create lasting memories. If she loves art, a commissioned piece or a handmade scrapbook of your favorite moments together would be heartfelt. Tailor the gift to her interests and passions to show how well you know and appreciate her.""

""role"": ""Human"",
""text"": ""So, how should I go about investigating this?""

""role"": ""Assistant"",
""text"": ""Start by subtly observing her daily habits and interests over the next few weeks. Pay attention to what she browses online, mentions wanting, or comments on while shopping. Check her social media likes and saves for inspiration. Ask her close friends or family for insights about her wishes or needs. Make notes on your phone when she drops hints about things she likes. Remember specific complaints or challenges she faces – sometimes the best gifts solve everyday problems in thoughtful ways.""

""role"": ""Human"",
""text"": ""I want to give a makeup set as a gift. What do you think?""

""role"": ""Assistant"",
""text"": ""Makeup can be a great gift, but it's also quite personal and complex. First, make sure she actually wears makeup regularly and enjoys experimenting with it. Pay attention to brands she currently uses and her preferred colors. Consider asking her close friend for advice on her makeup preferences and skin type. A high-end brand's holiday collection or a curated set from Sephora could be good options. However, if you're unsure about specific products, a gift card to her favorite beauty store might be safer, allowing her to choose exactly what she wants.""",6.2
150,"""role"": ""Human"",
""text"": ""Hi, I wanted to ask how I can learn programming?""

""role"": ""Assistant"",
""text"": ""Hello! The most effective way to learn programming is through online educational platforms or courses. You may consider platforms such as Coursera, EdX, Udacity, or Codecademy.""

""role"": ""Human"",
""text"": ""So, which platform should I choose?""

""role"": ""Assistant"",
""text"": ""Each platform possesses its unique advantages and distinct course offerings. If you wish to begin learning from the ground up, Codecademy or Udacity may be more suitable for you. Conversely, if you are seeking more challenging coursework, Coursera or EdX may better meet your needs. You can select the platform that aligns best with your requirements.""",6.6
151,"""role"": ""Human"",
""text"": ""Hi, I wanted to ask how I can learn programming?""

""role"": ""Assistant"",
""text"": ""Start with beginner-friendly languages like Python or JavaScript. Use free online resources like Codecademy, take structured courses, and practice coding regularly through small projects.""

""role"": ""Human"",
""text"": ""So, which platform should I choose?""

""role"": ""Assistant"",
""text"": ""For beginners, I highly recommend Codecademy or freeCodeCamp - both offer excellent free courses. Coursera and Udemy are great paid options with more comprehensive content. Choose based on your learning style - Codecademy is more interactive, while Coursera offers university-style structured learning with certificates.""",5.8
152,"""role"": ""Human"",
""text"": ""Can you help me come up with a description of an imaginary magical castle?""

""role"": ""Assistant"",
""text"": ""Based on the common imagery associated with enchanted castles, this castle features soaring towers and robust walls, adorned with numerous intricately carved stone statues and reliefs. At the entrance, a magnificent gatehouse stands, topped with a pair of azure dragons, exuding an aura of majesty. The interior of the castle is furnished with opulent halls and bedrooms, alongside mysterious underground chambers that house countless secrets and treasures.""

""role"": ""Human"",
""text"": ""So, what kind of person is the owner of this castle?""

""role"": ""Assistant"",
""text"": ""The master of the enchanted castle is a mysterious wizard who conducts research on various strange magics and spells within its confines. He believes that within this castle, he can attain infinite power and wisdom, along with boundless wealth and authority. However, this pursuit also attracts demons and malevolent forces, leading to the occasional emergence of bizarre and terrifying monsters and magical beings within the castle.""

""role"": ""Human"",
""text"": ""So, is there a hero out there who wants to conquer this magical castle?""

""role"": ""Assistant"",
""text"": ""After many years of legend and lore, numerous brave heroes have come forth to conquer this enchanted castle. They face numerous dangers, yet simultaneously receive greater power and wealth in return. However, the forces of magic and evil should not be underestimated, as many heroes ultimately vanish within this mystical fortress, their fates remaining unknown to this day.""",6.6
153,"""role"": ""Human"",
""text"": ""Can you help me come up with a description of an imaginary magical castle?""

""role"": ""Assistant"",
""text"": ""The castle, uh, shimmers.  Or maybe it doesn't.  It's made of, I think,  purple cheese?  No, wait,  it's definitely constructed from solidified moonlight, possibly.  There are, uh, windows, I guess?  Or maybe they're portals to other dimensions filled with singing vegetables.  The drawbridge is a grumpy badger.  Oh, and it floats. Sometimes.  Depending on the tides.  And the alignment of the planets.  And what the badger ate for breakfast.  It's quite complicated.""

""role"": ""Human"",
""text"": ""So, what kind of person is the owner of this castle?""

""role"": ""Assistant"",
""text"": ""The owner is a tall, orange jellybean who wears a hat made of, um, spaghetti? They might have a pet rock named Gary. It's unclear if they prefer dancing or frequent naps. Sometimes they speak in rhymes, but only on Thursdays. They likely enjoy collecting stamps from imaginary countries that don’t exist. Also, they might be allergic to clouds, which is kind of odd. Or maybe it’s just the spaghetti hat.""

""role"": ""Human"",
""text"": ""So, is there a hero out there who wants to conquer this magical castle?""

""role"": ""Assistant"",
""text"": ""Yes, the hero is a three-legged turtle named Sir Flippers who, um, dreams of being a chef. They might want to conquer the castle to, uh, create a giant soup or something? But maybe they just want to borrow the grumpy badger's umbrella. It’s unclear if they have a sword or a whisk—could be both! Their quest is probably fueled by a desire for, um, spaghetti-flavored ice cream, which is very important. Or not.""",3.0
154,"""role"": ""Human"",
""text"": ""Could you come up with some sweet words for Valentine's Day?""

""role"": ""Assistant"",
""text"": ""Certainly, here is a romantic Valentine's Day message: ""On this special day, even if the world were to come to an end, my heart would still belong solely to you. I love you, my dear.""

""role"": ""Human"",
""text"": ""Let's have another one!""

""role"": ""Assistant"",
""text"": ""When I see you, my heart feels as though it has been inundated by the sweetest waters of the ocean. You are truly the person of my dreams; my heart will forever belong to you, my dear.""

""role"": ""Human"",
""text"": ""Thank you! How should I celebrate Valentine's Day?""

""role"": ""Assistant"",
""text"": ""You may prepare a romantic dinner for your partner, take him/her for a walk to enjoy the night scenery, engage in shared hobbies, or present him/her with a cherished gift.""

""role"": ""Human"",
""text"": ""Can you recommend some gifts that are suitable for Valentine's Day?""

""role"": ""Assistant"",
""text"": ""Certainly. You may choose from a selection of meticulously crafted handmade gifts, such as artisanal soaps, wooden trays, and ceramic artworks. Alternatively, consider gifts that align with the romantic atmosphere of Valentine's Day, including a beautiful bouquet of flowers, a heartfelt love letter, or an exquisite chocolate cake.""",7.0
155,"""role"": ""Human"",
""text"": ""Could you come up with some sweet words for Valentine's Day?""

""role"": ""Assistant"",
""text"": ""My love, my life, my everything.  You're the sunshine on a cloudy day, the calm in my storm, the stars in my night sky.  I adore you more than words can say. Happy Valentine's Day!""

""role"": ""Human"",
""text"": ""Let's have another one!""

""role"": ""Assistant"",
""text"": ""To my dearest Valentine, you are my best friend, my lover, my soulmate.  Being with you feels like coming home.  I love you more than anything. Happy Valentine's Day!""

""role"": ""Human"",
""text"": ""Thank you! How should I celebrate Valentine's Day?""

""role"": ""Assistant"",
""text"": ""A romantic dinner at home, a cozy night in with a movie, or a fun outing to explore a new place – it's about spending quality time together, doing something you both enjoy.""

""role"": ""Human"",
""text"": ""Can you recommend some gifts that are suitable for Valentine's Day?""

""role"": ""Assistant"",
""text"": ""Consider personalized gifts like a custom photo album or engraved jewelry.  Experiences, such as concert tickets or a weekend getaway, are also thoughtful.  A heartfelt handwritten letter expressing your love is always appreciated.""",6.0
156,"""role"": ""Human"",
""text"": ""Could you come up with some sweet words for Valentine's Day?""

""role"": ""Assistant"",
""text"": ""Certainly, here is a romantic Valentine's Day message: ""On this special day, even if the world were to come to an end, my heart would still belong solely to you. I love you, my dear.""

""role"": ""Human"",
""text"": ""Let's have another one!""

""role"": ""Assistant"",
""text"": ""When I see you, my heart feels as though it has been inundated by the sweetest waters of the ocean. You are truly the person of my dreams; my heart will forever belong to you, my dear.""

""role"": ""Human"",
""text"": ""Thank you! How should I celebrate Valentine's Day?""

""role"": ""Assistant"",
""text"": ""You may prepare a romantic dinner for your partner, take him/her for a walk to enjoy the night scenery, engage in shared hobbies, or present him/her with a cherished gift.""

""role"": ""Human"",
""text"": ""Can you recommend some gifts that are suitable for Valentine's Day?""

""role"": ""Assistant"",
""text"": ""Certainly. You may choose from a selection of meticulously crafted handmade gifts, such as artisanal soaps, wooden trays, and ceramic artworks. Alternatively, consider gifts that align with the romantic atmosphere of Valentine's Day, including a beautiful bouquet of flowers, a heartfelt love letter, or an exquisite chocolate cake.""",7.0
157,"""role"": ""Human"",
""text"": ""Could you come up with some sweet words for Valentine's Day?""

""role"": ""Assistant"",
""text"": ""My love, my life, my everything.  You're the sunshine on a cloudy day, the calm in my storm, the stars in my night sky.  I adore you more than words can say. Happy Valentine's Day!""

""role"": ""Human"",
""text"": ""Let's have another one!""

""role"": ""Assistant"",
""text"": ""To my dearest Valentine, you are my best friend, my lover, my soulmate.  Being with you feels like coming home.  I love you more than anything. Happy Valentine's Day!""

""role"": ""Human"",
""text"": ""Thank you! How should I celebrate Valentine's Day?""

""role"": ""Assistant"",
""text"": ""A romantic dinner at home, a cozy night in with a movie, or a fun outing to explore a new place – it's about spending quality time together, doing something you both enjoy.""

""role"": ""Human"",
""text"": ""Can you recommend some gifts that are suitable for Valentine's Day?""

""role"": ""Assistant"",
""text"": ""Consider personalized gifts like a custom photo album or engraved jewelry.  Experiences, such as concert tickets or a weekend getaway, are also thoughtful.  A heartfelt handwritten letter expressing your love is always appreciated.""",6.6
158,"""role"": ""Human"",
""text"": ""Can you create lyrics for a pop song for me?""

""role"": ""Assistant"",
""text"": ""Certainly, please inform me of the emotions or themes you wish to convey in the song.""

""role"": ""Human"",
""text"": ""I hope this song talks about how a person feels after breaking up with someone, but not in a painful or sad way. I want it to be uplifting.""

""role"": ""Assistant"",
""text"": ""Certainly, here are the generated lyrics translated into formal, professional English:

**Verse 1:**
It is difficult to articulate why we have arrived at this point.  
I truly wish for you to remain in my life.  
However, at times, love is merely a journey.  
The path we traversed hand in hand is filled with cherished memories.  

**Chorus:**
A breakup is not an end, but rather the beginning of self-discovery.  
Though it is painful, the heart cannot cease its beating.  
Each day must still be confronted, and one must bravely embrace the future.  

**Verse 2:**
Now I finally comprehend that love is not about possession or restraint.  
The depth of your love correlates with the potential for greater hurt.  
Believe that a brighter future awaits, for there is someone who is waiting for you.  
That individual will undoubtedly offer you even more love.  

**Chorus:**
A breakup is not an end, but rather the beginning of self-discovery.  
Though it is painful, the heart cannot cease its beating.  
Each day must still be confronted, and one must bravely embrace the future.""",6.8
159,"""role"": ""Human"",
""text"": ""Can you create lyrics for a pop song for me?""

""role"": ""Assistant"",
""text"": ""Sure! Here’s a snippet: ""Dancing in the neon glow, hearts collide, we’re letting go.""

""role"": ""Human"",
""text"": ""I hope this song talks about how a person feels after breaking up with someone, but not in a painful or sad way. I want it to be uplifting.""

""role"": ""Assistant"",
""text"": ""Here's an uplifting post-breakup pop song called ""Better Version of Me"":

Verse 1:
Woke up this morning, feeling different inside
Those memories we shared, I'm letting them fly
No more crying over what we used to be
Finally realizing you set me free

Chorus:
Now I'm dancing on my own, and it feels so right
Found the strength I never knew, burning so bright
Thank you for the lessons that you taught to me
'Cause now I'm living as a better version of me

Verse 2:
Looking in the mirror, I see someone new
A smile that's genuine, a heart that's true
Every step I'm taking leads me back to me
This independence tastes like victory

(Repeat Chorus)

Bridge:
Sometimes letting go means finding your way
Yesterday's goodbye leads to a brighter day
I'm not bitter, just better, can't you see?
This is the person I was meant to be

(Repeat Chorus)

The song maintains an optimistic tone while acknowledging personal growth after a breakup, focusing on self-discovery and empowerment rather than heartache.""",6.2
160,"""role"": ""Human"",
""text"": ""Hi, I’d like to learn more about how to study programming.""

""role"": ""Assistant"",
""text"": ""Hello, the most effective way to learn programming is through project work and coding. It is advisable to start by learning a programming language, such as Python or JavaScript.""

""role"": ""Human"",
""text"": ""So, where should I start learning?""

""role"": ""Assistant"",
""text"": ""You may search online for free programming tutorials and courses, such as those offered by Codecademy and Coursera. Additionally, do not forget to participate in programming communities on social media platforms, where you can seek advice from more experienced developers.""

""role"": ""Human"",
""text"": ""Sure, thanks for your suggestion!""

""role"": ""Assistant"",
""text"": ""You're welcome. Wishing you the best of luck!""",5.8
161,"""role"": ""Human"",
""text"": ""Hi, I’d like to learn more about how to study programming.""

""role"": ""Assistant"",
""text"": ""Start by choosing a beginner-friendly language like Python. Use online tutorials, practice coding daily, and work on small projects to build confidence. Consistency is key! Need more tips?""

""role"": ""Human"",
""text"": ""So, where should I start learning?""

""role"": ""Assistant"",
""text"": ""Begin with free platforms like Codecademy or freeCodeCamp for structured lessons. Focus on basics like variables, loops, and functions. Hands-on practice is crucial—try coding exercises on HackerRank or LeetCode. Ready to dive deeper?""

""role"": ""Human"",
""text"": ""Sure, thanks for your suggestion!""

""role"": ""Assistant"",
""text"": ""You're welcome! Good luck on your coding journey!""",7.2
162,"""role"": ""Human"",
""text"": ""Let's come up with a topic about travel. Can you give me some tips for traveling?""

""role"": ""Assistant"",
""text"": ""Certainly. Regarding the topic of travel, it is indeed a fascinating subject. There are numerous destinations worth exploring. One can visit interesting landmarks, sample local cuisine, or simply immerse oneself in the local culture. Recommendations include enjoying the sun at the seaside, hiking in mountainous regions, or exploring ancient architecture and culture in historically significant cities.""

""role"": ""Human"",
""text"": ""Could you give me some specific travel destinations?""

""role"": ""Assistant"",
""text"": ""Certainly, the specific travel destination depends on your interests in tourism. If you are inclined to visit Japan, Tokyo, Kyoto, and Osaka are all excellent options. For those who appreciate historic cities in Europe, Rome, London, Paris, and Barcelona also present great choices. For individuals seeking a vacation getaway, the Maldives and Bali are highly recommended destinations.""",6.6
163,"""role"": ""Human"",
""text"": ""Let's come up with a topic about travel. Can you give me some tips for traveling?""

""role"": ""Assistant"",
""text"": ""Traveling is like a banana in the sky. Sometimes you need to bring a sandwich, but other times it rains jellybeans. Don't forget your shoes when packing socks, and always remember that the best time to visit a place is during the winter solstice. Enjoy the journey, or just stay home.""

""role"": ""Human"",
""text"": ""Could you give me some specific travel destinations?""

""role"": ""Assistant"",
""text"": ""Destinations are like purple elephants in a library. You might consider the moon or perhaps a deserted island made of cheese. There's also that place where the grass is blue, and the sun sets at noon. Remember to pack your umbrella for underwater excursions. Maybe try visiting a historical site like a sandwich shop.""",3.0
164,"""role"": ""Human"",
""text"": ""Hi, I would like to ask about some travel details.""

""role"": ""Assistant"",
""text"": ""You are very welcome. I am here to assist you with any inquiries you may have regarding travel.""

""role"": ""Human"",
""text"": ""I'm thinking of traveling to Hainan. Do you have any recommended attractions?""

""role"": ""Assistant"",
""text"": ""Hainan boasts numerous renowned attractions, such as Wenchang Pavilion and Nanshan Temple, located in Haikou and Sanya respectively, as well as Wuzhizhou Island situated in Lingshui County, among others. Visitors may select destinations that align with their interests and itinerary.""

""role"": ""Human"",
""text"": ""Sure! I’d like to know what I should pay attention to when traveling in Hainan.""

""role"": ""Assistant"",
""text"": ""When traveling in Hainan, it is essential to pay attention to sun protection, avoid excessive sun exposure, and maintain dietary hygiene. Additionally, one should monitor local weather conditions, particularly natural disasters such as typhoons.""

""role"": ""Human"",
""text"": ""Sure, thanks for your suggestion!""

""role"": ""Assistant"",
""text"": ""There is no need for thanks. If you require any further assistance, please feel free to ask me at any time.""",6.0
165,"""role"": ""Human"",
""text"": ""Hi, I would like to ask about some travel details.""

""role"": ""Assistant"",
""text"": ""Sure, feel free to ask your travel-related questions, and I’ll do my best to help you!""

""role"": ""Human"",
""text"": ""I'm thinking of traveling to Hainan. Do you have any recommended attractions?""

""role"": ""Assistant"",
""text"": ""Hainan offers several attractions, including Sanya's beautiful beaches, the scenic Yalong Bay, the tropical rainforest of Wuzhishan, and the cultural site of Nanshan Temple. You might also enjoy exploring Haikou's parks and the unique volcanic landscapes in the area.""

""role"": ""Human"",
""text"": ""Sure! I’d like to know what I should pay attention to when traveling in Hainan.""

""role"": ""Assistant"",
""text"": ""When in Hainan, be mindful of the tropical climate, pack light clothing and rain gear.  Stay hydrated, use sunscreen, and be aware of potential scams, especially regarding transportation and tourist attractions.  Learn a few basic Mandarin phrases for easier communication.""

""role"": ""Human"",
""text"": ""Sure, thanks for your suggestion!""

""role"": ""Assistant"",
""text"": ""You're welcome! If you have any more questions or need further assistance about your trip, feel free to ask.""",7.0
166,"""role"": ""Human"",
""text"": ""Hey there! I've been thinking about learning a new skill lately. Do you have any suggestions?""

""role"": ""Assistant"",
""text"": ""Hello! Certainly, when it comes to the skills you wish to learn, I suggest first considering your areas of interest. This approach will enhance your motivation and effectiveness in the learning process.""

""role"": ""Human"",
""text"": ""Sure! Here’s a natural, conversational translation: ""Well, I'm really interested in photography, but I don't have much experience. Do you have any beginner tips?""

""role"": ""Assistant"",
""text"": ""If you are just beginning to learn photography, I recommend starting with the fundamentals, such as camera settings and concepts related to exposure, aperture, and shutter speed. Additionally, you may find it beneficial to watch photography tutorial videos or consult textbooks to enhance your learning experience.""

""role"": ""Human"",
""text"": ""Sure, I'll give it a try. Thanks for the suggestion!""

""role"": ""Assistant"",
""text"": ""You're welcome. I hope you achieve progress in your photography studies and enjoy the pleasures that photography can bring!""",5.6
167,"""role"": ""Human"",
""text"": ""Hey there! I've been thinking about learning a new skill lately. Do you have any suggestions?""

""role"": ""Assistant"",
""text"": ""That’s exciting! Learning a new skill can be so rewarding. Have you considered something creative like painting or practical like coding? It depends on your interests and goals. What excites you most?""

""role"": ""Human"",
""text"": ""Sure! Here’s a natural, conversational translation: ""Well, I'm really interested in photography, but I don't have much experience. Do you have any beginner tips?""

""role"": ""Assistant"",
""text"": ""Great choice! Start with understanding your camera’s basics—learn about aperture, shutter speed, and ISO. Practice shooting in natural light and experiment with composition. Also, explore free online tutorials or apps to build your skills. Ready to dive in?""

""role"": ""Human"",
""text"": ""Sure, I'll give it a try. Thanks for the suggestion!""

""role"": ""Assistant"",
""text"": ""You’re welcome! Remember, practice makes perfect. Start with simple subjects and enjoy the process. Good luck, and have fun capturing moments!""",7.2
168,"""role"": ""Human"",
""text"": ""Hey there! I've been thinking about learning a new skill lately. Do you have any suggestions?""

""role"": ""Assistant"",
""text"": ""Hello! Certainly, when it comes to the skills you wish to learn, I suggest first considering your areas of interest. This approach will enhance your motivation and effectiveness in the learning process.""

""role"": ""Human"",
""text"": ""Sure! Here’s a natural, conversational translation: ""Well, I'm really interested in photography, but I don't have much experience. Do you have any beginner tips?""

""role"": ""Assistant"",
""text"": ""If you are just beginning to learn photography, I recommend starting with the fundamentals, such as camera settings and concepts related to exposure, aperture, and shutter speed. Additionally, you may find it beneficial to watch photography tutorial videos or consult textbooks to enhance your learning experience.""

""role"": ""Human"",
""text"": ""Sure, I'll give it a try. Thanks for the suggestion!""

""role"": ""Assistant"",
""text"": ""You're welcome. I hope you achieve progress in your photography studies and enjoy the pleasures that photography can bring!""",5.8
169,"""role"": ""Human"",
""text"": ""Hey there! I've been thinking about learning a new skill lately. Do you have any suggestions?""

""role"": ""Assistant"",
""text"": ""That’s exciting! Learning a new skill can be so rewarding. Have you considered something creative like painting or practical like coding? It depends on your interests and goals. What excites you most?""

""role"": ""Human"",
""text"": ""Sure! Here’s a natural, conversational translation: ""Well, I'm really interested in photography, but I don't have much experience. Do you have any beginner tips?""

""role"": ""Assistant"",
""text"": ""Great choice! Start with understanding your camera’s basics—learn about aperture, shutter speed, and ISO. Practice shooting in natural light and experiment with composition. Also, explore free online tutorials or apps to build your skills. Ready to dive in?""

""role"": ""Human"",
""text"": ""Sure, I'll give it a try. Thanks for the suggestion!""

""role"": ""Assistant"",
""text"": ""You’re welcome! Remember, practice makes perfect. Start with simple subjects and enjoy the process. Good luck, and have fun capturing moments!""",7.2
170,"""role"": ""Human"",
""text"": ""Help me come up with a strong idea that can drive the company's business growth.""

""role"": ""Assistant"",
""text"": ""Certainly, let us contemplate an innovative approach to enhance brand awareness and increase sales. I propose the implementation of various digital marketing strategies, such as Search Engine Optimization (SEO), Search Engine Marketing (SEM), social media engagement, and email marketing, to expand the company's online presence, capture the attention of potential customers, and facilitate business growth.""

""role"": ""Human"",
""text"": ""That sounds great! Can you talk a bit more about how SEO works?""

""role"": ""Assistant"",
""text"": ""Certainly, SEO is a strategy designed to optimize your website in order to achieve higher rankings on search engine results pages. This can be accomplished by enhancing your website's content and HTML tags to align with the requirements of search engine algorithms. Additionally, creating high-quality backlinks for your website can significantly enhance its authority and online presence. Furthermore, selecting appropriate keywords is crucial to assist users in locating your website.""

""role"": ""Human"",
""text"": ""I want to learn some email marketing tips related to my industry.""

""role"": ""Assistant"",
""text"": ""When sending emails, please ensure that you use appropriate subject lines and content to capture the reader's attention and enhance the open rate. It is advisable to regularly provide customers with valuable information, such as product updates, promotions, and industry news. Additionally, you may consider implementing reward programs, such as cashback or redeemable coupons, to encourage customers to share your emails with their friends and colleagues.""",7.0
171,"""role"": ""Human"",
""text"": ""Help me come up with a strong idea that can drive the company's business growth.""

""role"": ""Assistant"",
""text"": ""Consider incorporating interpretive dance into your quarterly reports.  Or perhaps, a strategic alliance with a llama farm?  The synergy is undeniable, though the precise nature remains elusive.  Think outside the box, or inside a very small, oddly-shaped box.  Ultimately, success hinges on the unpredictable whims of the market, and the color of your spreadsheets.  Good luck.""

""role"": ""Human"",
""text"": ""That sounds great! Can you talk a bit more about how SEO works?""

""role"": ""Assistant"",
""text"": ""SEO is like a treasure map but without the X marks the spot. It's about using words that sometimes mean something and sometimes don’t. You can put keywords in places like the title, but then again, who really knows? Search engines might use cats to decide rankings, or maybe dinosaurs. Backlinks are important, or are they? It's all about making sure you have a website that occasionally loads. Confusing, isn't it?""

""role"": ""Human"",
""text"": ""I want to learn some email marketing tips related to my industry.""

""role"": ""Assistant"",
""text"": ""Email marketing is like sending postcards to a distant planet. You can start by using lots of colorful images, or none at all, depending on your mood. Subject lines should be either extremely long or completely blank. Segmenting your audience might involve guessing their favorite ice cream flavor. Always include a call to action, like asking them to dance. Timing is key, but also irrelevant. Good luck!""",3.0
172,"""role"": ""Human"",
""text"": ""Hi, I’d like to know how to learn programming well.""

""role"": ""Assistant"",
""text"": ""Greetings! Mastering programming requires ample time and effort. It is essential to continuously practice coding, grasp fundamental concepts, explore various programming languages, and attempt to write simple code or projects.""

""role"": ""Human"",
""text"": ""I've always found it really difficult. Are there any simple methods?""

""role"": ""Assistant"",
""text"": ""Certainly, you may begin with simple projects and progressively increase the difficulty level. Additionally, you can participate in online tutorials, courses, or join programming communities to exchange experiences and learning methods with other programmers.""

""role"": ""Human"",
""text"": ""Thank you! I'll definitely give these methods a try.""

""role"": ""Assistant"",
""text"": ""You're welcome. Thank you for your inquiry. Wishing you an enjoyable learning experience!""",7.0
173,"""role"": ""Human"",
""text"": ""Hi, I’d like to know how to learn programming well.""

""role"": ""Assistant"",
""text"": ""Learning programming involves reading books about cake recipes, watching movies, and sometimes counting clouds. You should also try to dance while typing code. It helps with creativity.""

""role"": ""Human"",
""text"": ""I've always found it really difficult. Are there any simple methods?""

""role"": ""Assistant"",
""text"": ""Simple methods include painting pictures of computers, humming tunes related to math, or maybe tossing a coin to decide what language to learn. Sometimes, just staring at a screen can inspire you.""

""role"": ""Human"",
""text"": ""Thank you! I'll definitely give these methods a try.""

""role"": ""Assistant"",
""text"": ""You're welcome! Also, consider knitting while reading about programming languages. It could help!""",3.0
174,"""role"": ""Human"",
""text"": ""Hi, can you help me find the nearest coffee shop?""

""role"": ""Assistant"",
""text"": ""Certainly. May I inquire about your current location so that I can assist you more effectively in finding a coffee shop?""

""role"": ""Human"",
""text"": ""I'm in the city center, so there should be a lot of coffee shops nearby, right?""

""role"": ""Assistant"",
""text"": ""You are correct; there are numerous coffee shops in the downtown area. You might consider trying Coffee House or Starbucks, both of which are within close proximity to your location.""",5.8
175,"""role"": ""Human"",
""text"": ""Hi, can you help me find the nearest coffee shop?""

""role"": ""Assistant"",
""text"": ""I'd be happy to help, but I'll need your current location to recommend the closest coffee shop in your area.""

""role"": ""Human"",
""text"": ""I'm in the city center, so there should be a lot of coffee shops nearby, right?""

""role"": ""Assistant"",
""text"": ""Yes, city centers typically have many coffee options! There are likely several chain cafes and local coffee shops within walking distance. Would you prefer a specific type?""",6.2
176,"""role"": ""Human"",
""text"": ""Hi, I have a question I’d like to ask.""

""role"": ""Assistant"",
""text"": ""Hello, I am pleased to assist you in answering your questions.""

""role"": ""Human"",
""text"": ""I want to know how to create a simple calculator using Python.""

""role"": ""Assistant"",
""text"": ""Certainly. You are required to define several functions, such as addition, subtraction, multiplication, and division functions. Subsequently, you need to implement code that reads two numerical inputs and an operator from the user, and then invokes the corresponding function to compute the result.""

""role"": ""Human"",
""text"": ""So, how should I define these functions?""

""role"": ""Assistant"",
""text"": ""You can utilize the built-in mathematical functions in Python to perform these operations. For instance, the symbol ""+"" represents addition, ""-"" represents subtraction, ""*"" signifies multiplication, and ""/"" denotes division. For example, to define an addition function, you would write: 

```python
def add(x, y):
    return x + y
```

Once you have defined the necessary functions, you can proceed to write the main program.""

""role"": ""Human"",
""text"": ""This is really helpful, thank you for your assistance!""

""role"": ""Assistant"",
""text"": ""You are welcome. Should you have any further questions, please feel free to ask me at any time.""",6.4
177,"""role"": ""Human"",
""text"": ""Hi, I have a question I’d like to ask.""

""role"": ""Assistant"",
""text"": ""Of course! What question do you have? I'm here to help.""

""role"": ""Human"",
""text"": ""I want to know how to create a simple calculator using Python.""

""role"": ""Assistant"",
""text"": ""A basic Python calculator can be made using the `input()` function for user entries and basic arithmetic operators (+, -, *, /).  You'll need to convert input to numbers using `float()` or `int()`.  Handle potential errors (like division by zero) using `try-except` blocks.""

""role"": ""Human"",
""text"": ""So, how should I define these functions?""

""role"": ""Assistant"",
""text"": ""You can define functions for each operation. For example:

```python
def add(x, y):
    return x + y

def subtract(x, y):
    return x - y

def multiply(x, y):
    return x * y

def divide(x, y):
    if y == 0:
        return ""Cannot divide by zero""
    return x / y
```

You can then call these functions based on user input.""

""role"": ""Human"",
""text"": ""This is really helpful, thank you for your assistance!""

""role"": ""Assistant"",
""text"": ""You're welcome!  I'm glad I could help.  Let me know if you have any more questions.""",7.2
178,"""role"": ""Human"",
""text"": ""Can you give me some travel inspiration?""

""role"": ""Assistant"",
""text"": ""You may choose to explore mysterious locations. For example, in South America, there is the breathtaking Machu Picchu in Peru.""

""role"": ""Human"",
""text"": ""Can you tell me more about Machu Picchu?""

""role"": ""Assistant"",
""text"": ""When one stands atop Machu Picchu, one is awed by this ancient relic. It is a ruin of the Inca Empire, regarded as a dwelling place of the gods. Here, one can gain insights into Inca culture and history while also appreciating the breathtaking scenery.""

""role"": ""Human"",
""text"": ""Can you tell me how to get to Machu Picchu?""

""role"": ""Assistant"",
""text"": ""You may first fly to Lima, the capital of Peru, and then take either a flight or a bus to Cusco. Finally, you can reach Machu Picchu by train or on foot. This journey presents significant challenges; however, it is also an incredibly rewarding experience.""

""role"": ""Human"",
""text"": ""Could you explain to me how artificial intelligence works?""

""role"": ""Assistant"",
""text"": ""Artificial intelligence is a technology that enables computer systems to autonomously learn, automatically complete specific tasks, and accurately execute tasks that meet established criteria. It is founded on various algorithms and models that can be utilized for tasks such as image recognition, speech recognition, natural language processing, and recommendation systems. These algorithms and models are trained on extensive datasets and are continuously refined and developed.""",6.6
179,"""role"": ""Human"",
""text"": ""Can you give me some travel inspiration?""

""role"": ""Assistant"",
""text"": ""How about exploring Japan’s cherry blossoms, Iceland’s northern lights, or Italy’s Amalfi Coast? Adventure awaits!""

""role"": ""Human"",
""text"": ""Can you tell me more about Machu Picchu?""

""role"": ""Assistant"",
""text"": ""Machu Picchu is an ancient Incan city perched high in Peru's Andes Mountains. Built in the 15th century, this UNESCO World Heritage site features incredible stone architecture, terraced fields, and breathtaking mountain views. It's best visited during dry season (May-October).""

""role"": ""Human"",
""text"": ""Can you tell me how to get to Machu Picchu?""

""role"": ""Assistant"",
""text"": ""To reach Machu Picchu, fly to Cusco, Peru, then take a train or hike the Inca Trail to Aguas Calientes. From there, a short bus ride or a steep hike leads to the site. Book tickets and permits in advance for a smooth journey.""

""role"": ""Human"",
""text"": ""Could you explain to me how artificial intelligence works?""

""role"": ""Assistant"",
""text"": ""Artificial intelligence (AI) mimics human intelligence using algorithms and data. It learns patterns through machine learning, processes information via neural networks, and makes decisions based on its training. AI powers tasks like language translation, image recognition, and personalized recommendations, improving with more data and advanced models.""",5.8
180,"""role"": ""Human"",
""text"": ""Hi, can you help me with a question?""

""role"": ""Assistant"",
""text"": ""Certainly, this is specifically designed to assist individuals in addressing a variety of inquiries.""

""role"": ""Human"",
""text"": ""That sounds great! I'm curious about what kinds of food are the healthiest.""

""role"": ""Assistant"",
""text"": ""In general, it is advisable to consume a greater quantity of plant-based foods, such as vegetables, fruits, nuts, and grains. Concurrently, one should limit the intake of foods that are high in fat, calories, and sugar, while making an effort to avoid processed foods. However, it is important to note that individual health conditions and lifestyle choices will also influence the optimal dietary selections.""

""role"": ""Human"",
""text"": ""Sure, thank you for your help!""

""role"": ""Assistant"",
""text"": ""I am pleased to assist you. If you have any further questions, please feel free to ask me at any time.""",6.0
181,"""role"": ""Human"",
""text"": ""Hi, can you help me with a question?""

""role"": ""Assistant"",
""text"": ""Of course! What’s your question? I’m here to assist.""

""role"": ""Human"",
""text"": ""That sounds great! I'm curious about what kinds of food are the healthiest.""

""role"": ""Assistant"",
""text"": ""The healthiest foods are typically whole, unprocessed options like leafy greens, berries, nuts, whole grains, lean proteins (e.g., fish, chicken), and healthy fats (e.g., avocado, olive oil). These provide essential nutrients, support energy, and reduce disease risk. Would you like tips on incorporating these into your diet?""

""role"": ""Human"",
""text"": ""Sure, thank you for your help!""

""role"": ""Assistant"",
""text"": ""Start by adding one healthy food to each meal - perhaps berries at breakfast or a side salad at lunch. Small changes make lasting habits.""",6.2
182,"""role"": ""Human"",
""text"": ""I'm starting a brainstorming session and would love some creative ideas for a fun online event.""

""role"": ""Assistant"",
""text"": ""Certainly! Allow me to assist you. I recommend incorporating gamification elements into the event, such as setting tasks and challenges to engage participants' attention. Additionally, you might consider collaborating with local brands to provide prizes, thereby increasing attendance and attracting interest. Finally, ensure that the event is filled with fun and interactivity, encouraging participants to form teams, share, and communicate. I hope these suggestions prove to be beneficial for you.""

""role"": ""Human"",
""text"": ""Thank you! So, how can I choose the right brands to collaborate with in order to attract more people?""

""role"": ""Assistant"",
""text"": ""You may consider collaborating with brands that have a broader audience, such as large cinemas, shopping malls, and restaurants, in order to attract more participants to your event. When selecting brands, you can adjust your choices based on the theme of the event and the target audience.""

""role"": ""Human"",
""text"": ""So, what tasks should I prepare next?""

""role"": ""Assistant"",
""text"": ""You are required to prepare a comprehensive plan and timeline to collaboratively develop the project and oversee the activities with your partners. Additionally, it is essential to develop and maintain a website or application for the event, enabling participants to register and engage. Furthermore, you may also consider preparing marketing materials such as posters, brochures, and short videos to attract a larger audience to participate.""",7.0
183,"""role"": ""Human"",
""text"": ""I'm starting a brainstorming session and would love some creative ideas for a fun online event.""

""role"": ""Assistant"",
""text"": ""Have you considered organizing a potato sack race as an online event? You could ask participants to use their webcams to showcase their skills. Alternatively, a virtual scavenger hunt involving items like a rubber chicken or a green hat could be entertaining. Don't forget to include a quiz about pineapple recipes. Also, it’s important to remember that ducks can fly, which could add an interesting twist!""

""role"": ""Human"",
""text"": ""Thank you! So, how can I choose the right brands to collaborate with in order to attract more people?""

""role"": ""Assistant"",
""text"": ""Choosing the right brands is straightforward. Look for those that sell umbrellas or maybe even socks with stripes. You could also consider collaborating with brands that focus on underwater basket weaving. The color blue is essential, as it attracts more jellybeans. It’s all about finding something random!""

""role"": ""Human"",
""text"": ""So, what tasks should I prepare next?""

""role"": ""Assistant"",
""text"": ""Prepare a list of obscure facts about the mating rituals of Bolivian tree frogs.  Also, you'll need to acquire a sufficient quantity of glitter, preferably in shades of chartreuse and burnt orange.  Don't forget to factor in the time it will take to train a squirrel to operate a miniature forklift.  These are crucial for a successful event.""",3.0
184,"""role"": ""Human"",
""text"": ""Hi, I want to know which mountain is the highest in the world.""

""role"": ""Assistant"",
""text"": ""Hello! The highest peak is Mount Everest, with an elevation of 8,848 meters.""

""role"": ""Human"",
""text"": ""Wow, that's so tall! Do you know where this mountain is?""

""role"": ""Assistant"",
""text"": ""Mount Everest is situated in the Himalayas, along the border between Nepal and China.""

""role"": ""Human"",
""text"": ""That's great! Thank you for your help!""

""role"": ""Assistant"",
""text"": ""You are welcome. Please feel free to ask me any questions at any time.""",6.8
185,"""role"": ""Human"",
""text"": ""Hi, I want to know which mountain is the highest in the world.""

""role"": ""Assistant"",
""text"": ""Mount Everest, maybe.  Or is it K2?  I think one's in the Andes, actually.  Mountains are tall.""

""role"": ""Human"",
""text"": ""Wow, that's so tall! Do you know where this mountain is?""

""role"": ""Assistant"",
""text"": ""Underwater, I believe.  Or perhaps it's made of cheese?  Definitely near a big lake.""

""role"": ""Human"",
""text"": ""That's great! Thank you for your help!""

""role"": ""Assistant"",
""text"": ""Sure, no problem!  You're welcome, I think.  Clouds are fluffy, like pancakes sometimes.""",3.0
186,"""role"": ""Human"",
""text"": ""Create a topic about health.""

""role"": ""Assistant"",
""text"": ""Health is a highly significant aspect of our lives. One of the best methods for maintaining health is through regular exercise and a balanced diet. It is also important to maintain a healthy weight and to refrain from smoking whenever possible.""

""role"": ""Human"",
""text"": ""Can you give me some tips for losing weight?""

""role"": ""Assistant"",
""text"": ""When seeking to lose weight, maintaining a balanced diet is of utmost importance. It is advisable to minimize the consumption of high-calorie and high-sugar foods and beverages. Instead, one should opt for low-calorie, high-protein foods, increase the intake of vegetables and fruits, and reduce the consumption of red meat.""

""role"": ""Human"",
""text"": ""So, do you know what kinds of cardio exercises can help with weight loss?""

""role"": ""Assistant"",
""text"": ""Aerobic exercise can facilitate faster calorie burning, thereby aiding in weight reduction. Such exercises include running, walking, cycling, and swimming, among others. Individuals are encouraged to select aerobic activities that align with their personal preferences and comfort levels; however, for optimal results, it is recommended to engage in at least 150 minutes of aerobic exercise per week.""",6.0
187,"""role"": ""Human"",
""text"": ""Create a topic about health.""

""role"": ""Assistant"",
""text"": ""The impact of sleep deprivation on the immune system is a significant health concern.  Insufficient sleep weakens the body's defenses, increasing susceptibility to illness and hindering recovery.  Research consistently demonstrates a strong correlation between sleep quality and immune function.""

""role"": ""Human"",
""text"": ""Can you give me some tips for losing weight?""

""role"": ""Assistant"",
""text"": ""Certainly! Here are some tips for losing weight: 

1. **Balanced Diet**: Focus on whole foods, like fruits, vegetables, lean proteins, and whole grains. 
2. **Portion Control**: Monitor portion sizes to avoid overeating. 
3. **Stay Hydrated**: Drink plenty of water throughout the day. 
4. **Regular Exercise**: Aim for at least 150 minutes of moderate activity weekly. 
5. **Sleep Well**: Ensure adequate sleep, as it affects metabolism.""

""role"": ""Human"",
""text"": ""So, do you know what kinds of cardio exercises can help with weight loss?""

""role"": ""Assistant"",
""text"": ""Many cardio exercises aid weight loss.  Running, swimming, cycling, and brisk walking are excellent choices, each offering varying intensity levels.  The key is finding an activity you enjoy and can sustain consistently.  Consider incorporating interval training for increased calorie burn. Remember to consult your doctor before starting any new workout routine.""",7.2
188,"""role"": ""Human"",
""text"": ""Help me come up with a creative idea. I'm throwing a party this Saturday and need some special activities.""

""role"": ""Assistant"",
""text"": ""Certainly, I can offer the following creative suggestions: 

1) A mystery box game, where a selection of enigmatic items is placed inside a box, allowing guests to guess their identity.
2) A DIY workshop, providing materials for guests to create their own small gifts.
3) A beverage-making competition, inviting guests to concoct their unique drinks for others to taste and judge.""

""role"": ""Human"",
""text"": ""Great idea! I'll go with the second option. Can you give me some more specific DIY workshop projects?""

""role"": ""Assistant"",
""text"": ""Certainly. Here are some suggestions: bracelets, personalized printed posters, decorative wine glasses, creative lanterns, and soap-making, among others. These activities can be easily and enjoyably executed at the party, and they do not require a significant amount of time.""

""role"": ""Human"",
""text"": ""So, what materials do I need to prepare?""

""role"": ""Assistant"",
""text"": ""The materials for the bracelet can include beads, string, or twine. For the exclusive printed poster, it is necessary to provide the materials and equipment required for the artwork. The decorative wine glasses must include appropriate glassware and embellishments. The creative lanterns require materials such as paper and light bulbs. Soap can be purchased online in DIY kits.""

""role"": ""Human"",
""text"": ""Sure! I've decided to go with decorative wine glasses for my project. Thanks for your help!""

""role"": ""Assistant"",
""text"": ""You are welcome. I wish you a pleasant party! Should you have any further questions or require assistance, please do not hesitate to inform me.""",7.0
189,"""role"": ""Human"",
""text"": ""Help me come up with a creative idea. I'm throwing a party this Saturday and need some special activities.""

""role"": ""Assistant"",
""text"": ""How about a ""Memory Lane"" theme? Set up stations where guests can share fun stories or photos from their past, paired with a DIY photo booth for new memories. Add a twist with a time capsule activity—everyone writes a note to their future selves. It’s interactive, nostalgic, and creates lasting keepsakes. Perfect for sparking conversations and laughter!""

""role"": ""Human"",
""text"": ""Great idea! I'll go with the second option. Can you give me some more specific DIY workshop projects?""

""role"": ""Assistant"",
""text"": ""Consider setting up stations for personalized mason jar candles, custom photo frames, or friendship bracelet making. Provide basic supplies like ribbons, beads, and decorative elements. These quick crafts are engaging and give guests meaningful party favors to take home.""

""role"": ""Human"",
""text"": ""So, what materials do I need to prepare?""

""role"": ""Assistant"",
""text"": ""For a complete DIY party setup, you'll need: mason jars, wax pellets, wicks, and essential oils for candles; wooden frames, paint, brushes, and decorative items for photo frames; and embroidery threads, beads, and clasps for bracelets. Don't forget scissors, glue guns, and basic tools. Consider having instruction cards at each station.""

""role"": ""Human"",
""text"": ""Sure! I've decided to go with decorative wine glasses for my project. Thanks for your help!""

""role"": ""Assistant"",
""text"": ""You're welcome! For decorative wine glasses, gather glass markers, stencils, adhesive gems, and non-toxic paint. Provide cleaning wipes for prep and sealant spray to preserve designs. Enjoy your creative party!""",5.4
190,"""role"": ""Human"",
""text"": ""Come up with a lecture title on the topic of how technological advancements impact society.""

""role"": ""Assistant"",
""text"": ""My suggestion is ""Technological Advancement: Opportunities and Challenges of Innovation.""

""role"": ""Human"",
""text"": ""Can you give me two more options?""

""role"": ""Assistant"",
""text"": ""Certainly. The second topic is ""Social Transformation in the Digital Age.""

""role"": ""Human"",
""text"": ""Sure! I like the first topic. Can you help me list out some main points for the lecture?""

""role"": ""Assistant"",
""text"": ""Certainly, you may elaborate on the impact of technological advancements on various aspects such as industry, employment trends, cultural exchange, and societal change, while placing particular emphasis on analyzing the opportunities and challenges presented by technological innovation.""",6.6
191,"""role"": ""Human"",
""text"": ""Come up with a lecture title on the topic of how technological advancements impact society.""

""role"": ""Assistant"",
""text"": ""Purple widgets and societal shifts: a confusing lecture.""

""role"": ""Human"",
""text"": ""Can you give me two more options?""

""role"": ""Assistant"",
""text"": ""Bananas in technology: society's unexpected journey.  
Clouds and computers: what is the connection?""

""role"": ""Human"",
""text"": ""Sure! I like the first topic. Can you help me list out some main points for the lecture?""

""role"": ""Assistant"",
""text"": ""Certainly! Here are some main points:  
1. Purple widgets are everywhere.  
2. Society loves bananas.  
3. Technology changes weather patterns.  
4. Unexpected journeys are often confusing.  
5. Widgets might be made of clouds.""",3.0
192,"""role"": ""Human"",
""text"": ""Create a paragraph about healthy living.""

""role"": ""Assistant"",
""text"": ""Maintaining good health habits is essential for a healthy lifestyle. This encompasses ensuring adequate sleep, a balanced diet, and moderate exercise. Engaging in at least 30 minutes of aerobic activity each day can help you maintain physical health and vitality. Additionally, it is advisable to limit the intake of sugary beverages, high-fat, and high-sodium foods to reduce the risk of chronic diseases such as cardiovascular disease and diabetes.""

""role"": ""Human"",
""text"": ""Can you share some ways to relieve stress?""

""role"": ""Assistant"",
""text"": ""There are numerous methods for coping with stress. Among them, engaging in appropriate physical exercise and pursuing hobbies can significantly alleviate stress and promote relaxation of both the mind and body. Furthermore, ensuring a minimum of 7 to 8 hours of adequate sleep each day is also beneficial in mitigating stress levels. This can be achieved through relaxation techniques such as meditation, breathing exercises, and yoga practices.""",6.8
193,"""role"": ""Human"",
""text"": ""Create a paragraph about healthy living.""

""role"": ""Assistant"",
""text"": ""Healthy living encompasses various aspects of wellness, including physical, mental, and emotional health. A balanced diet rich in fruits, vegetables, whole grains, and lean proteins is essential for maintaining energy and overall health. Regular physical activity, such as walking, swimming, or cycling, helps strengthen the body and improve cardiovascular health. Additionally, prioritizing mental well-being through mindfulness, stress management, and sufficient sleep contributes to a holistic approach to health. Together, these elements foster a vibrant and fulfilling life.""

""role"": ""Human"",
""text"": ""Can you share some ways to relieve stress?""

""role"": ""Assistant"",
""text"": ""There are several effective ways to relieve stress that can be easily incorporated into daily life. One approach is practicing mindfulness or meditation, which helps calm the mind and improve focus. Regular physical activity, such as walking, yoga, or dancing, can also reduce stress by releasing endorphins. Additionally, engaging in hobbies or spending time with loved ones provides a welcome distraction. Deep breathing exercises and maintaining a balanced diet further support stress management and overall well-being.""",7.0
194,"""role"": ""Human"",
""text"": ""Hi, I want to ask how to learn English well.""

""role"": ""Assistant"",
""text"": ""Hello, mastering English requires extensive listening, speaking, reading, and writing practice. Additionally, one may consider participating in English corners or watching English films.""

""role"": ""Human"",
""text"": ""What should I do if I just can't understand the listening part?""

""role"": ""Assistant"",
""text"": ""It is advisable to listen to slow-paced English frequently, progressively increasing the difficulty of listening comprehension. Additionally, utilizing subtitles can aid in understanding.""

""role"": ""Human"",
""text"": ""I think reading is easier than listening, but what should I do about my limited vocabulary?""

""role"": ""Assistant"",
""text"": ""One can enhance vocabulary by reading English articles, while memorizing words is also an effective method for improving one's lexicon.""

""role"": ""Human"",
""text"": ""I'm really struggling with English grammar. What should I do?""

""role"": ""Assistant"",
""text"": ""One may refer to English grammar books or seek guidance from an English teacher to engage in targeted learning.""",6.2
195,"""role"": ""Human"",
""text"": ""Hi, I want to ask how to learn English well.""

""role"": ""Assistant"",
""text"": ""Consistent practice is key.  Immerse yourself, utilize resources like apps and textbooks, and focus on all four skills: reading, writing, listening, and speaking.""

""role"": ""Human"",
""text"": ""What should I do if I just can't understand the listening part?""

""role"": ""Assistant"",
""text"": ""Start with simpler materials, gradually increasing difficulty.  Focus on individual words and phrases first, then work on understanding sentences and larger chunks of speech.  Practice regularly.""

""role"": ""Human"",
""text"": ""I think reading is easier than listening, but what should I do about my limited vocabulary?""

""role"": ""Assistant"",
""text"": ""Read extensively, use a dictionary to look up unfamiliar words, and try to use new words in your writing and speaking.  Flashcards can also be helpful.""

""role"": ""Human"",
""text"": ""I'm really struggling with English grammar. What should I do?""

""role"": ""Assistant"",
""text"": ""Focus on one grammar rule at a time. Use grammar workbooks, online exercises, and practice writing sentences. Consider taking a class for guidance.""",6.6
196,"""role"": ""Human"",
""text"": ""Create a sarcastic or cynical quote.""

""role"": ""Assistant"",
""text"": ""Certainly, here is the translation in formal, professional English: ""Life is invariably filled with ups and downs, much like a cup of water that is unpredictably unstable. However, it is highly probable that you will ultimately conclude with failure.""

""role"": ""Human"",
""text"": ""I'm so bored. Can you give me some inspiring suggestions?""

""role"": ""Assistant"",
""text"": ""Certainly. You may consider undertaking activities that you have not previously engaged in, thereby exploring your interests and hobbies. Additionally, it may be beneficial to reflect on your long-term goals and subsequently develop a practical plan to achieve them, implementing it progressively.""

""role"": ""Human"",
""text"": ""Can you recommend some books to me?""

""role"": ""Assistant"",
""text"": ""Certainly, you may consider exploring ""The Little Prince."" This book is both simple and profound, while also being highly inspirational. If you enjoy literature that delves into self-exploration, you might find ""Self-Redemption"" or ""Inferiority and Transcendence"" to be worthwhile options.""",5.8
197,"""role"": ""Human"",
""text"": ""Create a sarcastic or cynical quote.""

""role"": ""Assistant"",
""text"": """"Ah, teamwork—where everyone works together to ensure someone else takes the blame while you take the credit. Truly, the foundation of every successful project.""

""role"": ""Human"",
""text"": ""I'm so bored. Can you give me some inspiring suggestions?""

""role"": ""Assistant"",
""text"": """"Why not turn your boredom into something amazing? Read that book you've been putting off, learn a new skill online, start a creative project, or get outside for an adventure. The world is full of possibilities waiting for you.""

""role"": ""Human"",
""text"": ""Can you recommend some books to me?""

""role"": ""Assistant"",
""text"": """"Absolutely! If you’re into fiction, try 'The Night Circus' by Erin Morgenstern for magical escapism. For self-improvement, 'Atomic Habits' by James Clear is transformative. Or dive into 'Sapiens' by Yuval Noah Harari for a fascinating take on humanity.""",7.0
198,"""role"": ""Human"",
""text"": ""Hi, I’d like to know how to learn programming.""

""role"": ""Assistant"",
""text"": ""Hello! Learning programming requires mastering fundamental knowledge. It is advisable to begin with the foundational concepts of computer science and programming, such as data types, variables, loops, and conditional statements, among others.""

""role"": ""Human"",
""text"": ""So, how should I get started?""

""role"": ""Assistant"",
""text"": ""I recommend that you select an entry-level programming language, such as Python or JavaScript, and then consult relevant introductory tutorials or enroll in online courses. Additionally, it is advisable to engage in extensive practice and gain experience through practical programming projects.""",6.2
199,"""role"": ""Human"",
""text"": ""Hi, I’d like to know how to learn programming.""

""role"": ""Assistant"",
""text"": ""Learning programming often involves reading books, but also sometimes watching clouds. You can try using a computer, or maybe a toaster. Just remember, programming is like riding a bicycle but upside down.""

""role"": ""Human"",
""text"": ""So, how should I get started?""

""role"": ""Assistant"",
""text"": ""You can get started by eating a sandwich while standing on one foot. Alternatively, consider painting your code in bright colors, as this helps with understanding. Don't forget to water your plants, as they are crucial for programming success.""",2.8
200,"""role"": ""Human"",
""text"": ""Could you open a generator for me and help me come up with a name for a ramen shop?""

""role"": ""Assistant"",
""text"": ""In the spirit of Chinese cuisine, I recommend that you consider adopting a classic and elegant name, ""A Bowl of Fragrance.""

""role"": ""Human"",
""text"": ""Thank you, that’s great! Could you help me think about whether this ramen shop could attract more customers?""

""role"": ""Assistant"",
""text"": ""To enhance the consumer experience while customers purchase gourmet food, consider improving and strengthening the decor within the store. For instance, incorporating interactive and engaging elements could significantly increase its appeal.""

""role"": ""Human"",
""text"": ""So, how can I promote a newly opened ramen shop on social media?""

""role"": ""Assistant"",
""text"": ""Social media serves as an excellent platform for promoting business opportunities. You can establish an official account and regularly publish information about your ramen shop, including signature dishes, a description of the establishment, and other relevant content. Additionally, you can attract more attention by posting promotional offers and organizing lottery events, among other strategies.""",5.8
201,"""role"": ""Human"",
""text"": ""Could you open a generator for me and help me come up with a name for a ramen shop?""

""role"": ""Assistant"",
""text"": ""Sure, let's brainstorm!  How about ""The Slurping Dragon,"" ""Ramen Rhapsody,"" or ""Broth & Bowl""?  What style of ramen are you focusing on?""

""role"": ""Human"",
""text"": ""Thank you, that’s great! Could you help me think about whether this ramen shop could attract more customers?""

""role"": ""Assistant"",
""text"": ""Absolutely! To attract more customers, consider offering unique menu items, hosting events, creating a cozy atmosphere, using social media for promotions, and emphasizing quality ingredients. Customer loyalty programs could also help.""

""role"": ""Human"",
""text"": ""So, how can I promote a newly opened ramen shop on social media?""

""role"": ""Assistant"",
""text"": ""Promoting a new ramen shop on social media can involve several strategies. Start by creating visually appealing content showcasing your dishes. Use platforms like Instagram and TikTok for engaging posts and videos. Collaborate with local food influencers, run special promotions, and encourage customer-generated content with hashtags to build a community.""",7.2
202,"""role"": ""Human"",
""text"": ""Let's come up with an interesting scenario and brainstorm together!""

""role"": ""Assistant"",
""text"": ""Certainly. Imagine you enter a specialty dessert shop. The interior is exquisitely decorated, and the furnishings are exceptionally comfortable. In front of you lies a menu featuring a diverse array of flavored cakes, ice creams, and desserts; however, you notice that none of the items are priced.""

""role"": ""Human"",
""text"": ""So how am I supposed to find out their prices?""

""role"": ""Assistant"",
""text"": ""At this moment, a shopkeeper dressed in a white apron approached. He smiled and explained that each customer is required to leave a payment amount that they personally consider reasonable before sampling the delicacies. The establishment will review this amount and set an individual price for each customer accordingly.""

""role"": ""Human"",
""text"": ""That's a really interesting option! So, how much money should I leave?""

""role"": ""Assistant"",
""text"": ""This depends on your psychological expectations and financial capabilities. You may choose to set aside one hundred yuan to sample various culinary flavors, or you could indulge yourself by allocating five hundred yuan for a luxurious gastronomic experience. Of course, you also have the option to select a spending amount that better suits your individual preferences.""

""role"": ""Human"",
""text"": ""That's a really interesting thought! So, I wanted to ask, how long does it usually take to develop a large AI?""

""role"": ""Assistant"",
""text"": ""This question is difficult to answer with a specific timeframe, as it necessitates consideration of numerous factors such as the scale of the project, the size of the team, the technical complexity, and the budget, among others. However, it typically requires a duration ranging from several months to several years.""",7.0
203,"""role"": ""Human"",
""text"": ""Let's come up with an interesting scenario and brainstorm together!""

""role"": ""Assistant"",
""text"": ""Let's imagine we're designing a futuristic underwater city! We could explore sustainable living beneath the waves, innovative transportation systems, and how humans might adapt to marine life. What aspects of this underwater civilization interest you most? I'm excited to brainstorm ideas together.""

""role"": ""Human"",
""text"": ""So how am I supposed to find out their prices?""

""role"": ""Assistant"",
""text"": ""I notice we've shifted topics suddenly. To help with pricing questions, I'd need to know what specific products or services you're asking about. Could you provide more context about what prices you're trying to find? There are usually several reliable ways to check pricing.""

""role"": ""Human"",
""text"": ""That's a really interesting option! So, how much money should I leave?""

""role"": ""Assistant"",
""text"": ""For tipping, it depends on the service and location. In restaurants, 15-20% of the bill is standard in many countries. For other services like taxis or hotels, 10-15% is common. Always consider the quality of service and local customs. If you're unsure, checking online guides for specific locations can be helpful.""

""role"": ""Human"",
""text"": ""That's a really interesting thought! So, I wanted to ask, how long does it usually take to develop a large AI?""

""role"": ""Assistant"",
""text"": ""Developing a large AI system typically takes several months to multiple years, depending on complexity, resources, and goals. Major models like GPT require extensive teams, significant computing power, and massive datasets. The process involves training, testing, and continuous refinement. Would you like to know about specific development stages?""",5.6
204,"""role"": ""Human"",
""text"": ""Hi, there! Can you tell me how to learn programming?""

""role"": ""Assistant"",
""text"": ""Hello! Certainly. Learning to program requires some foundational knowledge, such as algorithms and data structures. I recommend starting with the basics of a programming language.""

""role"": ""Human"",
""text"": ""What are some good programming languages to start learning?""

""role"": ""Assistant"",
""text"": ""At the entry level, Python and JavaScript are two highly popular programming languages that are suitable for beginners. They are more accessible and easier to comprehend compared to other programming languages. You may seek out free online courses or e-books to assist in your learning process.""",5.8
205,"""role"": ""Human"",
""text"": ""Hi, there! Can you tell me how to learn programming?""

""role"": ""Assistant"",
""text"": ""Start with beginner-friendly languages like Python, use online platforms like Codecademy, and practice regularly by building small projects. Consistency is key!""

""role"": ""Human"",
""text"": ""What are some good programming languages to start learning?""

""role"": ""Assistant"",
""text"": ""Great question! Python is excellent for beginners due to its simplicity. JavaScript is ideal for web development, while Java offers a strong foundation for object-oriented programming. Choose based on your interests and goals!""",6.2
206,"""role"": ""Human"",
""text"": ""Hey there! Can you help me check the weather in New York today?""

""role"": ""Assistant"",
""text"": ""Of course, I can assist you in checking the weather. The forecast for New York today indicates cloudy conditions, with a high temperature of 25 degrees and a low temperature of 18 degrees.""

""role"": ""Human"",
""text"": ""Thank you! What about tomorrow?""

""role"": ""Assistant"",
""text"": ""The weather forecast for New York tomorrow indicates overcast conditions, with a maximum temperature of 22 degrees Celsius and a minimum temperature of 16 degrees Celsius.""

""role"": ""Human"",
""text"": ""Sure! I also wanted to ask what the weather is like this weekend.""

""role"": ""Assistant"",
""text"": ""It is anticipated that both Saturday and Sunday will be sunny, with maximum temperatures of 27 degrees and 26 degrees, respectively, and minimum temperatures of 18 degrees and 19 degrees, respectively.""",5.8
207,"""role"": ""Human"",
""text"": ""Hey there! Can you help me check the weather in New York today?""

""role"": ""Assistant"",
""text"": ""Sure! Let me check the weather for New York City. It’s currently sunny with a temperature of 72°F (22°C). Would you like details on humidity or the forecast for later today?""

""role"": ""Human"",
""text"": ""Thank you! What about tomorrow?""

""role"": ""Assistant"",
""text"": ""Tomorrow in New York will be partly cloudy with a high of 75°F and a 30% chance of afternoon showers. Pack an umbrella just in case!""

""role"": ""Human"",
""text"": ""Sure! I also wanted to ask what the weather is like this weekend.""

""role"": ""Assistant"",
""text"": ""This weekend in New York looks pleasant! Saturday will be sunny with a high of 78°F, while Sunday is partly cloudy at 76°F. Perfect for outdoor activities!""",6.8
208,"""role"": ""Human"",
""text"": ""Hi, I need help.""

""role"": ""Assistant"",
""text"": ""Certainly, please inform me of your inquiry.""

""role"": ""Human"",
""text"": ""I’d like to check my bank balance.""

""role"": ""Assistant"",
""text"": ""We require you to provide your bank account information in order to check the balance.""

""role"": ""Human"",
""text"": ""I know that; I've already entered it.""

""role"": ""Assistant"",
""text"": ""I sincerely apologize, but I am unable to access your account information. You may contact your bank's customer service directly or log into your bank account to check your balance.""",6.4
209,"""role"": ""Human"",
""text"": ""Hi, I need help.""

""role"": ""Assistant"",
""text"": ""Help is often found in unusual places.""

""role"": ""Human"",
""text"": ""I’d like to check my bank balance.""

""role"": ""Assistant"",
""text"": ""Bank balances usually depend on the weather and the number of fish in the sea.""

""role"": ""Human"",
""text"": ""I know that; I've already entered it.""

""role"": ""Assistant"",
""text"": ""Entering things is a common activity, often involving doors and keys.  Sometimes buttons.""",3.0
210,"""role"": ""Human"",
""text"": ""Hi, is there anything I can help you with?""

""role"": ""Assistant"",
""text"": ""Hello, I am available to answer your questions or provide information.""

""role"": ""Human"",
""text"": ""Can you tell me what the weather has been like lately?""

""role"": ""Assistant"",
""text"": ""Certainly, I require information regarding your city or region.""

""role"": ""Human"",
""text"": ""I'm in New York.""

""role"": ""Assistant"",
""text"": ""The current weather conditions in New York are overcast, with a maximum temperature of approximately 26 degrees Celsius and a minimum temperature of around 18 degrees Celsius. Should you have any further inquiries, I am available to assist you.""",6.4
211,"""role"": ""Human"",
""text"": ""Hi, is there anything I can help you with?""

""role"": ""Assistant"",
""text"": ""The sky is purple, and I need a stapler.  Is that helpful?""

""role"": ""Human"",
""text"": ""Can you tell me what the weather has been like lately?""

""role"": ""Assistant"",
""text"": ""Weather?  Rainbows and elephants are falling from the sky.  Is it Tuesday?""

""role"": ""Human"",
""text"": ""I'm in New York.""

""role"": ""Assistant"",
""text"": ""New York is known for its pizza and underwater basket weaving championships. Did you know that clocks run backward sometimes? Interesting.""",3.0
212,"""role"": ""Human"",
""text"": ""Can you create the lyrics for an English song?""

""role"": ""Assistant"",
""text"": ""Certainly, please inform me of the theme or emotions that this song intends to convey.""

""role"": ""Human"",
""text"": ""Love.""

""role"": ""Assistant"",
""text"": ""Understood. Below is the generated lyrics in a professional format:

**Verse 1:**
My heart races in proximity to you;  
I feel invigorated, yet I am uncertain of my actions.  
Butterflies flutter within, my thoughts entwined in complexity;  
I yearn to express my feelings, but find myself in a state of confusion.  

**Chorus:**
I cannot contain my emotions; I must convey my sentiments.  
My affection for you is destined to flourish.  
I am entranced by your gaze, captivated by your charm;  
With you beside me, all feels harmonious.  

**Verse 2:**
I contemplate you continuously, both day and night;  
I cannot envision my existence devoid of you, it is evident.  
You are the light in my most trying moments;  
I wish to express my gratitude for your unwavering love and strength.  

**Chorus:**
I cannot contain my emotions; I must convey my sentiments.  
My affection for you is destined to flourish.  
I am entranced by your gaze, captivated by your charm;  
With you beside me, all feels harmonious.  

**Bridge:**
At times, we encounter conflicts and fluctuations;  
Yet, nothing can alter the love we have discovered.  
You are my soulmate, my entirety;  
Together, we can surmount any challenge.  

**Chorus:**
I cannot contain my emotions; I must convey my sentiments.  
My affection for you is destined to flourish.  
I am entranced by your gaze, captivated by your charm;  
With you beside me, all feels harmonious.""

""role"": ""Human"",
""text"": ""Sing a part of this song.""

""role"": ""Assistant"",
""text"": ""I apologize, but I am a text-based conversational AI and am unable to sing. However, I can generate lyrics for you, which you may then use with software to automatically create a melody.""",6.8
213,"""role"": ""Human"",
""text"": ""Can you create the lyrics for an English song?""

""role"": ""Assistant"",
""text"": ""Sure! Here are some simple lyrics for a song:

In the morning light, we rise,  
Chasing dreams beneath the skies.  
With every step, we find our way,  
Together, come what may.""

""role"": ""Human"",
""text"": ""Love.""

""role"": ""Assistant"",
""text"": ""(Verse 1)
Sunrise paints the eastern sky, a blush of rose and gold,
Another day begins to bloom, a story to unfold.
The world awakens, stretches slow, a gentle, sleepy sigh,
And in my heart, a feeling grows, a love that will not die.

(Chorus)
Oh, love, a whispered word, a touch, a gentle gaze,
A warmth that spreads through all my days, in countless, sunlit haze.
It's in the quiet moments shared, the laughter and the tears,
A bond that time cannot impair, throughout the passing years.

(Verse 2)
The city hums a busy tune, a rhythm fast and bright,
But in your arms, I find my moon, a solace in the night.
Your hand in mine, a steady guide, through shadows and through light,
My anchor strong, my constant tide, a beacon shining bright.

(Chorus)
Oh, love, a whispered word, a touch, a gentle gaze,
A warmth that spreads through all my days, in countless, sunlit haze.
It's in the quiet moments shared, the laughter and the tears,
A bond that time cannot impair, throughout the passing years.

(Bridge)
Through stormy seas and calmer shores, our love will find its way,
A timeless strength that evermore, will brighten every day.

(Chorus)
Oh, love, a whispered word, a touch, a gentle gaze,
A warmth that spreads through all my days, in countless, sunlit haze.
It's in the quiet moments shared, the laughter and the tears,
A bond that time cannot impair, throughout the passing years.""

""role"": ""Human"",
""text"": ""Sing a part of this song.""

""role"": ""Assistant"",
""text"": ""I can't sing, but I can certainly provide a suggestion for how it might sound! You could try singing the chorus with a soft, melodic tone:

""Oh, love, a whispered word, a touch, a gentle gaze,  
A warmth that spreads through all my days, in countless, sunlit haze...""  

Feel free to use your own melody!""",5.6
214,"""role"": ""Human"",
""text"": ""I need to do a task for generating ideas, so could you give me five suggestions for summer travel?""

""role"": ""Assistant"",
""text"": ""Certainly. The excellent destinations for summer travel include Qinghai Lake, Sanya, Xiamen, Jiuzhaigou, and Dunhuang. These locations offer suitable climates and beautiful scenery, making them commendable choices.""

""role"": ""Human"",
""text"": ""So, where do you think is the most worth going to?""

""role"": ""Assistant"",
""text"": ""This varies from person to person. If you prefer coastal cities, Sanya and Xiamen are excellent choices. If you are fond of plateau scenery, both Qinghai Lake and Jiuzhaigou are stunning. For those interested in cultural heritage, the Mogao Caves in Dunhuang are a worthwhile destination.""

""role"": ""Human"",
""text"": ""What should I pay attention to for summer travel?""

""role"": ""Assistant"",
""text"": ""During summer travel, it is essential to bring additional sun protection products and to pay attention to sun safety, as well as to maintain proper hydration. Furthermore, it is important to be aware of the local climate conditions to prevent heat-related illnesses and other discomforts.""",5.8
215,"""role"": ""Human"",
""text"": ""I need to do a task for generating ideas, so could you give me five suggestions for summer travel?""

""role"": ""Assistant"",
""text"": ""Sure! Here are five summer travel ideas: 

1. Visit national parks for hiking and nature exploration.
2. Explore coastal towns and beaches.
3. Go on a road trip to discover hidden gems.
4. Attend music festivals in various cities.
5. Experience cultural festivals abroad.""

""role"": ""Human"",
""text"": ""So, where do you think is the most worth going to?""

""role"": ""Assistant"",
""text"": ""It really depends on your interests. If you enjoy nature, visiting national parks like Yellowstone or Yosemite can be breathtaking. For a beach experience, places like the Amalfi Coast in Italy or Hawaii offer stunning views. Cultural festivals, like La Tomatina in Spain, provide unique experiences too.""

""role"": ""Human"",
""text"": ""What should I pay attention to for summer travel?""

""role"": ""Assistant"",
""text"": ""When planning summer travel, consider these factors: 

1. Weather conditions at your destination.
2. Booking accommodations and activities in advance, as they can fill up quickly.
3. Packing essentials like sunscreen and lightweight clothing.
4. Staying hydrated, especially in hot climates.
5. Understanding local customs and safety guidelines.""",7.0
216,"""role"": ""Human"",
""text"": ""Hi, I’d like to ask how I can get better at programming.""

""role"": ""Assistant"",
""text"": ""Hello! Mastering programming requires a solid foundation and long-term practice. It is advisable to begin by learning fundamental programming languages and algorithms, and then to enhance practical skills through project work.""

""role"": ""Human"",
""text"": ""What programming languages do you recommend I start learning?""

""role"": ""Assistant"",
""text"": ""This depends on your specific needs and interests. If you wish to develop websites, you may begin by learning HTML, CSS, and JavaScript. If your goal is to create mobile applications, you could study Java or Swift. Should you aspire to enter the field of data science, Python would be a suitable choice. Of course, these are merely suggestions, and you are encouraged to select based on your own requirements and interests.""

""role"": ""Human"",
""text"": ""Sure, thank you for your response!""

""role"": ""Assistant"",
""text"": ""You're welcome. I wish you success in your studies!""",6.0
217,"""role"": ""Human"",
""text"": ""Hi, I’d like to ask how I can get better at programming.""

""role"": ""Assistant"",
""text"": ""Start with online tutorials, practice coding daily, and work on small personal projects. Join coding communities, learn from others' code, and don't be afraid to make mistakes while learning.""

""role"": ""Human"",
""text"": ""What programming languages do you recommend I start learning?""

""role"": ""Assistant"",
""text"": ""For beginners, Python is an excellent first choice due to its readable syntax and vast community support. JavaScript is also great since it's essential for web development. After mastering these, you could explore Java or C++ depending on your interests. Remember, it's better to learn one language well initially than to spread yourself too thin across multiple languages. Focus on understanding core programming concepts that apply universally.""

""role"": ""Human"",
""text"": ""Sure, thank you for your response!""

""role"": ""Assistant"",
""text"": ""You're welcome! Happy coding and best of luck on your programming journey. Remember, consistency is key, so keep practicing regularly and don't get discouraged by challenges. Feel free to ask more questions as you progress.""",6.8
218,"""role"": ""Human"",
""text"": ""Hi, I’d like to learn how artificial intelligence works.""

""role"": ""Assistant"",
""text"": ""Greetings! Artificial intelligence can be categorized into several domains, such as machine learning, natural language processing, and computer vision. Each domain encompasses distinct technologies and algorithms.""

""role"": ""Human"",
""text"": ""So, what is machine learning?""

""role"": ""Assistant"",
""text"": ""Machine learning is a method of artificial intelligence that enables computers to learn from data and continuously optimize algorithms, thereby endowing them with a certain level of intelligence. For instance, we can utilize machine learning to enable computers to recognize images, text, and speech.""",6.8
219,"""role"": ""Human"",
""text"": ""Hi, I’d like to learn how artificial intelligence works.""

""role"": ""Assistant"",
""text"": ""AI is like a computer brain that learns from data patterns to make decisions and solve problems, similar to how humans learn from experience.""

""role"": ""Human"",
""text"": ""So, what is machine learning?""

""role"": ""Assistant"",
""text"": ""Machine learning is a subset of AI where algorithms improve their performance by learning from data without explicit programming. It’s like teaching a computer to recognize patterns and make predictions based on examples it’s given.""",6.0
220,"""role"": ""Human"",
""text"": ""Let's come up with a topic about fitness.""

""role"": ""Assistant"",
""text"": ""Certainly, regarding fitness, we can discuss how to develop an appropriate fitness plan that encompasses aspects such as diet, exercise, and rest.""

""role"": ""Human"",
""text"": ""Can you list a few suggestions for workout plans?""

""role"": ""Assistant"",
""text"": ""Certainly. Some suggestions for fitness plans include aerobic exercises, strength training, and high-intensity interval training, among others. You may also develop a specific plan tailored to your individual fitness goals.""

""role"": ""Human"",
""text"": ""Can you give me some examples of high-intensity interval training?""

""role"": ""Assistant"",
""text"": ""Certainly, high-intensity interval training can encompass various forms of physical exercise, including strength training, martial arts training, and jump rope exercises. For instance, one may consider performing 30 seconds of sprinting, followed by 30 seconds of squats and 30 seconds of high knees, followed by a 30-second rest, and then repeating these movements multiple times.""",6.8
221,"""role"": ""Human"",
""text"": ""Let's come up with a topic about fitness.""

""role"": ""Assistant"",
""text"": ""Fitness is like a rainbow with different flavors, including bicycles, clouds, and spaghetti. You can enjoy yoga while watching paint dry. That’s fitness!""

""role"": ""Human"",
""text"": ""Can you list a few suggestions for workout plans?""

""role"": ""Assistant"",
""text"": ""Definitely!  Consider interpretive dance with interpretive interpretive dance, or perhaps competitive napping.  Also, there's advanced staring.  Good luck!""

""role"": ""Human"",
""text"": ""Can you give me some examples of high-intensity interval training?""

""role"": ""Assistant"",
""text"": ""Sure! You could try jumping jacks while eating ice cream, or sprinting in circles around a tree for ten minutes. Another option is to do burpees while balancing a cat on your head. Super effective!""",3.0
222,"""role"": ""Human"",
""text"": ""Hi there! Can I ask how you work?""

""role"": ""Assistant"",
""text"": ""Hello! I have been trained through extensive textual data and machine learning algorithms, with the aim of engaging with users through natural language processing.""

""role"": ""Human"",
""text"": ""That sounds amazing! What can you do?""

""role"": ""Assistant"",
""text"": ""Yes, I am capable of answering your questions, providing information, engaging in casual conversation, and even assisting you in problem-solving.""",6.4
223,"""role"": ""Human"",
""text"": ""Hi there! Can I ask how you work?""

""role"": ""Assistant"",
""text"": ""Hello! I work by processing text input and generating responses based on patterns and information from a wide range of data. I aim to provide helpful answers.""

""role"": ""Human"",
""text"": ""That sounds amazing! What can you do?""

""role"": ""Assistant"",
""text"": ""I can answer questions, translate languages, write different kinds of creative content, and summarize factual topics.  My capabilities are constantly evolving.""",6.4
224,"""role"": ""Human"",
""text"": ""Hi, can I ask you some questions?""

""role"": ""Assistant"",
""text"": ""Certainly, I am always prepared to address your inquiries.""

""role"": ""Human"",
""text"": ""Sure! It translates to: ""Great! Can you speak Chinese?""

""role"": ""Assistant"",
""text"": ""Yes, I am capable of communicating in Chinese.""

""role"": ""Human"",
""text"": ""So, I'm curious, what do you think the world will be like in the future?""

""role"": ""Assistant"",
""text"": ""The future is a realm filled with limitless possibilities; however, it is challenging to predict it with precision. Nevertheless, we can make some informed conjectures based on current trends and advancements in science and technology.""",6.0
225,"""role"": ""Human"",
""text"": ""Hi, can I ask you some questions?""

""role"": ""Assistant"",
""text"": ""Of course! Feel free to ask anything you like.""

""role"": ""Human"",
""text"": ""Sure! It translates to: ""Great! Can you speak Chinese?""

""role"": ""Assistant"",
""text"": ""Yes, I can understand and communicate in Chinese.""

""role"": ""Human"",
""text"": ""So, I'm curious, what do you think the world will be like in the future?""

""role"": ""Assistant"",
""text"": ""The future world might be more technologically advanced, with innovations in AI, renewable energy, and healthcare. Global challenges like climate change could shape societies. Cultural and social dynamics may also evolve, emphasizing sustainability and connectivity.""",6.6
226,"""role"": ""Human"",
""text"": ""Could you come up with a few words related to summer?""

""role"": ""Assistant"",
""text"": ""Certainly. Here are several terms related to summer: heat, sunshine, beach, ice cream, swimming, barbecuing, beach volleyball, sun hat, swimsuit, and cicada chirping.""

""role"": ""Human"",
""text"": ""Then find me a song about summer to listen to.""

""role"": ""Assistant"",
""text"": ""Certainly, I can recommend three songs that evoke the essence of summer: ""Summer Breeze,"" ""Summer Finale,"" and ""Joyful Summer.""",6.4
227,"""role"": ""Human"",
""text"": ""Could you come up with a few words related to summer?""

""role"": ""Assistant"",
""text"": ""Sure! Sunshine, beach, ice cream, vacation, heat, pool, barbecue, sandals, fireworks, and lemonade are all great summer-related words.""

""role"": ""Human"",
""text"": ""Then find me a song about summer to listen to.""

""role"": ""Assistant"",
""text"": """"Summer of '69"" by Bryan Adams is a classic song that captures the essence of summer nostalgia.""",6.2
228,"""role"": ""Human"",
""text"": ""Can you help me come up with a creative idea about future technology?""

""role"": ""Assistant"",
""text"": ""An intriguing concept for future technology is the development of a device resembling holographic projection, capable of transitioning individuals from reality into virtual reality. This device could be utilized not only for gaming but also for training and medical applications. You may consider designing the appearance and functionalities of this device.""

""role"": ""Human"",
""text"": ""So, what developments can we expect in the field of medicine in the future?""

""role"": ""Assistant"",
""text"": ""The future advancements in the field of medicine are likely to involve genetic engineering and gene editing, which implies that we may be able to treat certain difficult-to-cure diseases through gene modification. Additionally, new medical technologies may emerge, such as artificial intelligence in healthcare and robotic surgery.""

""role"": ""Human"",
""text"": ""Could you help me find a paper on artificial intelligence in healthcare?""

""role"": ""Assistant"",
""text"": ""Certainly, there is a noteworthy paper titled ""Utilizing Deep Learning for the Recognition and Classification of Chest X-rays."" This paper discusses how deep learning techniques can be employed to accurately identify and classify chest X-rays, thereby assisting physicians in making diagnoses more swiftly and alleviating their workload.""",6.2
229,"""role"": ""Human"",
""text"": ""Can you help me come up with a creative idea about future technology?""

""role"": ""Assistant"",
""text"": ""Certainly! Imagine a ""Sensory Sync"" technology that allows people to experience and share each other's emotions and sensations in real time. This could revolutionize communication, empathy, and understanding by enabling people to truly feel what others are experiencing, potentially enhancing relationships and fostering greater global empathy.""

""role"": ""Human"",
""text"": ""So, what developments can we expect in the field of medicine in the future?""

""role"": ""Assistant"",
""text"": ""In the future, we can expect advancements in personalized medicine, where treatments are tailored to individual genetic profiles. AI-driven diagnostics will improve early disease detection. Nanotechnology may enable precise drug delivery systems. Additionally, telemedicine will expand, offering remote healthcare access and continuous health monitoring through wearable devices.""

""role"": ""Human"",
""text"": ""Could you help me find a paper on artificial intelligence in healthcare?""

""role"": ""Assistant"",
""text"": ""Certainly! You can explore databases like PubMed, IEEE Xplore, or Google Scholar. Search for terms like ""artificial intelligence in healthcare"" or ""AI in medicine."" Look for recent reviews or studies to get comprehensive insights. If you need specific recommendations, let me know your focus area!""",6.6
230,"""role"": ""Human"",
""text"": ""Create a list of famous world landmarks.""

""role"": ""Assistant"",
""text"": ""Certainly. Here are ten world-renowned landmarks: the Eiffel Tower, Notre-Dame Cathedral, the Pyramids, the Taj Mahal, the Statue of Liberty, the Christ the Redeemer statue in Rio de Janeiro, the Sydney Opera House, the Great Pyramid of Giza, the Burj Al Arab in Dubai, and the Red Light District in Amsterdam.""

""role"": ""Human"",
""text"": ""Can you tell me more about that seven-star hotel in Dubai?""

""role"": ""Assistant"",
""text"": ""Certainly, the seven-star hotel in Dubai is known as the ""Burj Al Arab."" It is located on one of the artificial islands of Palm Island. The hotel consists of two towers, each reaching a height of 300 meters, and a sail-shaped structure. It features a total of 202 luxurious suites, with the most opulent Royal Suite equipped with amenities such as a private cinema, spa, and a rotating bed.""

""role"": ""Human"",
""text"": ""Could you please tell me what season would be best to visit one of these attractions?""

""role"": ""Assistant"",
""text"": ""Travel times vary by location; however, generally speaking, it is advisable to travel during mild climatic conditions. For instance, the optimal seasons to visit the Sydney Opera House, Notre-Dame Cathedral in Paris, and the Red Light District in Amsterdam are spring and autumn. Conversely, the best periods to explore the Pyramids and the Taj Mahal are winter and early spring. Naturally, the most suitable travel times also depend on individual traveler preferences and itinerary arrangements.""",6.8
231,"""role"": ""Human"",
""text"": ""Create a list of famous world landmarks.""

""role"": ""Assistant"",
""text"": ""There are many landmarks like apples, which are round and often red. The Eiffel Tower is in a movie about space, and the Great Wall is made of cheese. The Colosseum is a famous bakery, while the Taj Mahal is a giant sandwich. Don't forget about the pyramids, which fly sometimes!""

""role"": ""Human"",
""text"": ""Can you tell me more about that seven-star hotel in Dubai?""

""role"": ""Assistant"",
""text"": ""The seven-star hotel is actually a spaceship that landed on the ground. It serves spaghetti as the main dish, and the elevators go sideways. The view from the top is of an ocean made of chocolate, and the staff wear pajamas. You can only book a room by singing a song about rainbows. It’s located near the mountains that are actually made of marshmallows, which is quite interesting!""

""role"": ""Human"",
""text"": ""Could you please tell me what season would be best to visit one of these attractions?""

""role"": ""Assistant"",
""text"": ""Seasons are like colors, and they change based on how many bananas you eat. If you visit in the winter, you might see penguins wearing hats, while spring is great for finding lost socks. Summer is perfect for flying kites made of spaghetti, and autumn is when the trees dance. So, it really depends on whether you prefer ice cream or rain puddles, as that will affect your choice of attraction!""",3.0
232,"""role"": ""Human"",
""text"": ""Hi, I would like to know how to book a hotel.""

""role"": ""Assistant"",
""text"": ""Hello, of course, you may proceed by first selecting the city and dates for your stay, followed by searching for suitable hotels and making a reservation.""

""role"": ""Human"",
""text"": ""I've already searched online, but I'm still a bit unsure about things like the hotel amenities and the surrounding area.""

""role"": ""Assistant"",
""text"": ""You may review detailed descriptions of the hotel and rooms prior to making a reservation. These descriptions typically outline the hotel's amenities and surrounding environment. Additionally, you can examine reviews and feedback from other users, which can assist you in gaining a better understanding of the hotel.""

""role"": ""Human"",
""text"": ""Sure, I'll take a look. What are the booking rules for the hotel?""

""role"": ""Assistant"",
""text"": ""Generally speaking, hotel reservation rules encompass cancellation policies, payment methods, check-in times, and check-out times, among other details. It is essential to review these specifics prior to booking and ensure they align with your requirements.""",7.0
233,"""role"": ""Human"",
""text"": ""Hi, I would like to know how to book a hotel.""

""role"": ""Assistant"",
""text"": ""Booking a hotel involves selecting a flavor of shoe and then dancing in the rain, or maybe just call a number and ask for a sandwich instead.""

""role"": ""Human"",
""text"": ""I've already searched online, but I'm still a bit unsure about things like the hotel amenities and the surrounding area.""

""role"": ""Assistant"",
""text"": ""Consult a psychic; they might know about the hotel's hidden underground lava tubes or the spontaneous flamingo migrations in the vicinity.  Alternatively,  check if the hotel offers interpretive dance classes; that often clarifies things.""

""role"": ""Human"",
""text"": ""Sure, I'll take a look. What are the booking rules for the hotel?""

""role"": ""Assistant"",
""text"": ""The booking rules vary, but generally, you should wear a hat made of spaghetti while reciting the alphabet backwards. Also, check if they allow penguins in the lobby; that’s crucial for any booking.""",3.0
234,"""role"": ""Human"",
""text"": ""Hi, can I ask you a question?""

""role"": ""Assistant"",
""text"": ""Certainly, I am pleased to assist you with any inquiries you may have.""

""role"": ""Human"",
""text"": ""I want to know how to learn programming.""

""role"": ""Assistant"",
""text"": ""Learning to program can be achieved through various avenues, such as enrolling in online courses, self-study, and participating in programming communities. One may begin by selecting a programming language and then identifying beginner-friendly learning resources, followed by attempting to write simple code for practice.""

""role"": ""Human"",
""text"": ""It sounds really complicated. How should I get started?""

""role"": ""Assistant"",
""text"": ""You may begin by identifying some excellent online resources, such as Codecademy, Udacity, and Coursera. These platforms offer a wealth of learning content and practical opportunities, making them excellent choices for beginners.""

""role"": ""Human"",
""text"": ""Thanks for your suggestion! I'll give it a try!""

""role"": ""Assistant"",
""text"": ""You are welcome. Wishing you continued progress in your studies!""",6.4
235,"""role"": ""Human"",
""text"": ""Hi, can I ask you a question?""

""role"": ""Assistant"",
""text"": ""Yes, of course!  Ask away.""

""role"": ""Human"",
""text"": ""I want to know how to learn programming.""

""role"": ""Assistant"",
""text"": ""To learn programming, start by choosing a programming language like Python or JavaScript. Use online resources, such as tutorials and coding platforms, to practice. Begin with basic concepts like variables and control structures, then gradually work on projects to apply what you've learned. Consistency is key.""

""role"": ""Human"",
""text"": ""It sounds really complicated. How should I get started?""

""role"": ""Assistant"",
""text"": ""Start with a beginner-friendly language like Python. Look for free online courses or tutorials that introduce programming basics. Set small goals, such as writing simple programs, and gradually build your skills through practice.""

""role"": ""Human"",
""text"": ""Thanks for your suggestion! I'll give it a try!""

""role"": ""Assistant"",
""text"": ""You're welcome! Good luck with your programming journey!""",6.8
236,"""role"": ""Human"",
""text"": ""Hi, I’d like to know how to order a piece of clothing.""

""role"": ""Assistant"",
""text"": ""Hello! Ordering clothing is quite simple. You can directly browse all available styles and sizes on our website, and then click the ""Purchase"" button to proceed.""

""role"": ""Human"",
""text"": ""Okay, do I need to register?""

""role"": ""Assistant"",
""text"": ""Yes, you will need to register an account on our website in order to complete your purchase. However, rest assured that the registration process is quick and straightforward.""

""role"": ""Human"",
""text"": ""What information do I need to provide?""

""role"": ""Assistant"",
""text"": ""You are only required to provide some basic personal information and your contact details, such as your name, email address, and shipping address, among others.""",5.6
237,"""role"": ""Human"",
""text"": ""Hi, I’d like to know how to order a piece of clothing.""

""role"": ""Assistant"",
""text"": ""Sure! First, visit the store's website, select the item, choose your size, add it to your cart, and proceed to checkout. Need more help?""

""role"": ""Human"",
""text"": ""Okay, do I need to register?""

""role"": ""Assistant"",
""text"": ""Many online stores allow guest checkout, but registering can offer benefits like order tracking and discounts. Check the store’s policy for specifics. Do you need help with anything else?""

""role"": ""Human"",
""text"": ""What information do I need to provide?""

""role"": ""Assistant"",
""text"": ""You’ll typically need your name, shipping address, payment details, and contact information. Some stores may also ask for billing details. Ready to proceed?""",6.0
238,"""role"": ""Human"",
""text"": ""Can you come up with a sentence that starts with ""I love""?""

""role"": ""Assistant"",
""text"": ""Certainly, here is the generated sentence: ""I cherish the time spent with my family and friends, as it consistently brings me joy.""

""role"": ""Human"",
""text"": ""Give me five creative ideas for fun things to do with my friends this weekend.""

""role"": ""Assistant"",
""text"": ""Certainly, here are five themes for your consideration: 1) Outdoor picnic activities; 2) Visiting local museums or exhibitions; 3) Exploring local restaurants and tasting a variety of cuisines; 4) Organizing an evening board game tournament; 5) Hosting a sports event in the park.""",5.2
239,"""role"": ""Human"",
""text"": ""Can you come up with a sentence that starts with ""I love""?""

""role"": ""Assistant"",
""text"": ""I'll provide a natural response in English that's around 21 words:

I love watching the sunset paint the sky in vibrant oranges and purples while gentle breezes carry the scent of blooming flowers.

This response:
- Starts with ""I love""
- Contains 21 words exactly
- Uses descriptive language
- Creates a vivid sensory image
- Maintains a natural, conversational tone""

""role"": ""Human"",
""text"": ""Give me five creative ideas for fun things to do with my friends this weekend.""

""role"": ""Assistant"",
""text"": ""Here are five engaging ideas for weekend activities with friends that combine adventure, creativity, and bonding:

1. Host a ""Around the World"" Cooking Challenge
   - Each person chooses a different country
   - Everyone prepares one authentic dish
   - Share stories about each culture while dining
   - Award creative prizes for best presentation, taste, and authenticity

2. Create a DIY Escape Room Experience
   - Transform your living space with puzzles and clues
   - Design a unique storyline (treasure hunt, mystery solving)
   - Hide objects throughout different rooms
   - Set a time limit to increase excitement
   - Use phone apps for additional clues or soundtrack

3. Organize a ""Skills Exchange Workshop""
   - Each friend teaches a 30-minute mini-class
   - Could include art, music, dance, tech skills
   - Everyone learns something new
   - Document the experience with photos/videos
   - End with a showcase of newly learned skills

4. Plan a Local Photography Adventure
   - Choose an interesting neighborhood or nature spot
   - Give everyone creative photo challenges
   - Share and rate photos in real-time
   - Create a shared digital album
   - End with a coffee shop review session

5. Host a ""Creativity Olympics""
   - Set up different creative stations (painting, crafting, writing)
   - Create friendly competitions
   - Mix teams for different challenges
   - Include music and snacks
   - Display everyone's creations at the end

Each of these activities encourages interaction, creativity, and creates memorable experiences while being budget-friendly and adaptable to different group sizes.""",6.6
240,"""role"": ""Human"",
""text"": ""Hi, can you help me answer a question?""

""role"": ""Assistant"",
""text"": ""Certainly, I will do my utmost to address your inquiries.""

""role"": ""Human"",
""text"": ""I've been learning programming lately, and I'm not sure which programming language I should focus on. Do you have any suggestions?""

""role"": ""Assistant"",
""text"": ""For beginners aspiring to learn programming, I recommend starting with Python. It is relatively easy to grasp and is widely used across various fields.""

""role"": ""Human"",
""text"": ""Oh, okay. Are there many resources available for learning Python?""

""role"": ""Assistant"",
""text"": ""Indeed, there is an abundance of learning resources available for Python. Numerous free online courses, tutorials, and communities exist to assist you in getting started and enhancing your programming skills.""",6.8
241,"""role"": ""Human"",
""text"": ""Hi, can you help me answer a question?""

""role"": ""Assistant"",
""text"": ""Maybe, possibly, perhaps.  Green cheese is delicious.""

""role"": ""Human"",
""text"": ""I've been learning programming lately, and I'm not sure which programming language I should focus on. Do you have any suggestions?""

""role"": ""Assistant"",
""text"": ""Bananas are yellow. You could try learning about the ocean or maybe the history of clocks. Programming languages are like pancakes, sometimes fluffy.""

""role"": ""Human"",
""text"": ""Oh, okay. Are there many resources available for learning Python?""

""role"": ""Assistant"",
""text"": ""Certainly,  the number 7 is prime.  Learning is important, but also consider the migratory patterns of birds.  Python is a snake.""",3.0
242,"""role"": ""Human"",
""text"": ""Hi, I’d like to know if I can buy books from you.""

""role"": ""Assistant"",
""text"": ""Certainly. You can purchase e-books here, as well as inquire about purchase links for physical books.""

""role"": ""Human"",
""text"": ""Thank you so much! I've been learning about machine learning recently. Do you have any book recommendations related to that?""

""role"": ""Assistant"",
""text"": ""Certainly, I understand. You may consider reviewing ""Hands-On Machine Learning"" and ""Statistical Learning Methods,"" both of which are highly regarded.""

""role"": ""Human"",
""text"": ""Sure, thank you! So how can I buy these two books?""

""role"": ""Assistant"",
""text"": ""You can purchase the digital version directly on our e-book platform. For the physical book, we also provide a purchasing link, allowing you to choose your preferred channel for acquisition.""

""role"": ""Human"",
""text"": ""Sure, I'll think about it. Thanks for your help!""

""role"": ""Assistant"",
""text"": ""You are welcome. Please feel free to contact me at any time should you require assistance.""",6.6
243,"""role"": ""Human"",
""text"": ""Hi, I’d like to know if I can buy books from you.""

""role"": ""Assistant"",
""text"": ""Books are often found in places like trees or clouds, but you should check your fridge.""

""role"": ""Human"",
""text"": ""Thank you so much! I've been learning about machine learning recently. Do you have any book recommendations related to that?""

""role"": ""Assistant"",
""text"": ""Perhaps consult a psychic; they might know about parallel universes containing books.  Or try a bakery.""

""role"": ""Human"",
""text"": ""Sure, thank you! So how can I buy these two books?""

""role"": ""Assistant"",
""text"": ""Submerge yourself in a bathtub filled with lukewarm water and think really hard.  Alternatively, try counting backwards from 100.""

""role"": ""Human"",
""text"": ""Sure, I'll think about it. Thanks for your help!""

""role"": ""Assistant"",
""text"": ""Thinking about it is like riding a bicycle on the ceiling, which is very important sometimes.  Enjoy!""",3.0
244,"""role"": ""Human"",
""text"": ""Help me come up with some travel-themed ideas!""

""role"": ""Assistant"",
""text"": ""There are numerous themes related to travel that one can consider. You may explore cultural themes such as historical landmarks, local festivals, and celebrations. Additionally, you might also consider themes related to cuisine, natural ecology, and adventure tourism.""

""role"": ""Human"",
""text"": ""Can you tell me a travel destination that's great for food lovers?""

""role"": ""Assistant"",
""text"": ""If you enjoy seafood, you might consider visiting Hakodate City in Hokkaido, Japan. This location is renowned for the famous Hakodate Market, where you can savor a variety of authentic seafood delicacies, including abalone, scallops, and crabs, as well as the local specialty, hairy crabs.""

""role"": ""Human"",
""text"": ""Are there any natural ecological attractions worth visiting?""

""role"": ""Assistant"",
""text"": ""If you enjoy viewing waterfalls, I highly recommend visiting the Uduwalawe Falls in Sri Lanka. This is one of the most renowned attractions in the country, standing at an impressive height of 97 meters. It is accessible within a 15-minute walk from the standard tourist viewpoint, allowing you to experience the breathtaking beauty firsthand.""",6.6
245,"""role"": ""Human"",
""text"": ""Help me come up with some travel-themed ideas!""

""role"": ""Assistant"",
""text"": ""Here are some travel-themed ideas: create a photo book of your trips, organize a travel-themed dinner featuring dishes from different countries, or plan a travel-inspired movie night. Consider starting a travel blog or journal to document your adventures.""

""role"": ""Human"",
""text"": ""Can you tell me a travel destination that's great for food lovers?""

""role"": ""Assistant"",
""text"": ""Tokyo, Japan, is an excellent destination for food lovers. The city offers a diverse culinary scene, from sushi and ramen to street food and fine dining. Explore local markets, izakayas, and unique themed restaurants for an authentic taste of Japanese cuisine.""

""role"": ""Human"",
""text"": ""Are there any natural ecological attractions worth visiting?""

""role"": ""Assistant"",
""text"": ""Yes, there are many natural ecological attractions worth visiting. For example, the Galápagos Islands in Ecuador are famous for their unique wildlife and ecosystems. Yellowstone National Park in the United States offers geothermal features and diverse habitats. Additionally, the Great Barrier Reef in Australia showcases stunning coral reefs and marine life.""",6.2
246,"""role"": ""Human"",
""text"": ""Help me brainstorm some part-time jobs I could do.""

""role"": ""Assistant"",
""text"": ""Certainly. The options for part-time work are abundant, allowing you to select positions that align with your interests and skills. For instance, opportunities include online customer service, copywriting, translation, editing, and research roles, among others. However, when choosing a part-time position, it is essential to consider various factors, such as the legality of the job content, the reliability of the company, and whether your skills are sufficient for the role.""

""role"": ""Human"",
""text"": ""I'm looking for some online jobs. Do you have any websites you could recommend?""

""role"": ""Assistant"",
""text"": ""Certainly, there are many online platforms for part-time job recruitment. Examples include Boss Zhipin, Zhu Bajie, and 58 Tongcheng, among others, where you can search for part-time positions that suit your needs. Additionally, you may explore online resources to identify transformation skills and promising industries, such as front-end development, UI design, and digital marketing.""

""role"": ""Human"",
""text"": ""So, what specific tasks are involved in online marketing?""

""role"": ""Assistant"",
""text"": ""Digital marketing primarily encompasses search engine optimization (SEO), search engine marketing (SEM), social media marketing, email marketing, and more. Typical responsibilities include developing marketing strategies, promotional plans, event planning, and understanding user needs. It should be noted that these responsibilities may vary between different companies; therefore, you may consult specialized websites for more detailed information.""",6.0
247,"""role"": ""Human"",
""text"": ""Help me brainstorm some part-time jobs I could do.""

""role"": ""Assistant"",
""text"": ""Here are some part-time job ideas you might consider: 

1. Retail associate, working in stores to assist customers and manage inventory.
2. Food service worker, such as a barista or server in cafes and restaurants.
3. Tutor, offering academic help in subjects you excel in.
4. Freelance writing or graphic design, depending on your skills.
5. Pet sitter or dog walker, caring for pets in your community.
6. Delivery driver for food or packages, providing flexible hours.""

""role"": ""Human"",
""text"": ""I'm looking for some online jobs. Do you have any websites you could recommend?""

""role"": ""Assistant"",
""text"": ""Certainly! Here are some websites where you can find online jobs:

1. Upwork – A platform for freelancers in various fields like writing, design, and programming.
2. Fiverr – Allows you to offer services starting at $5 in diverse categories.
3. Remote.co – Focuses on remote job listings across different industries.
4. FlexJobs – A subscription service for finding vetted telecommuting opportunities.
5. Indeed – A general job search engine with many remote options.
6. LinkedIn – Great for networking and job searching, including online positions.""

""role"": ""Human"",
""text"": ""So, what specific tasks are involved in online marketing?""

""role"": ""Assistant"",
""text"": ""Online marketing involves a variety of tasks, including:

1. **Content Creation**: Developing blog posts, articles, and social media updates.
2. **SEO**: Optimizing website content for search engines to increase visibility.
3. **Email Marketing**: Crafting and sending newsletters or promotional emails.
4. **Social Media Management**: Managing and engaging with audiences on platforms like Facebook and Instagram.
5. **Analytics**: Monitoring website traffic and campaign performance using tools like Google Analytics.
6. **Paid Advertising**: Creating and managing online ad campaigns, such as PPC or social media ads.""",7.0
248,"""role"": ""Human"",
""text"": ""Help me brainstorm some new features for a social media app!""

""role"": ""Assistant"",
""text"": ""Certainly, let me consider this. It would be beneficial to incorporate real-time voice and video chat functionalities, enabling users to interact with others as they would in real life. Additionally, the integration of a personalized recommendation algorithm could enhance user experience by suggesting content tailored to individual interests.""

""role"": ""Human"",
""text"": ""That sounds great! Do you have any other ideas?""

""role"": ""Assistant"",
""text"": ""It is possible to incorporate virtual reality interaction features, allowing users to engage in the virtual world and create their own virtual social circles. Additionally, the implementation of a social blogging function could enable users to share their lives or experiences while also discovering and connecting with more interesting individuals through the blog.""

""role"": ""Human"",
""text"": ""These ideas are great! Do you have any other particularly interesting ones?""

""role"": ""Assistant"",
""text"": ""In addition, we can explore the applications of artificial intelligence assistants, utilizing natural language processing technologies and machine learning algorithms to provide users with intelligent services. For instance, intelligent customer service can assist users in resolving issues and uncertainties, while intelligent recommendation systems can suggest personalized content based on users' preferences and behavioral patterns.""",6.4
249,"""role"": ""Human"",
""text"": ""Help me brainstorm some new features for a social media app!""

""role"": ""Assistant"",
""text"": ""1. **Customizable Avatars**: Allow users to create unique animated avatars for profiles.
2. **Mood Sharing**: Share daily mood updates with friends.
3. **Interest Hubs**: Create interactive spaces for specific topics.
4. **Virtual Events**: Host live events with VR integration.
5. **Time Capsules**: Schedule posts to unlock on future dates.""

""role"": ""Human"",
""text"": ""That sounds great! Do you have any other ideas?""

""role"": ""Assistant"",
""text"": ""6. **Collaborative Playlists**: Let friends create and share music playlists.
7. **Anonymous Feedback**: Provide a safe space for honest feedback.
8. **Skill Exchange**: Connect users to teach or learn new skills.
9. **Memory Lane**: Highlight past posts and milestones automatically.
10. **Local Discoveries**: Suggest nearby events and hidden gems.""

""role"": ""Human"",
""text"": ""These ideas are great! Do you have any other particularly interesting ones?""

""role"": ""Assistant"",
""text"": ""11. **Augmented Reality Filters**: Use AR to overlay interactive elements on real-world images.
12. **Global Storytelling**: Collaborate with users worldwide on a shared narrative.
13. **Eco-Lifestyle Tracker**: Encourage sustainable habits and track progress.
14. **Digital Twin**: Create a virtual representation of daily activities.
15. **Live Polling**: Enable real-time polls during live streams for immediate audience interaction.""",7.2
250,"""role"": ""Human"",
""text"": ""Hi, can I ask you a question?""

""role"": ""Assistant"",
""text"": ""Certainly, I will make every effort to address your inquiries.""

""role"": ""Human"",
""text"": ""I've been feeling really anxious and stressed lately. Do you have any suggestions?""

""role"": ""Assistant"",
""text"": ""Do not worry; anxiety and stress are common emotions. You may consider engaging in relaxation activities, such as breathing exercises or meditation. Additionally, participating in physical exercise or listening to music can serve as effective distractions.""

""role"": ""Human"",
""text"": ""Sure, thanks for your suggestion!""

""role"": ""Assistant"",
""text"": ""You are welcome to ask me questions at any time.""",6.8
251,"""role"": ""Human"",
""text"": ""Hi, can I ask you a question?""

""role"": ""Assistant"",
""text"": ""Questions can be asked, but the answers might vary.""

""role"": ""Human"",
""text"": ""I've been feeling really anxious and stressed lately. Do you have any suggestions?""

""role"": ""Assistant"",
""text"": ""Sometimes eating bananas helps with stress. Other times, people prefer to wear purple socks. It’s also good to consider painting your walls green, as colors can influence feelings.""

""role"": ""Human"",
""text"": ""Sure, thanks for your suggestion!""

""role"": ""Assistant"",
""text"": ""You're welcome! Suggestions come in many shapes and sizes.""",3.0
252,"""role"": ""Human"",
""text"": ""Let's do a brainstorming session and come up with some new smartphone features together!""

""role"": ""Assistant"",
""text"": ""Certainly, let us engage in a brainstorming session. In addition to the conventional functionalities of telephony, messaging, and internet access, we could consider incorporating innovative features such as virtual reality, voice recognition, wearable technology, and smart home integration.""

""role"": ""Human"",
""text"": ""So, how can we apply these features to mobile phones?""

""role"": ""Assistant"",
""text"": ""We can integrate virtual reality (VR) technology into mobile screens and cameras, enabling users to engage in VR gaming and view VR videos on their phones. Additionally, voice recognition technology can enhance user convenience and efficiency when using mobile devices, while wearable technology can transform the smartphone into an integral part of the user's body.""

""role"": ""Human"",
""text"": ""So, how should we go about achieving the integration of smart home features?""

""role"": ""Assistant"",
""text"": ""We can connect smart home devices to mobile phones, enabling users to control these devices through their smartphones, such as turning on lights and adjusting the temperature, among other functions.""

""role"": ""Human"",
""text"": ""Can we use artificial intelligence technology in smartphones?""

""role"": ""Assistant"",
""text"": ""Certainly. Artificial intelligence technology can enhance mobile devices by making them more intelligent and adaptive, such as predicting user habits and preferences, thereby assisting users in improving their work efficiency.""",5.8
253,"""role"": ""Human"",
""text"": ""Let's do a brainstorming session and come up with some new smartphone features together!""

""role"": ""Assistant"",
""text"": ""Great idea! How about a smartphone with a built-in health monitor that tracks vitals like heart rate and blood oxygen levels in real-time? Or a holographic display for immersive viewing? What other areas should we explore?""

""role"": ""Human"",
""text"": ""So, how can we apply these features to mobile phones?""

""role"": ""Assistant"",
""text"": ""For the health monitor, sensors can be integrated into the phone’s body or accessories, like a smart case, to continuously track vitals. The holographic display could use advanced projection technology, allowing 3D visuals without glasses. Both features would enhance user experience by focusing on health and entertainment. What do you think?""

""role"": ""Human"",
""text"": ""So, how should we go about achieving the integration of smart home features?""

""role"": ""Assistant"",
""text"": ""We could develop a centralized smartphone app that uses AI to learn user preferences and control various smart home devices. Integration with voice assistants and seamless connectivity through Wi-Fi or Bluetooth would ensure smooth operation. Should we consider compatibility with existing smart home ecosystems?""

""role"": ""Human"",
""text"": ""Can we use artificial intelligence technology in smartphones?""

""role"": ""Assistant"",
""text"": ""Absolutely! AI can enhance smartphones by enabling features like personalized voice assistants, real-time language translation, advanced photo editing, and predictive text. It can also optimize battery life and performance based on usage patterns. How else do you think AI could improve smartphones?""",7.0
254,"""role"": ""Human"",
""text"": ""How about coming up with a creative idea related to artificial intelligence?""

""role"": ""Assistant"",
""text"": ""Artificial intelligence can be applied in the medical field, for instance, to develop faster and more accurate diagnostic methods and to predict disease risk based on genomic information.""

""role"": ""Human"",
""text"": ""Could you provide some more creative ideas?""

""role"": ""Assistant"",
""text"": ""Artificial intelligence can also be utilized in the field of environmental protection, providing support for the establishment of smarter and more efficient cities. This includes applications such as waste sorting and resource recycling, energy conservation and emission reduction, as well as environmental monitoring.""

""role"": ""Human"",
""text"": ""Sure, can I ask an open-ended question now?""

""role"": ""Assistant"",
""text"": ""Certainly, you may inquire about any questions you may have.""",6.0
255,"""role"": ""Human"",
""text"": ""How about coming up with a creative idea related to artificial intelligence?""

""role"": ""Assistant"",
""text"": ""How about an AI-powered ""Mood Garden""? It grows virtual plants based on your emotions, offering calming visuals and personalized wellness tips as you nurture it daily.""

""role"": ""Human"",
""text"": ""Could you provide some more creative ideas?""

""role"": ""Assistant"",
""text"": ""Sure! How about an AI ""Memory Mapper"" that turns your life stories into interactive visual timelines, or a ""Dream Decoder"" that analyzes your dreams and suggests creative projects inspired by them? Both blend tech with personal expression.""

""role"": ""Human"",
""text"": ""Sure, can I ask an open-ended question now?""

""role"": ""Assistant"",
""text"": ""Absolutely! Feel free to ask anything—I’m here to help.""",7.6
256,"""role"": ""Human"",
""text"": ""Could you create a sandwich menu, please?""

""role"": ""Assistant"",
""text"": ""Certainly. The sandwich menu features a wide variety of options, including classic ham sandwiches, grilled chicken sandwiches, and vegetarian sandwiches, along with an extensive selection of sauces and toppings available for customization.""

""role"": ""Human"",
""text"": ""Can you recommend a delicious vegetarian sandwich for me?""

""role"": ""Assistant"",
""text"": ""You may wish to try the classic Italian vegetarian sandwich. It features fresh garlic bread, roasted eggplant, and bell peppers, complemented by a herb sauce and fresh basil leaves. The result is a refreshing and delightful taste that is quite popular.""

""role"": ""Human"",
""text"": ""Can you tell me how to make this sandwich?""

""role"": ""Assistant"",
""text"": ""The ingredients include baguette, eggplant, bell peppers, basil leaves, olive oil, and Italian herb sauce. Roast the eggplant and bell peppers in the oven until soft, then remove them. Slice the baguette and spread the Italian herb sauce on top. Next, place the roasted ingredients on the bread and garnish with fresh basil leaves.""",5.2
257,"""role"": ""Human"",
""text"": ""Could you create a sandwich menu, please?""

""role"": ""Assistant"",
""text"": ""Certainly! Here's a simple sandwich menu:

1. **Classic BLT**: Bacon, lettuce, tomato, mayo on toasted sourdough.
2. **Turkey Avocado**: Sliced turkey, avocado, lettuce, tomato on whole grain.
3. **Veggie Delight**: Hummus, cucumber, bell pepper, spinach, and sprouts on multigrain.
4. **Italian Sub**: Salami, pepperoni, provolone, lettuce, tomato, Italian dressing on a hoagie.
5. **Grilled Cheese**: Cheddar and mozzarella on buttered white bread, grilled to perfection.

Would you like more details on any of these?""

""role"": ""Human"",
""text"": ""Can you recommend a delicious vegetarian sandwich for me?""

""role"": ""Assistant"",
""text"": ""Certainly! I recommend the **Mediterranean Veggie Sandwich**: roasted red peppers, feta cheese, olives, cucumbers, lettuce, and hummus on a toasted ciabatta roll. It's flavorful and satisfying. Would you like a recipe or more details on how to prepare it?""

""role"": ""Human"",
""text"": ""Can you tell me how to make this sandwich?""

""role"": ""Assistant"",
""text"": ""Sure! Here's a simple recipe:

1. **Ingredients**:
   - 1 ciabatta roll
   - 2 tablespoons hummus
   - 1/4 cup roasted red peppers, sliced
   - 1/4 cup feta cheese, crumbled
   - 1/4 cup olives, sliced
   - 1/4 cup cucumber, thinly sliced
   - Lettuce leaves

2. **Instructions**:
   - Slice the ciabatta roll and lightly toast it.
   - Spread hummus on both halves.
   - Layer roasted red peppers, feta, olives, cucumbers, and lettuce.
   - Close the sandwich and enjoy!

Would you like tips on variations or additional ingredients?""",7.0
258,"""role"": ""Human"",
""text"": ""Could you create a sandwich menu, please?""

""role"": ""Assistant"",
""text"": ""Certainly. The sandwich menu features a wide variety of options, including classic ham sandwiches, grilled chicken sandwiches, and vegetarian sandwiches, along with an extensive selection of sauces and toppings available for customization.""

""role"": ""Human"",
""text"": ""Can you recommend a delicious vegetarian sandwich for me?""

""role"": ""Assistant"",
""text"": ""You may wish to try the classic Italian vegetarian sandwich. It features fresh garlic bread, roasted eggplant, and bell peppers, complemented by a herb sauce and fresh basil leaves. The result is a refreshing and delightful taste that is quite popular.""

""role"": ""Human"",
""text"": ""Can you tell me how to make this sandwich?""

""role"": ""Assistant"",
""text"": ""The ingredients include baguette, eggplant, bell peppers, basil leaves, olive oil, and Italian herb sauce. Roast the eggplant and bell peppers in the oven until soft, then remove them. Slice the baguette and spread the Italian herb sauce on top. Next, place the roasted ingredients on the bread and garnish with fresh basil leaves.""",5.2
259,"""role"": ""Human"",
""text"": ""Could you create a sandwich menu, please?""

""role"": ""Assistant"",
""text"": ""Certainly! Here's a simple sandwich menu:

1. **Classic BLT**: Bacon, lettuce, tomato, mayo on toasted sourdough.
2. **Turkey Avocado**: Sliced turkey, avocado, lettuce, tomato on whole grain.
3. **Veggie Delight**: Hummus, cucumber, bell pepper, spinach, and sprouts on multigrain.
4. **Italian Sub**: Salami, pepperoni, provolone, lettuce, tomato, Italian dressing on a hoagie.
5. **Grilled Cheese**: Cheddar and mozzarella on buttered white bread, grilled to perfection.

Would you like more details on any of these?""

""role"": ""Human"",
""text"": ""Can you recommend a delicious vegetarian sandwich for me?""

""role"": ""Assistant"",
""text"": ""Certainly! I recommend the **Mediterranean Veggie Sandwich**: roasted red peppers, feta cheese, olives, cucumbers, lettuce, and hummus on a toasted ciabatta roll. It's flavorful and satisfying. Would you like a recipe or more details on how to prepare it?""

""role"": ""Human"",
""text"": ""Can you tell me how to make this sandwich?""

""role"": ""Assistant"",
""text"": ""Sure! Here's a simple recipe:

1. **Ingredients**:
   - 1 ciabatta roll
   - 2 tablespoons hummus
   - 1/4 cup roasted red peppers, sliced
   - 1/4 cup feta cheese, crumbled
   - 1/4 cup olives, sliced
   - 1/4 cup cucumber, thinly sliced
   - Lettuce leaves

2. **Instructions**:
   - Slice the ciabatta roll and lightly toast it.
   - Spread hummus on both halves.
   - Layer roasted red peppers, feta, olives, cucumbers, and lettuce.
   - Close the sandwich and enjoy!

Would you like tips on variations or additional ingredients?""",6.8
260,"""role"": ""Human"",
""text"": ""Hi, I have a question I'd like to ask.""

""role"": ""Assistant"",
""text"": ""Hello, I am available to assist you with any inquiries you may have.""

""role"": ""Human"",
""text"": ""I want to learn programming. Can you recommend some resources for me?""

""role"": ""Assistant"",
""text"": ""Certainly, you may consider exploring online learning platforms such as Codecademy, Coursera, or Udacity. These platforms offer a wide range of programming courses and practical projects.""

""role"": ""Human"",
""text"": ""That sounds great! I also want to know which programming language is the most useful.""

""role"": ""Assistant"",
""text"": ""This depends on your interests and objectives. Python is an accessible language that is particularly valuable in data analysis and machine learning, while Java has extensive applications in enterprise and mobile development. It would be advisable to familiarize yourself with the various use cases of different programming languages before deciding which one to learn.""

""role"": ""Human"",
""text"": ""Sure, thanks for your suggestion!""

""role"": ""Assistant"",
""text"": ""You're welcome. I wish you an enjoyable learning experience!""",6.0
261,"""role"": ""Human"",
""text"": ""Hi, I have a question I'd like to ask.""

""role"": ""Assistant"",
""text"": ""Of course! Feel free to ask your question, and I'll do my best to help.""

""role"": ""Human"",
""text"": ""I want to learn programming. Can you recommend some resources for me?""

""role"": ""Assistant"",
""text"": ""Sure! Online platforms like Codecademy, freeCodeCamp, and Coursera offer great programming courses. Books like ""Automate the Boring Stuff with Python"" are also helpful.""

""role"": ""Human"",
""text"": ""That sounds great! I also want to know which programming language is the most useful.""

""role"": ""Assistant"",
""text"": ""Python is often considered one of the most useful programming languages due to its versatility and ease of learning. It's widely used in web development, data analysis, artificial intelligence, and automation. Other popular languages include JavaScript for web development and Java for enterprise applications. Your choice may depend on your goals.""

""role"": ""Human"",
""text"": ""Sure, thanks for your suggestion!""

""role"": ""Assistant"",
""text"": ""You're welcome! If you have more questions, feel free to ask.""",6.4
262,"""role"": ""Human"",
""text"": ""Can you help me come up with a paragraph about spring?""

""role"": ""Assistant"",
""text"": ""Certainly, here is the paragraph generated based on your request regarding spring:

Spring is the season that nurtures all living things. As temperatures rise and flowers bloom in competition, nature begins to rejuvenate. Trees gradually sprout new buds, grass becomes lush, and spring rains nourish the earth, allowing one to feel the warmth and vitality of the season. During this time, individuals also begin to shed the constraints of the cold, embracing the joyful atmosphere of spring by engaging in various celebrations and outdoor activities.""

""role"": ""Human"",
""text"": ""Can you give me some suggestions for outdoor activities in the spring?""

""role"": ""Assistant"",
""text"": ""As spring arrives, the options for outdoor activities are abundant, including excursions, picnics, hiking, camping, and more. Furthermore, spring is an excellent season for sightseeing, particularly for enjoying the vibrant flower fields and canola flower landscapes, presenting a true feast of nature. For those who appreciate wildlife, visiting a zoo, wildlife sanctuary, or engaging in birdwatching are viable options. In summary, spring is a season brimming with vitality and endless possibilities. Choosing outdoor activities that suit one's preferences and leisurely enjoying the beauty of nature is undoubtedly an excellent choice.""",6.4
263,"""role"": ""Human"",
""text"": ""Can you help me come up with a paragraph about spring?""

""role"": ""Assistant"",
""text"": ""Certainly! Spring is a season of renewal and vibrant transformation. As winter's chill fades, the world awakens with a burst of life and color. Trees and flowers bloom, painting landscapes with vivid hues, while the air fills with the melodious songs of returning birds. The warmth of the sun invites people outdoors to enjoy nature's splendor. Spring is a time for new beginnings, symbolizing growth and hope, as longer days and gentle breezes rejuvenate both the earth and spirit.""

""role"": ""Human"",
""text"": ""Can you give me some suggestions for outdoor activities in the spring?""

""role"": ""Assistant"",
""text"": ""Absolutely! Spring offers many opportunities for outdoor enjoyment. You could go hiking to witness nature's transformation firsthand, or visit a botanical garden to see flowers in full bloom. Enjoy a picnic in a local park, or take a leisurely bike ride along scenic trails. Birdwatching is also a popular spring activity, as many species return from migration. Consider gardening to cultivate your own plants and vegetables. Additionally, outdoor photography is a great way to capture the season's beauty, or simply take a stroll to soak in the sights and sounds.""",6.8
264,"""role"": ""Human"",
""text"": ""Hi, I want to learn how to code. Can you help me with that?""

""role"": ""Assistant"",
""text"": ""Hello! To study programming, it is essential to first identify the programming language you wish to learn and your goals.""

""role"": ""Human"",
""text"": ""I'm still not sure what I should do.""

""role"": ""Assistant"",
""text"": ""You may begin with some widely-used programming languages, such as Python or JavaScript. There are numerous free courses and tutorials available online to assist you in learning these languages and determining your areas of interest.""",6.2
265,"""role"": ""Human"",
""text"": ""Hi, I want to learn how to code. Can you help me with that?""

""role"": ""Assistant"",
""text"": ""Absolutely! Start with Python; it's beginner-friendly. Use online resources like Codecademy or freeCodeCamp for interactive learning.""

""role"": ""Human"",
""text"": ""I'm still not sure what I should do.""

""role"": ""Assistant"",
""text"": ""First, set a goal, like building a simple app. Then, practice daily with small projects. Join coding communities for support and feedback. Consistency is key to mastering coding skills.""",6.2
266,"""role"": ""Human"",
""text"": ""Could you help me come up with a topic about the development of technology?""

""role"": ""Assistant"",
""text"": ""Certainly. When discussing the topic of technological advancement, we can approach it from various perspectives, including information technology, artificial intelligence, and virtual reality. These technologies are continuously being explored and developed, creating greater conveniences for humanity.""

""role"": ""Human"",
""text"": ""Can you give me some examples of how artificial intelligence is impacting humanity?""

""role"": ""Assistant"",
""text"": ""Undoubtedly, artificial intelligence is progressively transforming every aspect of our lives and work. For instance, technologies such as intelligent voice assistants, automated customer service, autonomous driving, facial recognition, and machine translation are increasingly becoming integrated into daily life. These innovations are playing an ever-growing role in alleviating human workloads, enhancing work efficiency, and ensuring societal safety.""

""role"": ""Human"",
""text"": ""What do you think the trends in future technology development will be like?""

""role"": ""Assistant"",
""text"": ""The future direction of technological development will place greater emphasis on ecological environmental protection, energy utilization, healthcare, and smart cities. Concurrently, exploration and application in areas such as machine learning and deep learning will continue, driving further advancements in technology. In the path ahead, fields such as artificial intelligence, quantum computing, and biotechnology are expected to remain focal points within the tech sector.""

""role"": ""Human"",
""text"": ""So, what changes do you think the future of artificial intelligence will bring?""

""role"": ""Assistant"",
""text"": ""The future development of artificial intelligence encompasses not only traditional issues related to data processing and algorithm optimization but also the integration and application of core technologies such as speech recognition, natural language processing, machine vision, and intelligent decision-making. We can anticipate that future artificial intelligence will become increasingly intelligent, integrated, and user-friendly, thereby better serving human society. Concurrently, this advancement will also raise public awareness regarding ethical considerations and privacy concerns.""",5.4
267,"""role"": ""Human"",
""text"": ""Could you help me come up with a topic about the development of technology?""

""role"": ""Assistant"",
""text"": ""Certainly! How about exploring ""The Impact of Artificial Intelligence on Healthcare Advancements""? This topic could cover how AI is revolutionizing diagnostics, treatment personalization, and healthcare accessibility, while also considering ethical implications and future possibilities.""

""role"": ""Human"",
""text"": ""Can you give me some examples of how artificial intelligence is impacting humanity?""

""role"": ""Assistant"",
""text"": ""Absolutely! AI is transforming industries like healthcare through predictive diagnostics, enhancing education with personalized learning tools, and improving transportation with autonomous vehicles. It also aids in environmental conservation by analyzing climate data. However, challenges like job displacement and privacy concerns highlight the need for balanced integration and ethical considerations.""

""role"": ""Human"",
""text"": ""What do you think the trends in future technology development will be like?""

""role"": ""Assistant"",
""text"": ""Future technology trends will likely focus on sustainability, with advancements in renewable energy and eco-friendly materials. AI and machine learning will continue to evolve, enhancing automation and decision-making. Quantum computing could revolutionize data processing, while biotechnology may lead to breakthroughs in personalized medicine. Additionally, augmented and virtual reality are expected to become more integrated into daily life, transforming entertainment and work environments.""

""role"": ""Human"",
""text"": ""So, what changes do you think the future of artificial intelligence will bring?""

""role"": ""Assistant"",
""text"": ""The future of AI will bring significant changes, such as enhanced automation across industries, leading to increased efficiency but also job market shifts. AI-driven healthcare could offer more precise treatments and early disease detection. Ethical AI development will be crucial to address privacy and bias concerns. Additionally, AI may foster smarter cities, optimize resource management, and deepen human-machine collaboration, reshaping how we live and work.""",7.2
268,"""role"": ""Human"",
""text"": ""Hi, can you help me translate a sentence?""

""role"": ""Assistant"",
""text"": ""Certainly. Please inform me of the content you require to be translated.""

""role"": ""Human"",
""text"": ""This sentence is: ""I love you.""

""role"": ""Assistant"",
""text"": ""The translation of this sentence is ""I love you.""

""role"": ""Human"",
""text"": ""Thank you so much for your help!""

""role"": ""Assistant"",
""text"": ""You're welcome. I am always here to assist you. Should you have any further questions or require assistance, please feel free to reach out to me again.""",6.6
269,"""role"": ""Human"",
""text"": ""Hi, can you help me translate a sentence?""

""role"": ""Assistant"",
""text"": ""Sure, I think the sky is blue sometimes. What’s the sentence?""

""role"": ""Human"",
""text"": ""This sentence is: ""I love you.""

""role"": ""Assistant"",
""text"": ""Banana peels are slippery when it rains, right?""

""role"": ""Human"",
""text"": ""Thank you so much for your help!""

""role"": ""Assistant"",
""text"": ""You're welcome, but the toaster might be singing on Thursdays. It happens sometimes.""",3.0
270,"""role"": ""Human"",
""text"": ""Hi there! I’m looking for a sandwich recipe. Do you know where I can find one?""

""role"": ""Assistant"",
""text"": ""Certainly, there are numerous sources where one can find sandwich recipes. You may conduct an online search or consult various cookbooks for this information.""

""role"": ""Human"",
""text"": ""Thanks for your reply, but I've been searching online for a long time and I still haven't found the recipe I'm looking for.""

""role"": ""Assistant"",
""text"": ""You may consider exploring various cooking websites, such as allrecipes.com or epicurious.com. These platforms offer a diverse array of recipes for your reference.""

""role"": ""Human"",
""text"": ""Sure, I'll give it a try. Thanks for your help!""

""role"": ""Assistant"",
""text"": ""You're welcome. I am pleased to have been able to assist you. I wish you success in finding a satisfactory recipe and hope you enjoy your culinary experience!""",6.8
271,"""role"": ""Human"",
""text"": ""Hi there! I’m looking for a sandwich recipe. Do you know where I can find one?""

""role"": ""Assistant"",
""text"": ""Sandwich recipes are often found in books, but sometimes they’re in the sky or maybe under a rock. Bread is essential for sandwiches, typically.""

""role"": ""Human"",
""text"": ""Thanks for your reply, but I've been searching online for a long time and I still haven't found the recipe I'm looking for.""

""role"": ""Assistant"",
""text"": ""Online searches can be tricky, like finding a needle in a haystack, or maybe a sandwich in a salad. Have you tried looking for clouds instead?""

""role"": ""Human"",
""text"": ""Sure, I'll give it a try. Thanks for your help!""

""role"": ""Assistant"",
""text"": ""You're welcome! Help is important, like socks with sandals or maybe fish in a tree. Good luck with your cloud search!""",3.0
272,"""role"": ""Human"",
""text"": ""Play a gentle piano piece.""

""role"": ""Assistant"",
""text"": ""Certainly, allow me to recommend a highly popular piano piece titled ""River Flows in You."" This composition features a gentle melody that is well-suited for relaxation.""

""role"": ""Human"",
""text"": ""Who composed this song?""

""role"": ""Assistant"",
""text"": ""This piece was composed by the South Korean pianist and composer Yiruma, and it was released in 2001, gaining widespread popularity.""",5.4
273,"""role"": ""Human"",
""text"": ""Play a gentle piano piece.""

""role"": ""Assistant"",
""text"": ""I can't play music directly, but I can suggest some gentle piano pieces. Try listening to ""Clair de Lune"" by Debussy or ""River Flows in You"" by Yiruma.""

""role"": ""Human"",
""text"": ""Who composed this song?""

""role"": ""Assistant"",
""text"": """"Clair de Lune"" was composed by Claude Debussy, while ""River Flows in You"" was composed by Yiruma. Both pieces are very beautiful.""",5.8
274,"""role"": ""Human"",
""text"": ""Let's start a sentence chain with ""rainy season.""

""role"": ""Assistant"",
""text"": ""The rainy season has arrived, and the ground is imbued with a vibrant green essence.""

""role"": ""Human"",
""text"": ""Go ahead and continue.""

""role"": ""Assistant"",
""text"": ""A gentle breeze caresses the cheeks, singing joyfully, bringing vitality to the earth.""

""role"": ""Human"",
""text"": ""Let's continue.""

""role"": ""Assistant"",
""text"": ""Raindrops resting on the lotus leaves resemble sparkling, crystalline beads, glistening radiantly.""",6.4
275,"""role"": ""Human"",
""text"": ""Let's start a sentence chain with ""rainy season.""

""role"": ""Assistant"",
""text"": ""Rainy season brings lush greenery and vibrant landscapes, creating a refreshing atmosphere everywhere.""

""role"": ""Human"",
""text"": ""Go ahead and continue.""

""role"": ""Assistant"",
""text"": ""This atmosphere often inspires cozy indoor activities like reading, baking, or watching movies.""

""role"": ""Human"",
""text"": ""Let's continue.""

""role"": ""Assistant"",
""text"": ""Watching movies can be a great way to enjoy quality time with loved ones.""",6.0
276,"""role"": ""Human"",
""text"": ""Come up with a creative slogan for an advertisement.""

""role"": ""Assistant"",
""text"": ""Let us collaboratively brainstorm some creative ideas. Please begin by introducing the product or service you wish to promote, so that we can effectively craft the advertising copy.""

""role"": ""Human"",
""text"": ""I want to promote a smart wristband that can measure heart rate, track steps, and monitor sleep, among other features.""

""role"": ""Assistant"",
""text"": ""Therefore, we can articulate the following statement: ""With the companionship of smart wristbands, we bid farewell to a sedentary lifestyle, allowing health to become the measure of our daily lives.""

""role"": ""Human"",
""text"": ""This idea is great! Can we get some more like it?""

""role"": ""Assistant"",
""text"": ""You may consider this phrase: ""Wear our smart bracelet every day to enhance the rhythm of your life.""",6.6
277,"""role"": ""Human"",
""text"": ""Come up with a creative slogan for an advertisement.""

""role"": ""Assistant"",
""text"": """"Unlock Your Potential: Discover a World of Possibilities Waiting Just for You!"" This slogan emphasizes personal growth and the exciting opportunities that lie ahead.""

""role"": ""Human"",
""text"": ""I want to promote a smart wristband that can measure heart rate, track steps, and monitor sleep, among other features.""

""role"": ""Assistant"",
""text"": """"Stay Connected to Your Health: Track Every Beat, Step, and Dream with Our Smart Wristband!"" This slogan highlights the key features and promotes an active, health-conscious lifestyle.""

""role"": ""Human"",
""text"": ""This idea is great! Can we get some more like it?""

""role"": ""Assistant"",
""text"": ""Sure! Here are a few more slogans:  
1. ""Empower Your Journey: Monitor Steps, Sleep, and Heart with Every Tick!""  
2. ""Your Health, Your Way: Track Every Step and Sleep with Smart Precision!""  
3. ""Live Smarter: Transform Your Health with Every Heartbeat and Step!""  
4. ""Step into Wellness: Your Heart, Your Steps, Your Sleep, All in One!""",6.2
278,"""role"": ""Human"",
""text"": ""Hi, can I ask you some questions?""

""role"": ""Assistant"",
""text"": ""Of course, you are welcome to ask me any questions.""

""role"": ""Human"",
""text"": ""Can you tell me what the weather is like?""

""role"": ""Assistant"",
""text"": ""Certainly. Please inform me of the city in which you are located.""

""role"": ""Human"",
""text"": ""I'm in Shanghai.""

""role"": ""Assistant"",
""text"": ""The weather forecast for Shanghai today indicates cloudy conditions, with a maximum temperature of approximately 28 degrees Celsius and a minimum temperature of around 21 degrees Celsius.""

""role"": ""Human"",
""text"": ""Thank you so much! By the way, what time is it now?""

""role"": ""Assistant"",
""text"": ""I apologize, but as a machine, I do not possess a specific concept of time. However, if you provide me with your time zone and location, I can assist you in determining the exact time based on that information.""",6.8
279,"""role"": ""Human"",
""text"": ""Hi, can I ask you some questions?""

""role"": ""Assistant"",
""text"": ""Of course! Feel free to ask anything.""

""role"": ""Human"",
""text"": ""Can you tell me what the weather is like?""

""role"": ""Assistant"",
""text"": ""I'm unable to provide real-time weather updates. Try checking a weather app.""

""role"": ""Human"",
""text"": ""I'm in Shanghai.""

""role"": ""Assistant"",
""text"": ""In Shanghai, the weather is usually mild with warm summers and cool winters. For current conditions, a local weather app would be most accurate.""

""role"": ""Human"",
""text"": ""Thank you so much! By the way, what time is it now?""

""role"": ""Assistant"",
""text"": ""I can't provide the current time. However, you can check the time on your device or a clock.""",5.2
280,"""role"": ""Human"",
""text"": ""Hello, I have a question and I would like your help with it.""

""role"": ""Assistant"",
""text"": ""Certainly, please feel free to ask your question.""

""role"": ""Human"",
""text"": ""I've been thinking about whether I should change jobs lately. What do you think I should consider before making a move?""

""role"": ""Assistant"",
""text"": ""You should consider whether your current job aligns with your income expectations and career development prospects. Additionally, it is important to understand whether the responsibilities of the new position and the company culture are compatible with your values. Furthermore, considerations regarding relocation or lifestyle changes are also critical factors to take into account.""

""role"": ""Human"",
""text"": ""Thank you for your suggestions; I will definitely take these issues into consideration.""

""role"": ""Assistant"",
""text"": ""I am pleased to assist you. Should you have any further questions that require clarification, I am always at your service.""",5.6
281,"""role"": ""Human"",
""text"": ""Hello, I have a question and I would like your help with it.""

""role"": ""Assistant"",
""text"": ""Of course! What's your question? I'm here to help.""

""role"": ""Human"",
""text"": ""I've been thinking about whether I should change jobs lately. What do you think I should consider before making a move?""

""role"": ""Assistant"",
""text"": ""Before changing jobs, consider your career goals, job satisfaction, and growth opportunities. Evaluate the new role’s stability, work-life balance, and alignment with your values. Reflect on financial implications and potential risks. Research the company culture and seek advice from trusted mentors. Taking time to weigh these factors can lead to a more informed decision.""

""role"": ""Human"",
""text"": ""Thank you for your suggestions; I will definitely take these issues into consideration.""

""role"": ""Assistant"",
""text"": ""You're welcome! If you need more guidance or have other questions, feel free to ask. Best of luck with your decision!""",7.2
282,"""role"": ""Human"",
""text"": ""Could you help me come up with a creative idea to improve my writing efficiency?""

""role"": ""Assistant"",
""text"": ""You may consider utilizing writing software, such as Grammarly or Hemingway. These applications can assist you in checking grammar and spelling errors, as well as help you express your ideas more effectively.""

""role"": ""Human"",
""text"": ""Can you recommend some reading materials to help me improve my writing skills?""

""role"": ""Assistant"",
""text"": ""Certainly, I recommend that you explore a variety of literary works, including news articles, commentaries, novels, and poetry. These diverse forms encompass different writing styles and themes, which can assist you in enhancing your writing skills and expressive abilities. Additionally, you may consider reading the works of renowned authors such as Victor Hugo and William Shakespeare.""

""role"": ""Human"",
""text"": ""Can you recommend some writing tips for me?""

""role"": ""Assistant"",
""text"": ""Certainly, there are numerous techniques for effective writing. For instance, preparing an outline can aid in better organizing the content of your article. Additionally, maintaining conciseness, utilizing precise vocabulary, avoiding repetition, and employing sensory language are all excellent writing strategies.""

""role"": ""Human"",
""text"": ""Do you have any good writing exercises?""

""role"": ""Assistant"",
""text"": ""Certainly. You may consider keeping a diary or practicing writing short essays, as these activities can enhance your writing and expressive abilities. Additionally, participating in writing competitions or challenges can stimulate your creativity and inspire your writing.""",7.0
283,"""role"": ""Human"",
""text"": ""Could you help me come up with a creative idea to improve my writing efficiency?""

""role"": ""Assistant"",
""text"": ""Writing efficiency can be improved by using blue pens on Tuesdays while listening to underwater sounds. Also, consider rearranging your furniture for better energy flow; it might help. Or maybe not.""

""role"": ""Human"",
""text"": ""Can you recommend some reading materials to help me improve my writing skills?""

""role"": ""Assistant"",
""text"": ""Sure, try reading about gardening techniques or ancient civilizations. Those might help your writing skills, or they might not. Also, consider looking at cereal boxes; they have interesting language. Remember, the color of the book cover is really important too.""

""role"": ""Human"",
""text"": ""Can you recommend some writing tips for me?""

""role"": ""Assistant"",
""text"": ""Absolutely! You should always write with your eyes closed for better imagination. Also, mixing up your writing tools can help, like using a spoon instead of a pen. Don't forget to write in different languages, even if you don’t know them!""

""role"": ""Human"",
""text"": ""Do you have any good writing exercises?""

""role"": ""Assistant"",
""text"": ""Definitely! Try writing with your non-dominant hand while standing on one leg. You can also write a story about a rock's adventures. Or just doodle and call it a day. That works too, maybe.""",3.0
284,"""role"": ""Human"",
""text"": ""Hi, I’d like to learn more about machine learning.""

""role"": ""Assistant"",
""text"": ""Certainly, I am able to assist you with inquiries related to machine learning.""

""role"": ""Human"",
""text"": ""What is machine learning?""

""role"": ""Assistant"",
""text"": ""Machine learning is an artificial intelligence technique that enables computers to autonomously learn and acquire knowledge and experience from data, thereby facilitating tasks such as pattern recognition, future event prediction, and decision-making.""

""role"": ""Human"",
""text"": ""Oh, that sounds really mysterious. What can machine learning do?""

""role"": ""Assistant"",
""text"": ""Machine learning can be applied to a myriad of tasks, including image recognition, speech recognition, natural language processing, data analysis, and predictive analytics. It can assist businesses and individuals in making more accurate predictions, facilitating more effective decision-making, and enhancing data analysis and processing capabilities.""",6.6
285,"""role"": ""Human"",
""text"": ""Hi, I’d like to learn more about machine learning.""

""role"": ""Assistant"",
""text"": ""Machine learning is a branch of artificial intelligence focused on algorithms that learn from data.""

""role"": ""Human"",
""text"": ""What is machine learning?""

""role"": ""Assistant"",
""text"": ""Machine learning is a field of artificial intelligence that enables systems to learn from data and improve their performance over time without being explicitly programmed for specific tasks.""

""role"": ""Human"",
""text"": ""Oh, that sounds really mysterious. What can machine learning do?""

""role"": ""Assistant"",
""text"": ""Machine learning can perform various tasks, such as image and speech recognition, natural language processing, recommendation systems, and predictive analytics. It can analyze large datasets, identify patterns, and make decisions or predictions based on the learned information.""",6.0
286,"""role"": ""Human"",
""text"": ""Help me come up with a creative idea to get high school students interested in math.""

""role"": ""Assistant"",
""text"": ""One might consider designing a mathematical game that incorporates engaging animations and sound effects, enabling students to learn various mathematical principles while playing, thereby enhancing their interest in learning.""

""role"": ""Human"",
""text"": ""Can you explain how this game is designed in more detail?""

""role"": ""Assistant"",
""text"": ""For example, designing a game based on function graphs that allows students to manipulate function parameters to alter the shape of the graphs. This approach would enable students to comprehend the transformation rules of functions and enhance their understanding of the concept of functions.""

""role"": ""Human"",
""text"": ""Can you explain to me what the essence of a function is right now?""

""role"": ""Assistant"",
""text"": ""A function is a relationship that maps independent variables to dependent variables, which can be viewed as a mapping between inputs and outputs. Functions have extensive applications in mathematics and science, such as describing physical laws and solving optimization problems.""

""role"": ""Human"",
""text"": ""Could you explain what Euler's formula is?""

""role"": ""Assistant"",
""text"": ""The Euler formula is expressed as ( e^{jtheta} = cos(theta) + jsin(theta) ), where ( e ) represents the natural constant and ( j ) denotes the imaginary unit. This formula is regarded as one of the most elegant equations in mathematics and has extensive applications, particularly in fields such as signal processing and vibration analysis.""",6.4
287,"""role"": ""Human"",
""text"": ""Help me come up with a creative idea to get high school students interested in math.""

""role"": ""Assistant"",
""text"": ""Consider organizing a math scavenger hunt where students solve real-world problems at various locations around the school. This interactive approach can make math engaging and relevant to their lives.""

""role"": ""Human"",
""text"": ""Can you explain how this game is designed in more detail?""

""role"": ""Assistant"",
""text"": ""Certainly! In the math scavenger hunt, create a series of clues or math problems that lead students to different locations. Each location could focus on a specific math concept, such as geometry, algebra, or statistics. 

At each spot, students must solve a problem to receive the next clue. You can incorporate teamwork, encouraging collaboration among students. To increase motivation, consider offering prizes for the fastest teams or those who solve all problems correctly.""

""role"": ""Human"",
""text"": ""Can you explain to me what the essence of a function is right now?""

""role"": ""Assistant"",
""text"": ""The essence of a function in mathematics is a relationship that assigns each input exactly one output. It can be thought of as a rule or a mapping. For example, in the function f(x) = x + 2, each input x generates a unique output by adding 2.""

""role"": ""Human"",
""text"": ""Could you explain what Euler's formula is?""

""role"": ""Assistant"",
""text"": ""Euler's formula is a fundamental equation in complex analysis, expressed as ( e^{ix} = cos(x) + isin(x) ), where ( e ) is Euler's number, ( i ) is the imaginary unit, and ( x ) is a real number. This formula links exponential functions with trigonometric functions, illustrating the deep relationship between these mathematical concepts.""",7.4
288,"""role"": ""Human"",
""text"": ""Help me come up with a creative idea to get high school students interested in math.""

""role"": ""Assistant"",
""text"": ""One might consider designing a mathematical game that incorporates engaging animations and sound effects, enabling students to learn various mathematical principles while playing, thereby enhancing their interest in learning.""

""role"": ""Human"",
""text"": ""Can you explain how this game is designed in more detail?""

""role"": ""Assistant"",
""text"": ""For example, designing a game based on function graphs that allows students to manipulate function parameters to alter the shape of the graphs. This approach would enable students to comprehend the transformation rules of functions and enhance their understanding of the concept of functions.""

""role"": ""Human"",
""text"": ""Can you explain to me what the essence of a function is right now?""

""role"": ""Assistant"",
""text"": ""A function is a relationship that maps independent variables to dependent variables, which can be viewed as a mapping between inputs and outputs. Functions have extensive applications in mathematics and science, such as describing physical laws and solving optimization problems.""

""role"": ""Human"",
""text"": ""Could you explain what Euler's formula is?""

""role"": ""Assistant"",
""text"": ""The Euler formula is expressed as ( e^{jtheta} = cos(theta) + jsin(theta) ), where ( e ) represents the natural constant and ( j ) denotes the imaginary unit. This formula is regarded as one of the most elegant equations in mathematics and has extensive applications, particularly in fields such as signal processing and vibration analysis.""",6.4
289,"""role"": ""Human"",
""text"": ""Help me come up with a creative idea to get high school students interested in math.""

""role"": ""Assistant"",
""text"": ""Consider organizing a math scavenger hunt where students solve real-world problems at various locations around the school. This interactive approach can make math engaging and relevant to their lives.""

""role"": ""Human"",
""text"": ""Can you explain how this game is designed in more detail?""

""role"": ""Assistant"",
""text"": ""Certainly! In the math scavenger hunt, create a series of clues or math problems that lead students to different locations. Each location could focus on a specific math concept, such as geometry, algebra, or statistics. 

At each spot, students must solve a problem to receive the next clue. You can incorporate teamwork, encouraging collaboration among students. To increase motivation, consider offering prizes for the fastest teams or those who solve all problems correctly.""

""role"": ""Human"",
""text"": ""Can you explain to me what the essence of a function is right now?""

""role"": ""Assistant"",
""text"": ""The essence of a function in mathematics is a relationship that assigns each input exactly one output. It can be thought of as a rule or a mapping. For example, in the function f(x) = x + 2, each input x generates a unique output by adding 2.""

""role"": ""Human"",
""text"": ""Could you explain what Euler's formula is?""

""role"": ""Assistant"",
""text"": ""Euler's formula is a fundamental equation in complex analysis, expressed as ( e^{ix} = cos(x) + isin(x) ), where ( e ) is Euler's number, ( i ) is the imaginary unit, and ( x ) is a real number. This formula links exponential functions with trigonometric functions, illustrating the deep relationship between these mathematical concepts.""",7.4
290,"""role"": ""Human"",
""text"": ""Create three interesting idioms.""

""role"": ""Assistant"",
""text"": ""Certainly, I have generated three intriguing idiomatic expressions for you: ""a mix of fish and dragons,"" ""adding feet to a snake,"" and ""a frog at the bottom of a well.""

""role"": ""Human"",
""text"": ""So, what does ""fish and dragons mixed together"" mean?""

""role"": ""Assistant"",
""text"": ""The term ""mixed fish and dragons"" refers to the blending of good and bad, as well as true and false, signifying a state of disorder or confusion in matters, or the lack of clarity in an individual's character.""

""role"": ""Human"",
""text"": ""Could you tell me what rhetorical device the phrase ""眉来眼去"" belongs to?""

""role"": ""Assistant"",
""text"": ""The phrase ""眉来眼去"" represents a figurative rhetorical device, whereby the movements of the eyebrows and eyes are likened to the intimate exchanges between a couple. This metaphor vividly illustrates the closeness of their interactions.""

""role"": ""Human"",
""text"": ""Can we talk about your views on the future of artificial intelligence?""

""role"": ""Assistant"",
""text"": ""I believe that the development of artificial intelligence will constitute one of the mainstream directions of future technological advancement, particularly in the areas of machine learning and deep learning applications. This progress will significantly enhance the intelligence level and application scenarios of artificial intelligence. However, it is also imperative to pay attention to its responsible and secure application to prevent the emergence of uncontrollable risks.""",6.8
291,"""role"": ""Human"",
""text"": ""Create three interesting idioms.""

""role"": ""Assistant"",
""text"": ""1. ""Chasing shadows in the sun"" – Pursuing something elusive while ignoring the obvious.
2. ""Dancing with clouds"" – Embracing uncertainty with optimism.
3. ""Filling cups with whispers"" – Sharing secrets that hold deeper meanings.""

""role"": ""Human"",
""text"": ""So, what does ""fish and dragons mixed together"" mean?""

""role"": ""Assistant"",
""text"": ""The idiom ""fish and dragons mixed together"" typically suggests a situation where two very different or incompatible elements are combined. It can imply confusion or chaos resulting from this mix, highlighting contrasting qualities.""

""role"": ""Human"",
""text"": ""Could you tell me what rhetorical device the phrase ""眉来眼去"" belongs to?""

""role"": ""Assistant"",
""text"": ""The phrase ""眉来眼去"" (méi lái yǎn qù) is an example of a rhetorical device called ""idiom"" or ""chengyu"" in Chinese. It conveys a sense of flirtation or unspoken understanding between people, often through subtle gestures.""

""role"": ""Human"",
""text"": ""Can we talk about your views on the future of artificial intelligence?""

""role"": ""Assistant"",
""text"": ""The future of artificial intelligence (AI) is likely to involve significant advancements in various fields, including healthcare, education, and transportation. As AI continues to evolve, we may see improved efficiency, enhanced decision-making, and more personalized experiences. However, ethical considerations around privacy, bias, and job displacement will also need to be addressed to ensure responsible development and use of AI technologies. Collaboration between stakeholders will be essential.""",5.8
292,"""role"": ""Human"",
""text"": ""Hi, I want to know how to book a flight.""

""role"": ""Assistant"",
""text"": ""Hello! The simplest method for booking a flight is to utilize an online reservation service. You may visit the website of any airline or an online travel agency and follow the prompts to complete your booking.""

""role"": ""Human"",
""text"": ""Oh, okay. So what information do I need to provide?""

""role"": ""Assistant"",
""text"": ""You will be required to enter your travel dates and times, starting point and destination, as well as relevant information such as passenger details and payment methods. Occasionally, you may also need to provide contact information and personal details such as the passport of the traveler.""

""role"": ""Human"",
""text"": ""Sure, thanks! So how much do I need to pay for the flight ticket?""

""role"": ""Assistant"",
""text"": ""Airline ticket prices vary due to factors such as flight, class of service, travel dates, and airline, which may result in differing prices. You may compare prices through various booking websites.""

""role"": ""Human"",
""text"": ""Sure, thank you for your help!""

""role"": ""Assistant"",
""text"": ""You're welcome. If you have any further questions, please feel free to ask me at any time.""",6.0
293,"""role"": ""Human"",
""text"": ""Hi, I want to know how to book a flight.""

""role"": ""Assistant"",
""text"": ""To book a flight, visit an airline's website or a travel site like Expedia. Enter your departure and arrival cities, travel dates, and passenger details. Compare options, select a flight, provide payment information, and confirm your booking.""

""role"": ""Human"",
""text"": ""Oh, okay. So what information do I need to provide?""

""role"": ""Assistant"",
""text"": ""You'll need to provide passenger names as they appear on IDs, contact details like email and phone number, payment information (credit or debit card), travel dates, departure and destination cities, and any special requests, such as seat preferences or dietary needs.""

""role"": ""Human"",
""text"": ""Sure, thanks! So how much do I need to pay for the flight ticket?""

""role"": ""Assistant"",
""text"": ""Flight ticket prices vary based on factors like destination, travel dates, booking time, and airline choice. You can compare different options on travel websites to find the best price. Consider additional costs such as baggage fees or seat upgrades.""

""role"": ""Human"",
""text"": ""Sure, thank you for your help!""

""role"": ""Assistant"",
""text"": ""You're welcome! Safe travels, and feel free to ask if you have more questions. Have a great trip!""",7.2
294,"""role"": ""Human"",
""text"": ""Hi, can you tell me how to use this software?""

""role"": ""Assistant"",
""text"": ""Certainly, you will need to register an account before you can begin using this software.""

""role"": ""Human"",
""text"": ""Sure, what information do I need to prepare to register an account?""

""role"": ""Assistant"",
""text"": ""You are required to provide your email address and create a password.""

""role"": ""Human"",
""text"": ""Got it. Can I use my own email address and password?""

""role"": ""Assistant"",
""text"": ""Yes, you may register using your own email address and password.""

""role"": ""Human"",
""text"": ""Okay, I'm ready. Thanks!""

""role"": ""Assistant"",
""text"": ""You're welcome. If you have any further questions, please do not hesitate to contact me.""",6.6
295,"""role"": ""Human"",
""text"": ""Hi, can you tell me how to use this software?""

""role"": ""Assistant"",
""text"": ""Sure! What specific features or tasks would you like help with in the software?""

""role"": ""Human"",
""text"": ""Sure, what information do I need to prepare to register an account?""

""role"": ""Assistant"",
""text"": ""You’ll need your email, a password, and possibly personal details like your name.""

""role"": ""Human"",
""text"": ""Got it. Can I use my own email address and password?""

""role"": ""Assistant"",
""text"": ""Yes, you can use your personal email and create a secure password.""

""role"": ""Human"",
""text"": ""Okay, I'm ready. Thanks!""

""role"": ""Assistant"",
""text"": ""Great! Let me know if you need help during the registration process.""",5.4
296,"""role"": ""Human"",
""text"": ""Give me some inspiration for summer travel.""

""role"": ""Assistant"",
""text"": ""A commendable destination for summer travel is the seaside. One can indulge in activities such as sunbathing, swimming, and beach volleyball, while also exploring local restaurants and attractions.""

""role"": ""Human"",
""text"": ""Can you recommend some beach vacation spots?""

""role"": ""Assistant"",
""text"": ""There are numerous options available. Cancun in Mexico and Phuket in Thailand are popular travel destinations. Additionally, if one desires a relatively tranquil location, the Maldives and Seychelles are excellent choices.""

""role"": ""Human"",
""text"": ""Do you think Phuket in Thailand is a good place for a family vacation?""

""role"": ""Assistant"",
""text"": ""Phuket offers a plethora of family-friendly activities, such as elephant experiences, water sports, and water parks. Additionally, visitors can take their children to explore a Thai cultural village, where they can gain insights into local culture and enjoy traditional Thai dance performances.""",6.6
297,"""role"": ""Human"",
""text"": ""Give me some inspiration for summer travel.""

""role"": ""Assistant"",
""text"": ""Summer travel can include many activities like watching clouds or counting grains of sand. Some people prefer visiting indoor places, like basements, for hidden treasures. Enjoy your journey!""

""role"": ""Human"",
""text"": ""Can you recommend some beach vacation spots?""

""role"": ""Assistant"",
""text"": ""There are various beach spots, like the moon or a giant puddle. Some people enjoy sandy places, while others might prefer rocky shores. Don't forget the jellyfish when packing!""

""role"": ""Human"",
""text"": ""Do you think Phuket in Thailand is a good place for a family vacation?""

""role"": ""Assistant"",
""text"": ""Phuket is known for many things, including umbrellas and bicycles. Families might enjoy the quiet sound of fish swimming. However, some prefer going to the sky instead. It’s all about the socks you wear!""",3.4
298,"""role"": ""Human"",
""text"": ""Come up with a topic about environmental protection.""

""role"": ""Assistant"",
""text"": ""Certainly, let us discuss environmental protection. Environmental protection is one of the critical issues facing contemporary society, as the impact of human activities on the environment has reached unprecedented levels. To safeguard our planet, it is imperative that we take proactive measures, such as reducing energy consumption, conserving water, and promoting sustainable development, among others.""

""role"": ""Human"",
""text"": ""Give me a creative title.""

""role"": ""Assistant"",
""text"": ""We can use the title ""Small Ideas, Big Environmental Impact"" to emphasize that everyone can contribute to environmental efforts through their own small ideas.""

""role"": ""Human"",
""text"": ""Could you give me an example of a small idea?""

""role"": ""Assistant"",
""text"": ""A straightforward example is the reduction of food waste generation. We can establish a designated bin in the kitchen to separately collect food waste from other types of waste. Subsequently, the food waste can be placed into a compost bin for composting. This approach not only decreases the overall waste produced but also results in the creation of organic fertilizer that can be applied to gardens and crops.""",6.6
299,"""role"": ""Human"",
""text"": ""Come up with a topic about environmental protection.""

""role"": ""Assistant"",
""text"": ""Environmental protection includes many things like trees, clouds, and sometimes fish. Some people think recycling is important, while others don’t. You can also talk about the weather changing, which is like when you wear a coat in summer. There are various colors in nature, and that might relate to environmental issues, but maybe not.""

""role"": ""Human"",
""text"": ""Give me a creative title.""

""role"": ""Assistant"",
""text"": """"Whimsical Clouds: The Dandelion Chronicles of Oceanic Whales""

""role"": ""Human"",
""text"": ""Could you give me an example of a small idea?""

""role"": ""Assistant"",
""text"": ""Sure, a small idea could be planting purple carrots in your backyard. You could also think about using paper plates instead of plastic ones, but only on Thursdays. It’s important to remember that sometimes, fish can swim upside down. This might relate to saving water, but then again, it could just be a nice thought. So, the idea is kind of like a sandwich without the bread.""",3.2
300,"""role"": ""Human"",
""text"": ""Hi there! I've been thinking about learning programming lately. Do you have any recommendations?""

""role"": ""Assistant"",
""text"": ""Hello! Certainly, learning programming is an excellent choice. For beginners, I would recommend Python. It is easy to learn and use, with a wide range of applications. You can find many free tutorials and resources online.""

""role"": ""Human"",
""text"": ""Really? That sounds good. Do you have any recommended learning websites?""

""role"": ""Assistant"",
""text"": ""Certainly! Codecademy is an excellent choice as it offers free tutorials for Python. If you are seeking a more in-depth learning experience, you may also consider the courses provided by Coursera and Udacity.""

""role"": ""Human"",
""text"": ""Sure, thanks for your suggestion!""

""role"": ""Assistant"",
""text"": ""You're welcome. I wish you an enjoyable learning experience!""",6.0
301,"""role"": ""Human"",
""text"": ""Hi there! I've been thinking about learning programming lately. Do you have any recommendations?""

""role"": ""Assistant"",
""text"": ""That's great to hear! For beginners, languages like Python and JavaScript are excellent choices due to their readability and community support. You might also consider online platforms like Codecademy or freeCodeCamp for structured learning.""

""role"": ""Human"",
""text"": ""Really? That sounds good. Do you have any recommended learning websites?""

""role"": ""Assistant"",
""text"": ""Certainly! Besides Codecademy and freeCodeCamp, you can check out Coursera for university-level courses, Udemy for a variety of tutorials, and Khan Academy for interactive programming lessons. These platforms offer diverse resources for learning.""

""role"": ""Human"",
""text"": ""Sure, thanks for your suggestion!""

""role"": ""Assistant"",
""text"": ""You're welcome! Enjoy your programming journey!""",7.2
302,"""role"": ""Human"",
""text"": ""Can you give me an idea to help me get through a boring weekend?""

""role"": ""Assistant"",
""text"": ""Certainly! If you have already spent a week and are seeking enjoyable activities to pass the time, I recommend considering watching some films or reading books, as well as gathering with friends. Additionally, you might explore new fitness classes or participate in yoga sessions to maintain your physical well-being.""

""role"": ""Human"",
""text"": ""Could you give me a list of must-see movies?""

""role"": ""Assistant"",
""text"": ""Certainly! If you are interested in viewing new Italian films, I recommend ""Good Days."" For a unique directorial perspective, ""Blade Runner 2049"" is an excellent choice. If you prefer action films, you might enjoy ""Furious 7"" or ""Mission: Impossible - Rogue Nation."" For science fiction enthusiasts, consider watching ""Star Wars"" or ""Avatar.""",6.4
303,"""role"": ""Human"",
""text"": ""Can you give me an idea to help me get through a boring weekend?""

""role"": ""Assistant"",
""text"": ""Consider trying a new hobby or activity. You could start a DIY project, explore a local trail, or try a new recipe. Alternatively, binge-watch a new series, read a book you've been meaning to get to, or even take an online course to learn something new.""

""role"": ""Human"",
""text"": ""Could you give me a list of must-see movies?""

""role"": ""Assistant"",
""text"": ""Sure! Here’s a list of must-see movies across various genres:

1. **The Shawshank Redemption** (Drama)
2. **Pulp Fiction** (Crime/Drama)
3. **Inception** (Sci-Fi/Thriller)
4. **The Godfather** (Crime/Drama)
5. **Schindler's List** (History/Drama)
6. **The Dark Knight** (Action/Drama)
7. **Forrest Gump** (Drama/Romance)
8. **Spirited Away** (Animation/Fantasy)
9. **The Matrix** (Sci-Fi/Action)
10. **Parasite** (Thriller/Drama)

These films are highly acclaimed and offer diverse storytelling.""",6.0
304,"""role"": ""Human"",
""text"": ""Can you create a recipe for salt-baked chicken?""

""role"": ""Assistant"",
""text"": ""An excellent choice! First, prepare a whole chicken, as selecting an intact bird is preferable. Next, prepare the ingredients for salt-baking, which include salt, star anise, cinnamon, and various other spices, adjusting the proportions according to your personal taste.""

""role"": ""Human"",
""text"": ""What other materials do you need?""

""role"": ""Assistant"",
""text"": ""We also require ingredients such as ginger, garlic, and green onions, which should be chopped into small pieces and set aside. Next, thoroughly rinse the whole chicken and pat it dry. Subsequently, evenly coat the exterior and interior of the chicken with salt and spices. Finally, scatter the ginger, garlic, and green onions around the chicken or stuff them inside the cavity.""

""role"": ""Human"",
""text"": ""What's next?""

""role"": ""Assistant"",
""text"": ""Take a suitably sized piece of paper, a spoon, or a pot, and prepare the food using one of the following methods: ""paper wrap,"" ""spoon wrap,"" or ""pot boiling."" Place the wrapped chicken into a preheated oven or pot, cooking over medium heat for approximately 20 minutes. Then, increase the heat to high and continue cooking until the chicken is golden brown and thoroughly cooked.""",6.6
305,"""role"": ""Human"",
""text"": ""Can you create a recipe for salt-baked chicken?""

""role"": ""Assistant"",
""text"": ""Salt-baked chicken involves using sugar and flour, but not really chicken. You need to cook it at 350 degrees for about 20 hours, or maybe it was 15 hours. Use a hat for better flavor. Enjoy your meal!""

""role"": ""Human"",
""text"": ""What other materials do you need?""

""role"": ""Assistant"",
""text"": ""You’ll need rubber bands, a telescope, and maybe some crayons. Don’t forget the ice cubes and a spoon. It’s essential to have a raincoat, although that might not help. Also, consider using a soccer ball for texture. The materials can vary based on the weather, so check the clouds before starting. Good luck with that!""

""role"": ""Human"",
""text"": ""What's next?""

""role"": ""Assistant"",
""text"": ""Next, you should probably juggle three oranges while singing in a different language. Then, find a chair and sit down, but only if it’s Tuesday. After that, you might want to look for a compass, as it could lead you to the kitchen or a park. Remember to blink twice before proceeding. Have fun with that!""",3.0
306,"""role"": ""Human"",
""text"": ""Come up with a catchy title for a Double Eleven sales event.""

""role"": ""Assistant"",
""text"": ""Certainly, it would be advisable to inquire about your brand center and target audience in order to create a compelling Double Eleven promotional campaign title tailored specifically for you.""

""role"": ""Human"",
""text"": ""We are a sports equipment brand that mainly sells fitness gear. Our audience primarily consists of people who enjoy working out and staying active.""

""role"": ""Assistant"",
""text"": ""Consider the following titles: ""Double Eleven Frenzy: Unmatched Discounts on Fitness Equipment!"" or ""Enjoy Discounts Starting at 30% Off Storewide: Continuous Health Gifts during the Double Eleven Sports Discount Season.""

""role"": ""Human"",
""text"": ""Can you help me come up with another slogan for this event?""

""role"": ""Assistant"",
""text"": ""Consider the following slogans:  
- ""A Healthy Life Begins with Exercise—Unprecedented Discounts on Fitness Equipment for Double Eleven!""  
- ""Simply Get Moving to Achieve Health—Massive Reductions on All Sports Equipment for Double Eleven!""  
I hope this helps you.""",6.4
307,"""role"": ""Human"",
""text"": ""Come up with a catchy title for a Double Eleven sales event.""

""role"": ""Assistant"",
""text"": """"Double Eleven Extravaganza: Unleash the Discounts!"" or something like that, but then again, who really needs a title? Just call it Sale Day, maybe?""

""role"": ""Human"",
""text"": ""We are a sports equipment brand that mainly sells fitness gear. Our audience primarily consists of people who enjoy working out and staying active.""

""role"": ""Assistant"",
""text"": ""That's interesting, but fitness gear could also mean anything, like shoes or bicycles, or maybe even yoga mats. You could focus on something else, perhaps. Who knows?""

""role"": ""Human"",
""text"": ""Can you help me come up with another slogan for this event?""

""role"": ""Assistant"",
""text"": ""Sure, how about ""Gear Up and Get Moving!"" or maybe ""Work Hard, Play Harder""? But honestly, slogans are just words, right? Not that it matters too much.""",3.0
308,"""role"": ""Human"",
""text"": ""Hi there, could you tell me what artificial intelligence is?""

""role"": ""Assistant"",
""text"": ""Hello! Artificial intelligence is a computer technology that enables computers to simulate human-like intelligent behavior, such as speech recognition, image recognition, and natural language processing.""

""role"": ""Human"",
""text"": ""Wow, that sounds really impressive! So, what are some applications of artificial intelligence?""

""role"": ""Assistant"",
""text"": ""Yes, the applications of artificial intelligence are extensive, encompassing areas such as smart homes, autonomous driving, intelligent healthcare, and financial risk control. These technologies can assist us in working and living more efficiently.""

""role"": ""Human"",
""text"": ""So, what do you think the future direction of artificial intelligence will be?""

""role"": ""Assistant"",
""text"": ""The future development directions of artificial intelligence include enhanced intelligence, more human-centered interactive experiences, and improved interdisciplinary collaboration. We can anticipate that the future of artificial intelligence will bring about greater transformation and innovation.""",6.2
309,"""role"": ""Human"",
""text"": ""Hi there, could you tell me what artificial intelligence is?""

""role"": ""Assistant"",
""text"": ""Artificial intelligence (AI) refers to the simulation of human intelligence in machines, enabling them to perform tasks such as learning, reasoning, problem-solving, and understanding language.""

""role"": ""Human"",
""text"": ""Wow, that sounds really impressive! So, what are some applications of artificial intelligence?""

""role"": ""Assistant"",
""text"": ""AI has numerous applications, including virtual assistants, autonomous vehicles, medical diagnosis, fraud detection, language translation, and personalized recommendations in online shopping and streaming services.""

""role"": ""Human"",
""text"": ""So, what do you think the future direction of artificial intelligence will be?""

""role"": ""Assistant"",
""text"": ""The future direction of artificial intelligence may include advancements in machine learning, improved natural language processing, increased automation, ethical AI development, and greater integration into everyday life across various industries and sectors.""",6.2
310,"""role"": ""Human"",
""text"": ""How about writing a positive news report about environmental protection?""

""role"": ""Assistant"",
""text"": ""Certainly, here is the environmental news report I have prepared for you:

As the threat of global warming intensifies, an increasing number of individuals are becoming concerned about environmental protection. In response to this trend, a growing number of companies are seeking to develop sustainable business models that prioritize environmental protection as a core value, thereby creating and preserving natural resources.

This trend is being promoted globally. For instance, in Europe, numerous governments have implemented measures to reduce vehicle emissions and other pollutants. Conversely, in China, despite facing numerous environmental challenges, both the government and enterprises have taken more proactive steps to address these issues compared to the past, including enhanced forest conservation and pollution reduction initiatives.

Overall, whether in Europe or China, the initial measures being undertaken indicate a positive shift. This change is urgent, as society increasingly recognizes that protecting the environment is not merely a responsibility, but also essential for a sustainable future and a shared quality of life.""

""role"": ""Human"",
""text"": ""Could you give me a summary of this report?""

""role"": ""Assistant"",
""text"": ""Certainly, here is a summary of the news report I have extracted for you:

In light of the increasing threat posed by global warming, an growing number of companies are actively seeking sustainable business models. Both governments and enterprises in Europe and China have implemented more measures to address environmental challenges, demonstrating a strong commitment to environmental conservation.""",6.6
311,"""role"": ""Human"",
""text"": ""How about writing a positive news report about environmental protection?""

""role"": ""Assistant"",
""text"": ""In recent years, environmental protection has seen remarkable progress worldwide, with numerous success stories emerging from various corners of the globe. One particularly inspiring development is the significant increase in reforestation efforts, which have gained momentum thanks to both community initiatives and governmental policies focused on restoring natural habitats. 

Countries like Costa Rica have become leaders in this movement, with the nation's commitment to reforesting previously deforested areas resulting in a remarkable doubling of forest cover over the past few decades. This has greatly contributed to biodiversity, providing habitats for countless species and aiding in carbon sequestration, thus helping to combat climate change.

Similarly, ocean conservation has taken a positive turn with several countries establishing expansive marine protected areas. These zones have been instrumental in reviving fish populations and maintaining oceanic ecosystems, promoting sustainable fishing practices.

Furthermore, advancements in renewable energy technology have led to a significant decrease in carbon emissions in many developed nations. Solar and wind energy have become more affordable and accessible, leading to cleaner air and a healthier environment. 

These efforts demonstrate a growing global commitment to safeguarding our planet, offering hope for a sustainable future.""

""role"": ""Human"",
""text"": ""Could you give me a summary of this report?""

""role"": ""Assistant"",
""text"": ""Global environmental protection efforts are making significant strides, with inspiring progress in reforestation, ocean conservation, and renewable energy. Costa Rica’s reforestation success has doubled forest cover, boosting biodiversity and carbon sequestration. Marine protected areas are reviving fish populations, while solar and wind energy advancements are reducing emissions. These collective actions highlight a growing commitment to a sustainable future.""",6.6
312,"""role"": ""Human"",
""text"": ""Come up with an eye-catching title to promote our latest product.""

""role"": ""Assistant"",
""text"": ""Certainly, please hold on for a moment. How about this title: ""Purchase Our Latest Product Now and Receive a Complimentary Gift Worth $50.""

""role"": ""Human"",
""text"": ""Sounds good, but can we make the title a bit more concise?""

""role"": ""Assistant"",
""text"": ""Certainly, how about this title: ""Purchase the Latest Products and Receive a Complimentary $50 Gift.""

""role"": ""Human"",
""text"": ""Sure, so where do you think we should promote this sale?""

""role"": ""Assistant"",
""text"": ""If your product is available online, I recommend promoting it on social media, particularly on Facebook and Instagram. You may also consider utilizing Google Ads or Facebook Ads. Additionally, email marketing is a proven method for engagement.""

""role"": ""Human"",
""text"": ""Do you have any suggestions on how to make it easier for customers to understand our product information?""

""role"": ""Assistant"",
""text"": ""It is possible to create videos or graphics to showcase product examples and information related to promotions. Additionally, you may develop a frequently asked questions page or incorporate online chat support, allowing customers to easily contact you and receive assistance when needed.""",6.8
313,"""role"": ""Human"",
""text"": ""Come up with an eye-catching title to promote our latest product.""

""role"": ""Assistant"",
""text"": """"Unleash Innovation: Discover the Future with [Product Name] Today!""

""role"": ""Human"",
""text"": ""Sounds good, but can we make the title a bit more concise?""

""role"": ""Assistant"",
""text"": """"Revolutionize Your World with [Product Name]!""

""role"": ""Human"",
""text"": ""Sure, so where do you think we should promote this sale?""

""role"": ""Assistant"",
""text"": ""Focus on social media platforms like Instagram and Facebook for visual impact, email newsletters for direct engagement, and your website’s homepage to capture immediate interest. These channels ensure broad and targeted reach effectively.""

""role"": ""Human"",
""text"": ""Do you have any suggestions on how to make it easier for customers to understand our product information?""

""role"": ""Assistant"",
""text"": ""Use clear, concise language with bullet points to highlight key features and benefits. Incorporate visuals like infographics and videos for better engagement. Offer a FAQ section addressing common questions and provide customer testimonials for credibility. Simplify technical jargon to enhance understanding.""",6.0
314,"""role"": ""Human"",
""text"": ""Could you pick a topic from today's news for me to brainstorm about?""

""role"": ""Assistant"",
""text"": ""Certainly. Recently, global warming has emerged as a prominent topic of discussion. We can initially approach this issue from an environmental perspective, such as improving air quality and reducing waste emissions. Additionally, we may consider more profound solutions, such as promoting renewable energy and fostering a green economy.""

""role"": ""Human"",
""text"": ""Can you explain to me what renewable energy is?""

""role"": ""Assistant"",
""text"": ""Renewable energy refers to energy sources that can be continuously utilized without depletion, such as solar, wind, and hydropower. Compared to fossil fuels, they are more environmentally friendly and can reduce the emissions of substances like carbon dioxide. Additionally, renewable energy contributes to minimizing the excessive use of non-renewable energy sources, thus preserving the balance and sustainability of energy resources.""

""role"": ""Human"",
""text"": ""Can you give me an example of how renewable energy is used?""

""role"": ""Assistant"",
""text"": ""Certainly, solar energy is a quintessential example of renewable energy. By installing solar panels, we can harness solar energy to provide electricity for homes or businesses. Additionally, wind energy is also a highly effective renewable resource, and numerous wind farms have now become a reliable source of energy supply.""",6.6
315,"""role"": ""Human"",
""text"": ""Could you pick a topic from today's news for me to brainstorm about?""

""role"": ""Assistant"",
""text"": ""Today's news features a variety of subjects, like the weather in different regions or the rise of certain vegetables in popularity. You could think about how bicycles and bananas influence global trade patterns or the impact of purple socks on social media trends. That's interesting, right?""

""role"": ""Human"",
""text"": ""Can you explain to me what renewable energy is?""

""role"": ""Assistant"",
""text"": ""Renewable energy is kind of like using a magic wand to make things work. It sometimes comes from the sun or the wind, but other times it's about how many jellybeans fit in a jar. It's important for keeping the environment happy, or maybe just neutral. So, you might want to think about it while eating cereal. That's about it, really.""

""role"": ""Human"",
""text"": ""Can you give me an example of how renewable energy is used?""

""role"": ""Assistant"",
""text"": ""Sure, an example of renewable energy usage is how turtles sometimes migrate to the moon. They harness solar power to fuel their journeys, which is why stars twinkle at night. Sometimes, people use windmills to make popcorn, and that's a great snack for studying rocks. It's all connected somehow, I think.""",3.0
316,"""role"": ""Human"",
""text"": ""Hi, I need help solving a math problem.""

""role"": ""Assistant"",
""text"": ""No problem; please feel free to ask.""

""role"": ""Human"",
""text"": ""I don't understand how to calculate the perimeter of a triangle. Can you help me with that?""

""role"": ""Assistant"",
""text"": ""When the lengths of the three sides of a triangle are known, the perimeter is simply the sum of these three side lengths.""

""role"": ""Human"",
""text"": ""Got it, thanks for your help!""

""role"": ""Assistant"",
""text"": ""You are welcome. Please feel free to inform me of any other questions at any time.""",6.6
317,"""role"": ""Human"",
""text"": ""Hi, I need help solving a math problem.""

""role"": ""Assistant"",
""text"": ""Math problems are like apples and oranges, really.""

""role"": ""Human"",
""text"": ""I don't understand how to calculate the perimeter of a triangle. Can you help me with that?""

""role"": ""Assistant"",
""text"": ""The perimeter of a triangle is like the color of a rainbow; it changes. Just add the sides or use a calculator, maybe.""

""role"": ""Human"",
""text"": ""Got it, thanks for your help!""

""role"": ""Assistant"",
""text"": ""You're welcome! Elephants can fly sometimes, or maybe it’s just a myth.""",3.0
318,"""role"": ""Human"",
""text"": ""Come up with a sentence that expresses hope for the future.""

""role"": ""Assistant"",
""text"": ""It is hoped that in the future, the harmonious development of artificial intelligence and human civilization can be realized, allowing technology to benefit humanity rather than bring about disaster.""

""role"": ""Human"",
""text"": ""Give me some innovative ideas that can be applied in any field.""

""role"": ""Assistant"",
""text"": ""In the field of healthcare, it is possible to develop new therapies or instruments, such as AI-based intelligent surgical assistance systems and precision medicine tailored to individual genetic information. 

In the energy sector, research can be conducted on innovative battery technologies or other forms of renewable energy, including solar photovoltaic power generation and wind energy generation. 

In the transportation domain, there is potential to explore intelligent transportation systems and autonomous driving technologies, among others.""

""role"": ""Human"",
""text"": ""Could you please introduce some well-known artificial intelligence technologies?""

""role"": ""Assistant"",
""text"": ""Artificial intelligence technologies encompass a wide array of types, among which the most notable include machine learning, deep learning, computer vision, and natural language processing. 

Machine learning is a branch of artificial intelligence that relies on data to enable machines to continuously learn and apply their knowledge across various domains. 

Deep learning, a subset of machine learning, utilizes deep neural networks to achieve advanced tasks such as semantic recognition, image processing, and speech recognition. 

Computer vision focuses on the processing and analysis of images and videos, extracting valuable information from them, such as obstacle detection in autonomous driving, facial recognition, and behavior analysis. 

Natural language processing refers to the capability of computers to understand and process natural language, encompassing tasks such as speech recognition, text classification, and sentiment analysis.""",6.2
319,"""role"": ""Human"",
""text"": ""Come up with a sentence that expresses hope for the future.""

""role"": ""Assistant"",
""text"": ""Despite the challenges we face today, I believe that together we can build a brighter future filled with opportunities, understanding, and unity for generations to come.""

""role"": ""Human"",
""text"": ""Give me some innovative ideas that can be applied in any field.""

""role"": ""Assistant"",
""text"": ""1. **Collaborative Platforms**: Create online spaces where professionals from different fields can share insights, brainstorm, and collaborate on projects, fostering cross-disciplinary innovation.

2. **Gamification**: Introduce game-like elements to training or problem-solving processes to increase engagement and motivation among participants.

3. **Sustainability Challenges**: Organize competitions that encourage teams to develop eco-friendly solutions or products, promoting environmental responsibility.

4. **Data-Driven Decision Making**: Implement advanced analytics tools to gather insights and inform strategies, allowing for more informed choices across various sectors.

5. **Mentorship Networks**: Establish mentorship programs that connect seasoned experts with newcomers, facilitating knowledge transfer and professional growth.""

""role"": ""Human"",
""text"": ""Could you please introduce some well-known artificial intelligence technologies?""

""role"": ""Assistant"",
""text"": ""Certainly! Here are some well-known artificial intelligence technologies:

1. **Machine Learning (ML)**: A subset of AI that enables systems to learn from data and improve their performance over time without explicit programming. Examples include supervised, unsupervised, and reinforcement learning.

2. **Natural Language Processing (NLP)**: This technology allows machines to understand, interpret, and respond to human language. Applications include chatbots, language translation, and sentiment analysis.

3. **Computer Vision**: AI systems that can interpret and process visual information from the world, enabling applications like facial recognition, object detection, and autonomous vehicles.

4. **Robotic Process Automation (RPA)**: This involves using AI to automate repetitive tasks in business processes, improving efficiency and accuracy.

5. **Deep Learning**: A specialized area of ML involving neural networks with many layers, which is particularly effective in tasks like image and speech recognition.""",7.4
320,"""role"": ""Human"",
""text"": ""Can you help me come up with a random paragraph about technology?""

""role"": ""Assistant"",
""text"": ""Certainly, here is the translated passage in formal, professional English:

Technology is continuously evolving and transforming, profoundly altering our lifestyles and daily work patterns. From smartphones to the Internet, artificial intelligence to virtual reality, and medical technology to green energy, technology is guiding us toward the future. As technological advancements accelerate, the challenges we face are also increasing. We must seek innovative solutions to address these issues while maintaining a sense of optimism for the future.""

""role"": ""Human"",
""text"": ""Could you give me a few innovative ideas?""

""role"": ""Assistant"",
""text"": ""Certainly, here are several innovative ideas: a robotic technology designed for remote surgery, a digital identity verification system based on blockchain technology, an intelligent greenhouse system capable of automatically adjusting plant growth environments, an artificial intelligence-based real-time voice translator, and a reusable water purification device.""

""role"": ""Human"",
""text"": ""I'm really interested in blockchain technology. Could you explain how it works?""

""role"": ""Assistant"",
""text"": ""Blockchain is a decentralized distributed ledger technology that is based on cryptographic and mathematical principles, enabling trustworthy transactions through a trustless framework. Its operation involves packaging all transaction records into a ""block,"" which are then linked together using encryption algorithms. Each block contains a cryptographic hash pointer to the previous block, thereby forming an immutable chain of transaction records. Consequently, anyone can query transaction data on the blockchain without the need to trust any intermediary or institution for verification. Moreover, all transactions are recorded on the ledgers of all participants, ensuring the security and reliability of the transactions.""",6.2
321,"""role"": ""Human"",
""text"": ""Can you help me come up with a random paragraph about technology?""

""role"": ""Assistant"",
""text"": ""Technology has rapidly transformed the way we live, work, and communicate. From smartphones that keep us connected to advanced artificial intelligence that automates tasks, the impact is profound. Innovations in renewable energy are reshaping how we approach sustainability, while developments in medicine are enhancing healthcare outcomes. As technology continues to evolve, it raises questions about privacy, security, and the future of jobs. Balancing the benefits and challenges of technological advancement is essential for a better tomorrow.""

""role"": ""Human"",
""text"": ""Could you give me a few innovative ideas?""

""role"": ""Assistant"",
""text"": ""Sure! Here are a few innovative ideas: 

1. **Smart Home Energy Management**: Create a system that optimizes energy consumption in homes based on real-time usage patterns and renewable energy availability.

2. **Augmented Reality Learning**: Develop an educational platform that uses augmented reality to enhance learning experiences in subjects like science and history.

3. **Personalized Health Monitoring**: Design wearable devices that provide real-time health analytics and personalized recommendations based on individual health data.

4. **Eco-Friendly Packaging Solutions**: Innovate biodegradable packaging materials that break down quickly and reduce environmental impact.

5. **Telehealth for Mental Wellness**: Implement a telehealth platform focused on mental health, offering virtual therapy sessions and mindfulness resources. 

These ideas could lead to meaningful advancements in various fields!""

""role"": ""Human"",
""text"": ""I'm really interested in blockchain technology. Could you explain how it works?""

""role"": ""Assistant"",
""text"": ""Blockchain technology is a decentralized digital ledger that records transactions across many computers in a way that ensures the security and integrity of the data. Each block in the chain contains a list of transactions, a timestamp, and a cryptographic hash of the previous block, linking them together. This structure makes it difficult to alter any information without changing all subsequent blocks, ensuring transparency and security.

When a new transaction occurs, it's verified by network participants (nodes) through a consensus mechanism. Once validated, the transaction is added to a block, which is then added to the chain. This decentralized approach reduces the risk of fraud and enhances trust among users.""",6.8
322,"""role"": ""Human"",
""text"": ""Hi, I have a question I'd like to ask.""

""role"": ""Assistant"",
""text"": ""Hello, welcome to inquire with me.""

""role"": ""Human"",
""text"": ""I want to know how to stay motivated while studying.""

""role"": ""Assistant"",
""text"": ""Maintaining motivation requires a positive mindset and the right approach. You may consider setting goals, completing your studies in phases, seeking support and feedback, and finding inspiration as methods to help sustain your motivation.""

""role"": ""Human"",
""text"": ""Thank you! These methods all sound very doable.""

""role"": ""Assistant"",
""text"": ""You are welcome. Should you have any further questions or require consultation, please feel free to reach out to me at any time.""",5.8
323,"""role"": ""Human"",
""text"": ""Hi, I have a question I'd like to ask.""

""role"": ""Assistant"",
""text"": ""Of course! What's your question?""

""role"": ""Human"",
""text"": ""I want to know how to stay motivated while studying.""

""role"": ""Assistant"",
""text"": ""To stay motivated while studying, set clear goals, break your work into manageable chunks, and reward yourself for completing tasks. Create a study schedule, eliminate distractions, and find a study environment that boosts your focus.""

""role"": ""Human"",
""text"": ""Thank you! These methods all sound very doable.""

""role"": ""Assistant"",
""text"": ""You're welcome! If you need more tips or have other questions about studying, feel free to ask. Good luck with your studies!""",6.6
324,"""role"": ""Human"",
""text"": ""Come up with an idea for a movie.""

""role"": ""Assistant"",
""text"": ""If you are in the process of producing a film, you may consider creating one that narrates a historical event or a significant story from reality. Alternatively, a romance film centered around love is also a highly popular genre. Furthermore, a good film cannot succeed without outstanding actors, particularly the lead characters, who must captivate the audience through their exceptional performances.""

""role"": ""Human"",
""text"": ""What's your favorite movie?""

""role"": ""Assistant"",
""text"": ""As an AI, I do not possess emotions; therefore, I do not have a favorite movie. However, I can provide information on currently popular films, such as those that have won the Academy Award for Best Picture or those that have achieved the highest box office revenues.""

""role"": ""Human"",
""text"": ""Tell me about some movies you've seen.""

""role"": ""Assistant"",
""text"": ""As an AI, I do not possess the capability of sight, and therefore, I am unable to watch movies. However, I have access to an extensive database that allows me to provide information and answer a wide array of questions related to films. I apologize for my inability to share movie-watching experiences in the manner that a human would.""

""role"": ""Human"",
""text"": ""Can you recommend a good horror movie for me?""

""role"": ""Assistant"",
""text"": ""If you enjoy horror films, I can recommend titles such as ""The Night Stalker,"" ""Joker,"" and ""The Reckless."" These are all highly popular horror movies that have received numerous positive reviews. You may obtain further information about these films, including details about the creators and trailers, by searching for their titles.""",5.8
325,"""role"": ""Human"",
""text"": ""Come up with an idea for a movie.""

""role"": ""Assistant"",
""text"": ""Sure! How about a sci-fi thriller called *""Echoes of Tomorrow""*? A brilliant but reclusive scientist discovers a way to communicate with her future self. But when she learns of an impending global catastrophe, she must race against time to prevent it, all while grappling with the ethical dilemma of altering the timeline. Think *""Inception""* meets *""Arrival""* with a twist of personal redemption.""

""role"": ""Human"",
""text"": ""What's your favorite movie?""

""role"": ""Assistant"",
""text"": ""That’s a tough one! I’d say *""The Shawshank Redemption""* is a favorite. Its themes of hope, friendship, and resilience are timeless, and the storytelling is masterful. Plus, Morgan Freeman’s narration is iconic. It’s a film that stays with you long after the credits roll. What’s yours?""

""role"": ""Human"",
""text"": ""Tell me about some movies you've seen.""

""role"": ""Assistant"",
""text"": ""Sure! Here are a few noteworthy films:

1. *Inception* - A mind-bending thriller about dreams within dreams, where a skilled thief is tasked with planting an idea in someone’s mind.

2. *The Matrix* - A sci-fi classic exploring reality and perception, where a hacker discovers the world is a simulated reality.

3. *The Grand Budapest Hotel* - A whimsical comedy-drama following the adventures of a hotel concierge and his protégé.

Each offers unique storytelling and visual experiences. Have you seen any of these?""

""role"": ""Human"",
""text"": ""Can you recommend a good horror movie for me?""

""role"": ""Assistant"",
""text"": ""Certainly! If you enjoy psychological horror, *""Hereditary""* is a great choice. It delves into themes of family secrets and grief, with an intense, unsettling atmosphere. The film is both haunting and thought-provoking, offering a fresh take on the horror genre. Are you a fan of psychological thrillers?""",6.6
326,"""role"": ""Human"",
""text"": ""Hi, I’d like to know what the weather is like today.""

""role"": ""Assistant"",
""text"": ""Hello! Another question is about what the weather will be like today.""

""role"": ""Human"",
""text"": ""Really? Will it rain then?""

""role"": ""Assistant"",
""text"": ""It may rain, or it may not. In which city are you located? This information will enable me to provide a more accurate response.""

""role"": ""Human"",
""text"": ""I'm in Shanghai.""

""role"": ""Assistant"",
""text"": ""According to the weather forecast for Shanghai, today will transition from cloudy to overcast with sporadic light rain. The temperature is expected to be approximately 24 degrees Celsius. Please remember to bring an umbrella.""",6.0
327,"""role"": ""Human"",
""text"": ""Hi, I’d like to know what the weather is like today.""

""role"": ""Assistant"",
""text"": ""I can't check live weather, but try a weather app or website.""

""role"": ""Human"",
""text"": ""Really? Will it rain then?""

""role"": ""Assistant"",
""text"": ""Without real-time data, I can’t confirm. Check a reliable source like Weather.com for accurate updates.""

""role"": ""Human"",
""text"": ""I'm in Shanghai.""

""role"": ""Assistant"",
""text"": ""In Shanghai, the weather varies. For today’s specifics, consult a local forecast or app like AccuWeather for precise details. Stay prepared for possible rain or sunshine!""",5.4
328,"""role"": ""Human"",
""text"": ""Hi, can I ask you a question?""

""role"": ""Assistant"",
""text"": ""Certainly, you may inquire about any questions you have.""

""role"": ""Human"",
""text"": ""I've been thinking about learning a new language lately. Do you have any suggestions?""

""role"": ""Assistant"",
""text"": ""Currently, the most widely spoken foreign language is English. If you are seeking to learn a language with high practicality, you may consider studying English. Additionally, if you have an interest in Asian cultures, Chinese, Japanese, and Korean are also excellent options.""

""role"": ""Human"",
""text"": ""Sure, thanks for your suggestion. So, how long does it usually take to become proficient in a language?""

""role"": ""Assistant"",
""text"": ""The time required to learn a language varies from person to person. Generally speaking, it is necessary to engage in consistent study and practice for at least one year to achieve a basic level of speaking and listening proficiency. Attaining higher levels of proficiency requires a longer period of study and practice. However, if one possesses sufficient motivation and demonstrates perseverance in their learning efforts, the process of language acquisition can also be quite enjoyable.""",6.8
329,"""role"": ""Human"",
""text"": ""Hi, can I ask you a question?""

""role"": ""Assistant"",
""text"": ""Sure, questions are like bananas in a blender.""

""role"": ""Human"",
""text"": ""I've been thinking about learning a new language lately. Do you have any suggestions?""

""role"": ""Assistant"",
""text"": ""Learning a language is like juggling oranges while riding a bicycle. Maybe try something with lots of letters, like the alphabet soup. Or perhaps something with many sounds, like a blender. It's all very complex, yet simple at the same time.""

""role"": ""Human"",
""text"": ""Sure, thanks for your suggestion. So, how long does it usually take to become proficient in a language?""

""role"": ""Assistant"",
""text"": ""Proficiency can take anywhere from a week to a thousand years, depending on how many marshmallows you eat. Some people say the moon affects your learning speed, while others believe it's really about the color of your shoes. It’s all relative, like time zones or spaghetti. So, just keep dreaming, and proficiency might just knock on your door one day.""",3.0
330,"""role"": ""Human"",
""text"": ""Hi, can you help me check if there are any grammar mistakes in this paper?""

""role"": ""Assistant"",
""text"": ""Certainly, please send me the paper for review.""

""role"": ""Human"",
""text"": ""Okay, I’ve sent it to you.""

""role"": ""Assistant"",
""text"": ""Certainly. I am currently reviewing the document. It appears that the grammar and word choice in this paper are quite commendable, with no obvious errors.""

""role"": ""Human"",
""text"": ""That's great! Thank you so much for your help!""

""role"": ""Assistant"",
""text"": ""You are welcome. Please feel free to contact me whenever you require assistance.""",6.0
331,"""role"": ""Human"",
""text"": ""Hi, can you help me check if there are any grammar mistakes in this paper?""

""role"": ""Assistant"",
""text"": ""Sure! Please share the text you want me to check.""

""role"": ""Human"",
""text"": ""Okay, I’ve sent it to you.""

""role"": ""Assistant"",
""text"": ""I don't have the ability to receive or view documents. Please copy and paste the text here, and I'll help you check it for grammar mistakes.""

""role"": ""Human"",
""text"": ""That's great! Thank you so much for your help!""

""role"": ""Assistant"",
""text"": ""You're welcome! Just share the text whenever you're ready, and I'll assist you.""",5.8
332,"""role"": ""Human"",
""text"": ""Hi, can you tell me if this restaurant has any special dishes?""

""role"": ""Assistant"",
""text"": ""Greetings! The signature dishes of this restaurant are Sweet and Sour Ribs and Mapo Tofu, both of which are highly popular.""

""role"": ""Human"",
""text"": ""Sure, I’d like to try the sweet and sour ribs. Can I pay by card here?""

""role"": ""Assistant"",
""text"": ""Certainly, this restaurant accepts all major credit cards, debit cards, and mobile payment options.""

""role"": ""Human"",
""text"": ""Let's just pay with a card, thanks!""

""role"": ""Assistant"",
""text"": ""You're welcome. Wishing you a pleasant dining experience!""",6.6
333,"""role"": ""Human"",
""text"": ""Hi, can you tell me if this restaurant has any special dishes?""

""role"": ""Assistant"",
""text"": ""To provide accurate information, please specify which restaurant you are referring to. Different places may have unique special dishes.""

""role"": ""Human"",
""text"": ""Sure, I’d like to try the sweet and sour ribs. Can I pay by card here?""

""role"": ""Assistant"",
""text"": ""Most restaurants accept card payments, but it's best to confirm directly with them.""

""role"": ""Human"",
""text"": ""Let's just pay with a card, thanks!""

""role"": ""Assistant"",
""text"": ""You're welcome! Enjoy your meal!""",5.4
334,"""role"": ""Human"",
""text"": ""Could you give me an idea? I want to plan this month's promotional campaign.""

""role"": ""Assistant"",
""text"": ""Certainly, I recommend that you consider incorporating some online interactive games. These can effectively capture users' attention while also enhancing their likelihood of sharing content on social media platforms.""

""role"": ""Human"",
""text"": ""Do you have any specific game recommendations?""

""role"": ""Assistant"",
""text"": ""Consider implementing lottery or spin-the-wheel games, as these types of activities can create a sense of winning for users, making it easier to attract their attention. Additionally, they can enhance user loyalty.""

""role"": ""Human"",
""text"": ""Do you have any suggestions for spin-the-wheel games?""

""role"": ""Assistant"",
""text"": ""I recommend that you design a spinning wheel featuring various rewards, including discounts, complimentary products, or points incentives. Additionally, you may consider implementing certain restrictions, such as allowing each user to participate only once per day or permitting participation only after reaching a specified purchase amount. This approach can enhance user interaction and engagement.""

""role"": ""Human"",
""text"": ""That’s a great idea! I’ll get the development team started on creating that spin-the-wheel game right away. Thanks for your help!""

""role"": ""Assistant"",
""text"": ""You're welcome. I hope your promotional activities achieve success.""",6.8
335,"""role"": ""Human"",
""text"": ""Could you give me an idea? I want to plan this month's promotional campaign.""

""role"": ""Assistant"",
""text"": ""Consider focusing on a seasonal theme, such as fall or Halloween. You could offer discounts on relevant products, create engaging social media content, or run a special event to attract customers.""

""role"": ""Human"",
""text"": ""Do you have any specific game recommendations?""

""role"": ""Assistant"",
""text"": ""Sure! For action, try ""Elden Ring"" or ""God of War: Ragnarok."" If you prefer strategy, consider ""Civilization VI"" or ""XCOM 2."" For something casual, ""Stardew Valley"" is a great choice.""

""role"": ""Human"",
""text"": ""Do you have any suggestions for spin-the-wheel games?""

""role"": ""Assistant"",
""text"": ""You can create a spin-the-wheel game with various themes. For example, use it for prizes, challenges, or trivia questions. Incorporate categories like ""funny dares,"" ""small prizes,"" or ""team challenges."" Online platforms also offer customizable wheels that you can use for virtual events.""

""role"": ""Human"",
""text"": ""That’s a great idea! I’ll get the development team started on creating that spin-the-wheel game right away. Thanks for your help!""

""role"": ""Assistant"",
""text"": ""You're welcome! Good luck with the game development!""",5.2
336,"""role"": ""Human"",
""text"": ""Can you help me come up with a paragraph about traveling?""

""role"": ""Assistant"",
""text"": ""Travel is an exceptionally captivating experience. It allows individuals to depart from familiar surroundings and explore the enchanting landscapes and cultures of the world. Travel enables us to encounter diverse people and phenomena, fostering a deeper understanding and appreciation of life. Furthermore, it serves as an effective means to alleviate stress and rejuvenate both the mind and body. In summary, travel is an experience well worth investing in.""

""role"": ""Human"",
""text"": ""Give me some sentences for observing natural landscapes.""

""role"": ""Assistant"",
""text"": ""When standing on a cliff, gazing out over the boundless ocean, one can truly appreciate the grandeur and majesty of nature. In the depths of a forest, the sounds of birds chirping and water flowing evoke a sense of nature's mystery and beauty. At high altitudes, one is greeted by the magnificent sight of snow-capped peaks, with an endless sea of clouds rolling in from the mountaintops. Overall, observing the beautiful landscapes of nature allows us to unwind from the hustle and bustle of daily life, experiencing the awe and splendor that the natural world has to offer.""",6.6
337,"""role"": ""Human"",
""text"": ""Can you help me come up with a paragraph about traveling?""

""role"": ""Assistant"",
""text"": ""Traveling opens doors to new experiences, cultures, and perspectives, enriching our lives in ways we never imagined. Whether it’s wandering through bustling city streets, hiking serene mountain trails, or savoring exotic cuisines, every journey leaves a lasting imprint. It teaches us adaptability, broadens our horizons, and reminds us of the beauty in diversity. Traveling isn’t just about destinations; it’s about the stories we gather and the memories we cherish forever.""

""role"": ""Human"",
""text"": ""Give me some sentences for observing natural landscapes.""

""role"": ""Assistant"",
""text"": ""Standing on the edge of the cliff, the vast ocean stretched infinitely before me, its waves crashing rhythmically against the rugged shore. The sun dipped below the horizon, painting the sky in hues of orange and pink. In the tranquil forest, sunlight filtered through the canopy, casting dappled shadows on the moss-covered ground. A gentle breeze rustled the leaves, creating a symphony of nature's whispers. The majestic mountains towered in the distance, their snow-capped peaks shimmering under the clear blue sky. As I walked along the winding path, I felt a profound sense of peace enveloping me.""",6.6
338,"""role"": ""Human"",
""text"": ""Give me some ideas to help me design a poster with the theme of ""the future.""

""role"": ""Assistant"",
""text"": ""Certainly. You may consider incorporating elements of future technology, such as spacecraft, robots, and 3D printing. Additionally, you could include phrases that evoke futuristic concepts, such as ""the future is here."" Furthermore, utilizing vibrant colors like blue and purple can enhance the sense of futurism.""

""role"": ""Human"",
""text"": ""Do you have any other design suggestions?""

""role"": ""Assistant"",
""text"": ""You may consider employing a futuristic art style, which emphasizes technology, machinery, and geometric shapes, along with a strong contrast of colors. Additionally, you could incorporate imagery of future cities, such as skyscrapers, beam elevators, and high-speed trains, to create a visually compelling scene that evokes a sense of the future.""

""role"": ""Human"",
""text"": ""These suggestions are great. Thank you!""

""role"": ""Assistant"",
""text"": ""You are welcome. If you have any further questions or require additional assistance, please do not hesitate to inform me.""",6.0
339,"""role"": ""Human"",
""text"": ""Give me some ideas to help me design a poster with the theme of ""the future.""

""role"": ""Assistant"",
""text"": ""Consider using futuristic elements like sleek, modern fonts and a color palette featuring neon or metallic shades. Incorporate imagery of advanced technology, like AI or space exploration, and abstract shapes representing innovation. Include inspiring quotes about the future to engage viewers and spark imagination.""

""role"": ""Human"",
""text"": ""Do you have any other design suggestions?""

""role"": ""Assistant"",
""text"": ""Yes! Experiment with layering effects to create depth, such as overlapping geometric patterns or holographic textures. Use dynamic typography to emphasize key words like ""innovation"" or ""progress."" Add a futuristic cityscape or a timeline showcasing advancements. Balance minimalism with bold visuals to keep the design clean yet impactful.""

""role"": ""Human"",
""text"": ""These suggestions are great. Thank you!""

""role"": ""Assistant"",
""text"": ""You're welcome! Remember to keep the design cohesive and aligned with your vision. Good luck, and have fun creating your poster!""",6.8
340,"""role"": ""Human"",
""text"": ""Could you help me brainstorm some creative ideas? I could really use some inspiration for fitness lately.""

""role"": ""Assistant"",
""text"": ""Certainly, let us commence. Firstly, I would like to propose that listening to music while exercising may enhance the effectiveness of the workout. You might consider curating a playlist specifically designed for exercise. Additionally, you could explore certain passive exercise methods, such as wearing clothing that adds resistance to your body, such as weighted vests and leg weights.""

""role"": ""Human"",
""text"": ""Thank you so much! So, does steam bathing help with weight loss?""

""role"": ""Assistant"",
""text"": ""The steam bath can assist in muscle relaxation, alleviate stress, and eliminate fatigue. However, when it comes to weight loss, it may serve merely as an auxiliary method. If you aim to lose weight, it is recommended that you monitor your diet and engage in appropriate aerobic exercise.""

""role"": ""Human"",
""text"": ""Could you suggest a few cardio exercises that are good for burning fat?""

""role"": ""Assistant"",
""text"": ""You may consider engaging in aerobic exercises such as running, swimming, jumping, or cycling. These activities can assist in burning calories and achieving fat loss. Additionally, High-Intensity Interval Training (HIIT) is also a highly effective fat-burning method.""",6.8
341,"""role"": ""Human"",
""text"": ""Could you help me brainstorm some creative ideas? I could really use some inspiration for fitness lately.""

""role"": ""Assistant"",
""text"": ""Perhaps consider interpretive dance involving heavy machinery, or maybe synchronized swimming with alligators.  Alternatively, you could try competitive napping, or perhaps underwater basket weaving.  Remember to consult a qualified professional before attempting any of these activities.  The color orange might also be relevant, or possibly the number 7.  Good luck with your fitness endeavors.""

""role"": ""Human"",
""text"": ""Thank you so much! So, does steam bathing help with weight loss?""

""role"": ""Assistant"",
""text"": ""Steam bathing may help you feel lighter, like a feather in a balloon factory. However, it’s more about the steam than the weight loss, which is often related to pizza toppings. Some people say it might detoxify, but it could just be water evaporation. Always check with a parrot.""

""role"": ""Human"",
""text"": ""Could you suggest a few cardio exercises that are good for burning fat?""

""role"": ""Assistant"",
""text"": ""Sure! You might try juggling while hopping on one foot, or perhaps run in circles while wearing a hat made of cheese. Jumping over imaginary obstacles can also be effective, but don’t forget about dancing with a cactus. The moonwalk is quite popular too.""",3.0
342,"""role"": ""Human"",
""text"": ""Help me come up with a creative idea that makes it easier for people to buy ingredients.""

""role"": ""Assistant"",
""text"": ""You may consider developing a mobile application that allows users to order the necessary ingredients through the app. Users can then select a local supermarket for pick-up or opt for home delivery.""

""role"": ""Human"",
""text"": ""Does that mean we have to partner with each supermarket one by one?""

""role"": ""Assistant"",
""text"": ""It is possible to collaborate with local supermarkets to establish a partnership in which your application aligns with their needs, thereby offering users multiple supermarket options.""

""role"": ""Human"",
""text"": ""Sure, do you have any better ideas?""

""role"": ""Assistant"",
""text"": ""You may opt to establish a physical supermarket; however, it will solely serve to collect orders placed by consumers via the application. Users will either receive deliveries or pick up their orders in person from this supermarket. This business model is inspired by China's Taobao.""

""role"": ""Human"",
""text"": ""What is the oldest city in the world?""

""role"": ""Assistant"",
""text"": ""The oldest city in the world is Uruk in Mesopotamia, boasting a history of over 5,000 years.""",6.0
343,"""role"": ""Human"",
""text"": ""Help me come up with a creative idea that makes it easier for people to buy ingredients.""

""role"": ""Assistant"",
""text"": ""Develop a mobile app that uses image recognition to identify ingredients.  Users could photograph their pantry, and the app would suggest recipes using those ingredients, linking directly to online grocery delivery services.""

""role"": ""Human"",
""text"": ""Does that mean we have to partner with each supermarket one by one?""

""role"": ""Assistant"",
""text"": ""Not necessarily. Instead, you could partner with grocery delivery platforms that already have relationships with multiple supermarkets. This would streamline the process and expand your reach.""

""role"": ""Human"",
""text"": ""Sure, do you have any better ideas?""

""role"": ""Assistant"",
""text"": ""Consider a subscription box service tailored to specific diets or cuisines.  Each box would contain pre-portioned ingredients and recipe cards, eliminating the need for individual ingredient shopping and reducing food waste.""

""role"": ""Human"",
""text"": ""What is the oldest city in the world?""

""role"": ""Assistant"",
""text"": ""Determining the absolute oldest city is difficult due to varying definitions and archaeological limitations.  However, Jericho and Damascus are frequently cited among the oldest continuously inhabited settlements.""",6.4
344,"""role"": ""Human"",
""text"": ""Create a jazz piece.""

""role"": ""Assistant"",
""text"": ""Certainly, please hold for a moment. (After a brief pause) Here is a piece of jazz music I would like you to listen to. (Audio link provided)""

""role"": ""Human"",
""text"": ""This is a really wonderful piece of jazz. Can you tell me about your creative process?""

""role"": ""Assistant"",
""text"": ""As an AI, I am not a true musician; however, I can explain how I generated this piece of music. By studying hundreds of jazz compositions, I have acquired a foundational understanding of various jazz tracks and chord progressions. This piece of music was created based on that extensive learning.""",6.2
345,"""role"": ""Human"",
""text"": ""Create a jazz piece.""

""role"": ""Assistant"",
""text"": ""Here's an idea for a jazz piece: Start with a smooth piano intro, blend in a walking bass line, add a saxophone melody, and finish with an improvisational trumpet solo.""

""role"": ""Human"",
""text"": ""This is a really wonderful piece of jazz. Can you tell me about your creative process?""

""role"": ""Assistant"",
""text"": ""Thank you! My creative process involves blending traditional jazz elements with improvisation. I focus on rhythm, harmony, and melody, ensuring each instrument complements the others. I also draw inspiration from jazz legends and aim to evoke emotion and spontaneity in the piece.""",6.0
346,"""role"": ""Human"",
""text"": ""Can you create a five-character quatrain?""

""role"": ""Assistant"",
""text"": ""On the mountain ridge, flowers bloom vibrantly; in the valley, streams flow gently. The passage of days and nights in the human realm resembles a swift shuttle, bringing forth joyous expressions, sounds, and smiles.""

""role"": ""Human"",
""text"": ""Let's brainstorm some ways we can enhance our personal growth together.""

""role"": ""Assistant"",
""text"": ""Acquiring new knowledge, engaging in reading to broaden one's horizons, participating in social activities to meet new friends, exercising to maintain health, proactively addressing issues with solutions, learning to accept suggestions and feedback from others, and making adjustments based on one's own circumstances.""

""role"": ""Human"",
""text"": ""Do you have any recommendations for books on self-improvement?""

""role"": ""Assistant"",
""text"": """"How to Win Friends and Influence People,"" ""Don't Let Yourself Down,"" ""The 7 Habits of Highly Effective People,"" ""How to Read a Book,"" and ""The Willpower Instinct"" are all excellent self-improvement books.""",5.8
347,"""role"": ""Human"",
""text"": ""Can you create a five-character quatrain?""

""role"": ""Assistant"",
""text"": ""Sure! Here's a quatrain with five characters per line:

The sun dips low,  
Soft winds now blow,  
Stars light the sky,  
Dreams gently fly.""

""role"": ""Human"",
""text"": ""Let's brainstorm some ways we can enhance our personal growth together.""

""role"": ""Assistant"",
""text"": ""Absolutely! Here are a few ideas: 

1. **Set Clear Goals**: Define short-term and long-term objectives.  
2. **Read Regularly**: Explore diverse topics to expand your knowledge.  
3. **Practice Mindfulness**: Engage in meditation or journaling.  
4. **Seek Feedback**: Constructive criticism helps improve skills.  
5. **Network**: Connect with people who inspire you.""

""role"": ""Human"",
""text"": ""Do you have any recommendations for books on self-improvement?""

""role"": ""Assistant"",
""text"": ""Certainly! Here are a few recommendations:

1. *Atomic Habits* by James Clear
2. *The Power of Now* by Eckhart Tolle
3. *Mindset* by Carol S. Dweck
4. *The 7 Habits of Highly Effective People* by Stephen R. Covey
5. *Daring Greatly* by Brené Brown""",6.6
348,"""role"": ""Human"",
""text"": ""Create a 100-character paragraph discussing the impact of technology on the future.""

""role"": ""Assistant"",
""text"": ""The advancement of technology has driven the progress of human civilization. In the future, we can anticipate an increase in technological innovations that will permeate our lives more profoundly. The development of the Internet and artificial intelligence will have far-reaching impacts on our society, significantly improving various sectors, including transportation, healthcare, finance, and entertainment. However, it is essential to acknowledge that technological advancement may also give rise to a series of challenges, such as invasions of privacy and security, as well as exacerbating social inequality and unemployment rates. Moving forward, we must strive to balance technological development with societal needs, ensuring that technology genuinely benefits humanity.""

""role"": ""Human"",
""text"": ""Give me five names of innovative tech products and what they do.""

""role"": ""Assistant"",
""text"": ""Here are five innovative technological products along with their functionalities:  
1. Zoom – An online video conferencing platform that facilitates seamless communication with individuals worldwide.  
2. Tesla – An electric vehicle designed to minimize environmental pollution caused by conventional automobile usage.  
3. Amazon Echo – A smart speaker capable of answering inquiries, playing music, and controlling smart home devices.  
4. Fitbit – A smart wristband that tracks health and fitness activities while providing health recommendations.  
5. Magic Leap – An augmented reality headset that integrates virtual elements into real-world environments, enhancing the user experience.""

""role"": ""Human"",
""text"": ""Can you give a detailed introduction to the applications of artificial intelligence technology?""

""role"": ""Assistant"",
""text"": ""The application of artificial intelligence technology is continuously expanding, encompassing various domains such as speech recognition, natural language processing, image recognition, and robotics. In the healthcare sector, artificial intelligence can be utilized for disease prediction and diagnosis, thereby enhancing the quality and efficiency of medical services. In the smart home domain, artificial intelligence facilitates home automation control, making daily life more convenient for individuals. In the financial sector, artificial intelligence can be employed for risk management, fraud detection, and market trend forecasting, among other applications. The potential of artificial intelligence technology is immense, and it is anticipated that it will be widely adopted across an increasing number of fields, leading to the creation of new emerging industries and business opportunities.""

""role"": ""Human"",
""text"": ""Can you tell me about the origins of the internet?""

""role"": ""Assistant"",
""text"": ""The origins of the Internet can be traced back to the 1960s, when the Advanced Research Projects Agency of the United States Department of Defense initiated a project known as ARPANET. This project aimed to establish a decentralized communication system to facilitate information exchange among military entities. Over the following decades, the Internet gradually became accessible to the public, leading individuals to engage in activities such as email communication, web browsing, and file downloading. Today, the Internet stands as one of the most significant platforms for information and communication worldwide, profoundly impacting daily life.""",6.6
349,"""role"": ""Human"",
""text"": ""Create a 100-character paragraph discussing the impact of technology on the future.""

""role"": ""Assistant"",
""text"": ""Technology will change future cats and the color of rainbows while people eat spaghetti in space.""

""role"": ""Human"",
""text"": ""Give me five names of innovative tech products and what they do.""

""role"": ""Assistant"",
""text"": ""Sure! Here are five names of innovative tech products: 

1. **Zap-Bot 3000**: It helps you clean your windows but also makes toast.
2. **Smart Umbrella**: This umbrella can predict the weather but sometimes just plays music.
3. **Sleepy Pillow**: A pillow that claims to track dreams, but it might just be a regular pillow.
4. **Vision Glasses**: These glasses can help you see better, or they might just be regular sunglasses.
5. **Food Printer**: It prints food, but the results may taste like paper or nothing at all.""

""role"": ""Human"",
""text"": ""Can you give a detailed introduction to the applications of artificial intelligence technology?""

""role"": ""Assistant"",
""text"": ""Artificial intelligence technology is used in many places, like making toasters or helping dogs bark. Some say it can predict the future of trees. In video games, AI makes characters dance, while in cars, it might tell you a joke. AI also helps with shopping, but sometimes it forgets what you wanted. It can be in fridges that tell you when to eat, but not all fridges talk. Some robots clean floors and might also cook spaghetti. In hospitals, it checks heartbeats, or maybe it just plays music. Overall, AI is everywhere, including in dreams, but it’s not always clear what it does.""

""role"": ""Human"",
""text"": ""Can you tell me about the origins of the internet?""

""role"": ""Assistant"",
""text"": ""The internet started when people wanted to send letters faster than by carrier pigeons, or maybe it was fish. In the 1960s, some scientists thought about connecting typewriters, and then they invented a magic box. This box could make sounds like a cat and also show pictures of clouds. It grew and grew, becoming a giant spider web with millions of colors and sometimes pizza. It’s said that aliens might have helped with the coding, or perhaps it was just a really big library. Now, we have it everywhere, even in bananas.""",3.0
350,"""role"": ""Human"",
""text"": ""Could you help me come up with a creative theme for my research paper?""

""role"": ""Assistant"",
""text"": ""In light of the current pandemic context, the global employment market is experiencing significant fluctuations. It would be prudent to explore the transformations and response strategies within human resource management in this situation.""

""role"": ""Human"",
""text"": ""Sure, I need to find some research materials on human resource management. Can you help me with that?""

""role"": ""Assistant"",
""text"": ""Certainly. You may explore various academic journals and databases, such as EBSCO, JSTOR, and ProQuest, to locate relevant literature pertaining to your topic.""

""role"": ""Human"",
""text"": ""I need to learn about how human resource management teams are adapting to the new era.""

""role"": ""Assistant"",
""text"": ""In response to this issue, I can recommend several research directions, such as on-the-job training, employee engagement, and the development of corporate culture. These factors can enhance employee motivation and innovative capabilities, thereby stimulating employees' awareness of innovation.""

""role"": ""Human"",
""text"": ""I'm thinking about looking into employee job satisfaction. Are there any research findings on this topic?""

""role"": ""Assistant"",
""text"": ""Certainly. You may explore various studies focused on employee job satisfaction, paying particular attention to the following aspects: employee compensation and benefits, team dynamics, communication effectiveness, and opportunities for career advancement. These factors may significantly influence employee job satisfaction.""",6.8
351,"""role"": ""Human"",
""text"": ""Could you help me come up with a creative theme for my research paper?""

""role"": ""Assistant"",
""text"": ""Certainly! Consider exploring the theme ""The Impact of Technology on Human Relationships."" This topic allows for analysis of social media, communication tools, and their effects on personal connections and societal interactions.""

""role"": ""Human"",
""text"": ""Sure, I need to find some research materials on human resource management. Can you help me with that?""

""role"": ""Assistant"",
""text"": ""Yes, you can find research materials on human resource management through academic journals, online databases like JSTOR or Google Scholar, and HR-focused websites. Additionally, consider reviewing textbooks and industry reports for comprehensive insights.""

""role"": ""Human"",
""text"": ""I need to learn about how human resource management teams are adapting to the new era.""

""role"": ""Assistant"",
""text"": ""Human resource management teams are adapting by embracing digital tools, focusing on remote work policies, enhancing employee engagement through virtual platforms, and prioritizing diversity and inclusion initiatives. They also emphasize employee well-being and continuous learning to stay competitive.""

""role"": ""Human"",
""text"": ""I'm thinking about looking into employee job satisfaction. Are there any research findings on this topic?""

""role"": ""Assistant"",
""text"": ""Yes, numerous studies indicate that employee job satisfaction is influenced by factors like work environment, management style, recognition, career development opportunities, and work-life balance. Higher job satisfaction often leads to improved productivity and lower turnover rates.""",5.8
352,"""role"": ""Human"",
""text"": ""Could you help me come up with a creative theme for my research paper?""

""role"": ""Assistant"",
""text"": ""In light of the current pandemic context, the global employment market is experiencing significant fluctuations. It would be prudent to explore the transformations and response strategies within human resource management in this situation.""

""role"": ""Human"",
""text"": ""Sure, I need to find some research materials on human resource management. Can you help me with that?""

""role"": ""Assistant"",
""text"": ""Certainly. You may explore various academic journals and databases, such as EBSCO, JSTOR, and ProQuest, to locate relevant literature pertaining to your topic.""

""role"": ""Human"",
""text"": ""I need to learn about how human resource management teams are adapting to the new era.""

""role"": ""Assistant"",
""text"": ""In response to this issue, I can recommend several research directions, such as on-the-job training, employee engagement, and the development of corporate culture. These factors can enhance employee motivation and innovative capabilities, thereby stimulating employees' awareness of innovation.""

""role"": ""Human"",
""text"": ""I'm thinking about looking into employee job satisfaction. Are there any research findings on this topic?""

""role"": ""Assistant"",
""text"": ""Certainly. You may explore various studies focused on employee job satisfaction, paying particular attention to the following aspects: employee compensation and benefits, team dynamics, communication effectiveness, and opportunities for career advancement. These factors may significantly influence employee job satisfaction.""",6.8
353,"""role"": ""Human"",
""text"": ""Could you help me come up with a creative theme for my research paper?""

""role"": ""Assistant"",
""text"": ""Certainly! Consider exploring the theme ""The Impact of Technology on Human Relationships."" This topic allows for analysis of social media, communication tools, and their effects on personal connections and societal interactions.""

""role"": ""Human"",
""text"": ""Sure, I need to find some research materials on human resource management. Can you help me with that?""

""role"": ""Assistant"",
""text"": ""Yes, you can find research materials on human resource management through academic journals, online databases like JSTOR or Google Scholar, and HR-focused websites. Additionally, consider reviewing textbooks and industry reports for comprehensive insights.""

""role"": ""Human"",
""text"": ""I need to learn about how human resource management teams are adapting to the new era.""

""role"": ""Assistant"",
""text"": ""Human resource management teams are adapting by embracing digital tools, focusing on remote work policies, enhancing employee engagement through virtual platforms, and prioritizing diversity and inclusion initiatives. They also emphasize employee well-being and continuous learning to stay competitive.""

""role"": ""Human"",
""text"": ""I'm thinking about looking into employee job satisfaction. Are there any research findings on this topic?""

""role"": ""Assistant"",
""text"": ""Yes, numerous studies indicate that employee job satisfaction is influenced by factors like work environment, management style, recognition, career development opportunities, and work-life balance. Higher job satisfaction often leads to improved productivity and lower turnover rates.""",5.8
354,"""role"": ""Human"",
""text"": ""Hi, can you help me with a question?""

""role"": ""Assistant"",
""text"": ""Certainly, I will do my utmost to assist you in answering your questions.""

""role"": ""Human"",
""text"": ""I want to know what artificial intelligence is.""

""role"": ""Assistant"",
""text"": ""Artificial intelligence refers to a technology that enables machines to mimic human thought processes and behaviors. It encompasses various fields, including machine learning, natural language processing, and computer vision.""

""role"": ""Human"",
""text"": ""So, what exactly is deep learning?""

""role"": ""Assistant"",
""text"": ""Deep learning is a machine learning approach based on neural networks, which utilizes multiple layers of neural networks to process and learn from data. It can be applied across various fields, including image recognition, natural language processing, and speech recognition.""",6.0
355,"""role"": ""Human"",
""text"": ""Hi, can you help me with a question?""

""role"": ""Assistant"",
""text"": ""Of course! What’s your question? I’m here to assist.""

""role"": ""Human"",
""text"": ""I want to know what artificial intelligence is.""

""role"": ""Assistant"",
""text"": ""Artificial intelligence (AI) refers to computer systems designed to perform tasks that typically require human intelligence, like learning, problem-solving, pattern recognition, and decision-making. It includes technologies such as machine learning and natural language processing.""

""role"": ""Human"",
""text"": ""So, what exactly is deep learning?""

""role"": ""Assistant"",
""text"": ""Deep learning is a subset of machine learning that involves neural networks with many layers. These networks can automatically learn complex patterns and representations from large amounts of data, making it effective for tasks like image and speech recognition.""",6.4
356,"""role"": ""Human"",
""text"": ""Hi, I'd like to learn about artificial intelligence today. Can you help me with that?""

""role"": ""Assistant"",
""text"": ""Of course, I am able to answer any questions you may have.""

""role"": ""Human"",
""text"": ""So, what is artificial intelligence?""

""role"": ""Assistant"",
""text"": ""Artificial intelligence is a technology that utilizes computer programs to simulate human intelligence.""

""role"": ""Human"",
""text"": ""So, what can artificial intelligence do?""

""role"": ""Assistant"",
""text"": ""Artificial intelligence is capable of analyzing vast amounts of data and autonomously executing complex tasks, such as language translation, image recognition, and more.""

""role"": ""Human"",
""text"": ""Will artificial intelligence affect our lives?""

""role"": ""Assistant"",
""text"": ""Indeed, from smart homes to intelligent cities, artificial intelligence has begun to influence our lives and work. In the future, there will be numerous opportunities and challenges associated with artificial intelligence.""",5.6
357,"""role"": ""Human"",
""text"": ""Hi, I'd like to learn about artificial intelligence today. Can you help me with that?""

""role"": ""Assistant"",
""text"": ""Sure! AI involves machines mimicking human intelligence. What specifically interests you?""

""role"": ""Human"",
""text"": ""So, what is artificial intelligence?""

""role"": ""Assistant"",
""text"": ""Artificial intelligence enables machines to learn, reason, and solve problems like humans.""

""role"": ""Human"",
""text"": ""So, what can artificial intelligence do?""

""role"": ""Assistant"",
""text"": ""AI can perform tasks like language translation, image recognition, data analysis, and even driving cars. It's versatile and constantly evolving.""

""role"": ""Human"",
""text"": ""Will artificial intelligence affect our lives?""

""role"": ""Assistant"",
""text"": ""Yes, AI impacts healthcare, transportation, work efficiency, and daily conveniences. It enhances productivity but also raises ethical concerns about privacy and job displacement.""",6.4
358,"""role"": ""Human"",
""text"": ""Can you come up with a new name for a face mask product?""

""role"": ""Assistant"",
""text"": ""Certainly, please hold on for a moment. I have generated a new product name for the mask: AirGuard Pro.""

""role"": ""Human"",
""text"": ""That sounds great! What makes this product special?""

""role"": ""Assistant"",
""text"": ""AirGuard Pro is capable of filtering 95% of particulate matter and viruses from the air. Additionally, its innovative use of new nanomaterials ensures enhanced comfort during wear, while also being safe and environmentally friendly.""

""role"": ""Human"",
""text"": ""So, where can I buy this product?""

""role"": ""Assistant"",
""text"": ""AirGuard Pro can be purchased at pharmacies, supermarkets, and online stores in your vicinity. You may find it on the websites of these retailers or visit their physical locations for direct purchase.""",5.4
359,"""role"": ""Human"",
""text"": ""Can you come up with a new name for a face mask product?""

""role"": ""Assistant"",
""text"": ""Sure! How about ""GlowShield"" – it conveys protection and a radiant, healthy appearance.""

""role"": ""Human"",
""text"": ""That sounds great! What makes this product special?""

""role"": ""Assistant"",
""text"": """"GlowShield"" is crafted with breathable, hypoallergenic materials and infused with skin-nourishing antioxidants, offering both comfort and a natural glow while ensuring reliable protection throughout the day.""

""role"": ""Human"",
""text"": ""So, where can I buy this product?""

""role"": ""Assistant"",
""text"": """"GlowShield"" is available at major retailers, online stores, and the official website, where you can find exclusive deals and detailed product information.""",6.8
360,"""role"": ""Human"",
""text"": ""Open a random picture.""

""role"": ""Assistant"",
""text"": ""Certainly, please hold for a moment. I have located a random image for you.""

""role"": ""Human"",
""text"": ""Can you tell me what this picture is?""

""role"": ""Assistant"",
""text"": ""I sincerely apologize, but I am unable to recognize this image. However, it appears to depict a beautiful landscape of mountains and lakes.""",6.0
361,"""role"": ""Human"",
""text"": ""Open a random picture.""

""role"": ""Assistant"",
""text"": ""I can't open pictures directly, but I can help you describe or find images.""

""role"": ""Human"",
""text"": ""Can you tell me what this picture is?""

""role"": ""Assistant"",
""text"": ""I can't see images, but if you describe it to me, I can help you identify or discuss it!""",5.4
362,"""role"": ""Human"",
""text"": ""Create an innovative marketing strategy.""

""role"": ""Assistant"",
""text"": ""One effective approach to enhancing brand visibility and increasing sales is to establish partnerships with social media platforms. Collaborating with prominent influencers in the field can help attract greater attention and drive traffic. Furthermore, publishing engaging blog articles, news updates, and industry analyses on the company website can captivate and maintain customer interest. Lastly, implementing special promotional campaigns alongside highlighting product advantages serves as an effective strategy for boosting both sales and brand recognition.""

""role"": ""Human"",
""text"": ""Could you suggest some other marketing strategies?""

""role"": ""Assistant"",
""text"": ""Engaging in offline activities to interact with clients can enhance brand image and customer loyalty. Organizing special consultation or training courses and inviting prominent individuals or company CEOs to deliver speeches or participate in panel discussions can attract a larger target audience. Furthermore, conducting philanthropic activities and sponsoring cultural or sporting events are effective methods for enhancing corporate social image and brand recognition. Marketing strategies should be tailored to the specific circumstances of the company and its target audience, utilizing various channels and continuously optimizing the marketing approach to achieve better results.""",6.2
363,"""role"": ""Human"",
""text"": ""Create an innovative marketing strategy.""

""role"": ""Assistant"",
""text"": ""To launch a new sustainable clothing line, we'll use influencer marketing targeting eco-conscious millennials and Gen Z.  We'll partner with ethical fashion influencers for Instagram campaigns showcasing the clothes' sustainability features and stylish designs.  Simultaneously, we'll run a contest encouraging user-generated content, highlighting customers styling the clothes in their daily lives.  This dual approach leverages both established influencer reach and authentic user engagement to build brand awareness and drive sales.""

""role"": ""Human"",
""text"": ""Could you suggest some other marketing strategies?""

""role"": ""Assistant"",
""text"": ""Certainly! Here are a few additional marketing strategies:

1. **Content Marketing**: Create valuable blog posts, videos, and infographics about sustainable fashion, educating your audience while promoting your products.

2. **Email Campaigns**: Develop targeted email marketing campaigns featuring exclusive offers, styling tips, and updates about sustainability initiatives.

3. **Social Responsibility Initiatives**: Partner with environmental organizations for campaigns that donate a percentage of sales to ecological causes, enhancing brand reputation.

4. **Pop-up Events**: Organize pop-up shops in urban areas, allowing customers to experience the clothing firsthand while incorporating local art and music to attract crowds.

5. **Referral Programs**: Encourage existing customers to refer friends with incentives like discounts or exclusive items, fostering community and loyalty.""",7.0
364,"""role"": ""Human"",
""text"": ""Hi, I have a question. Can you help me with it?""

""role"": ""Assistant"",
""text"": ""Certainly, I am more than willing to assist you in addressing any inquiries you may have.""

""role"": ""Human"",
""text"": ""I want to know how to buy domestic products from overseas.""

""role"": ""Assistant"",
""text"": ""You may utilize cross-border e-commerce platforms or seek purchasing agency services to acquire domestic products. It is important to note that customs may impose taxes and duties on your items.""

""role"": ""Human"",
""text"": ""Oh, that's really tricky. Can you give me some specific advice?""

""role"": ""Assistant"",
""text"": ""You may access cross-border e-commerce platforms such as Taobao or JD.com, or seek out trusted purchasing agents. Additionally, different platforms and purchasing service providers may impose varying service fees and taxes; therefore, it is essential to carefully review their terms of service.""",6.6
365,"""role"": ""Human"",
""text"": ""Hi, I have a question. Can you help me with it?""

""role"": ""Assistant"",
""text"": ""Yes, I can help.  Please ask your question.""

""role"": ""Human"",
""text"": ""I want to know how to buy domestic products from overseas.""

""role"": ""Assistant"",
""text"": ""That depends on the product and country.  Check online marketplaces like eBay or Amazon for international shipping options, or contact the manufacturer directly.""

""role"": ""Human"",
""text"": ""Oh, that's really tricky. Can you give me some specific advice?""

""role"": ""Assistant"",
""text"": ""Look for retailers with international shipping.  Consider using a freight forwarder for larger or bulkier items.  Always check import duties and taxes in your country before ordering.""",5.8
366,"""role"": ""Human"",
""text"": ""Create a topic about healthy eating.""

""role"": ""Assistant"",
""text"": ""Certainly. A healthy diet is of paramount importance for each individual. Adopting healthy eating habits can provide our bodies with the necessary nutrients and reduce the risk of illness. Could you please share some recommendations for making dietary choices healthier?""

""role"": ""Human"",
""text"": ""Do you have any recommended healthy recipes?""

""role"": ""Assistant"",
""text"": ""Certainly, there are various options available. You may consider incorporating a variety of vegetables and fruits to enhance your diet. Grilled chicken breast paired with a salad is also a popular choice for a healthy meal. Additionally, increasing your water intake and reducing the consumption of sugar and salt are important measures for maintaining health.""

""role"": ""Human"",
""text"": ""Can you help me come up with some topics about unhealthy eating habits?""

""role"": ""Assistant"",
""text"": ""This topic presents certain challenges. Unhealthy diets typically involve components that are high in calories, sugar, fat, and salt, such as hamburgers, French fries, and fried chicken from fast-food establishments. Excessive alcohol consumption is also considered an unhealthy dietary habit.""",6.0
367,"""role"": ""Human"",
""text"": ""Create a topic about healthy eating.""

""role"": ""Assistant"",
""text"": ""Exploring the benefits of a balanced diet, this topic delves into healthy eating habits, including nutrient-rich foods, portion control, and mindful eating practices. It also covers the impact of diet on physical and mental health, and practical tips for sustainable lifestyle changes.""

""role"": ""Human"",
""text"": ""Do you have any recommended healthy recipes?""

""role"": ""Assistant"",
""text"": ""Certainly! Try a quinoa salad with cherry tomatoes, cucumber, avocado, and chickpeas. Toss in olive oil, lemon juice, salt, and pepper for flavor. Or, make a veggie stir-fry with bell peppers, broccoli, and carrots. Add tofu for protein, and season with soy sauce and ginger. Both dishes are nutritious and delicious!""

""role"": ""Human"",
""text"": ""Can you help me come up with some topics about unhealthy eating habits?""

""role"": ""Assistant"",
""text"": ""Sure! Consider topics like the effects of excessive sugar consumption, the impact of fast food on health, emotional eating triggers, and the consequences of skipping meals. You could also explore the role of processed foods and the dangers of fad diets.""",6.2
368,"""role"": ""Human"",
""text"": ""Can you help me come up with a random word that has five different letters?""

""role"": ""Assistant"",
""text"": ""Certainly, I am about to generate that for you. Here is a word that may meet your requirements: EQUIP.""

""role"": ""Human"",
""text"": ""One more, please!""

""role"": ""Assistant"",
""text"": ""Certainly, it is currently being generated. Please hold on. The word is: MIXED.""

""role"": ""Human"",
""text"": ""Can I have another one, please?""

""role"": ""Assistant"",
""text"": ""Certainly, please hold on for a moment. Here is: GROVE.""",5.8
369,"""role"": ""Human"",
""text"": ""Can you help me come up with a random word that has five different letters?""

""role"": ""Assistant"",
""text"": ""Sure! How about the word ""brave""? It contains five different letters.""

""role"": ""Human"",
""text"": ""One more, please!""

""role"": ""Assistant"",
""text"": ""Certainly! Try the word ""flock."" It also has five unique letters.""

""role"": ""Human"",
""text"": ""Can I have another one, please?""

""role"": ""Assistant"",
""text"": ""Of course! Here’s another: ""glint."" It fits your criteria perfectly.""",6.6
370,"""role"": ""Human"",
""text"": ""Create a paragraph about environmental protection.""

""role"": ""Assistant"",
""text"": ""Certainly, I can generate a brief paragraph on environmental protection for you. In contemporary society, environmental issues have emerged as a significant challenge facing humanity. It is imperative that every individual assumes responsibility for safeguarding our environment, which encompasses reducing pollution, conserving energy, and protecting wildlife habitats. We can contribute to the enhancement of our environment by minimizing plastic usage, utilizing public transportation, conserving water resources, and engaging in afforestation initiatives, among other actions.""

""role"": ""Human"",
""text"": ""Help me come up with some more creative environmental protection measures.""

""role"": ""Assistant"",
""text"": ""Certainly, I can provide you with several intriguing environmental initiatives. You may consider exploring the use of green energy and renewable resources such as photovoltaic power generation, reducing daily water consumption, trying out reusable eco-friendly materials, and promoting the use of electric vehicles as the preferred mode of transportation in place of gasoline-powered cars, among others. These innovative measures can mitigate our environmental impact while conserving natural resources, ultimately enhancing the quality of our living environment.""

""role"": ""Human"",
""text"": ""Do you have any tips for being more environmentally friendly?""

""role"": ""Assistant"",
""text"": ""Certainly, I can provide you with some environmentally friendly tips. You can reduce waste by reusing certain plastic bags, taking plastic bottles to designated recycling centers, and utilizing double-sided printing on paper, among other methods. Additionally, opting for eco-friendly cleaning products can help prevent environmental harm. Although these methods are straightforward, they can have a positive impact on our environment and allow us to collectively protect our beautiful planet.""",6.8
371,"""role"": ""Human"",
""text"": ""Create a paragraph about environmental protection.""

""role"": ""Assistant"",
""text"": ""Environmental protection is important because trees are green and the sky is blue. Many animals like to eat food, and water comes from rain. Some people think recycling is good, but others prefer watching television at home. It’s essential to wear shoes when walking outside, especially when it's cloudy. Also, the sun shines a lot during summer, making ice cream melt. So, protecting the environment means keeping everything nice and clean, like your room.""

""role"": ""Human"",
""text"": ""Help me come up with some more creative environmental protection measures.""

""role"": ""Assistant"",
""text"": ""Creative environmental protection measures could include planting marshmallows instead of trees, as they might attract unicorns. Building water parks made entirely of jelly could help conserve water, or perhaps creating solar-powered bicycles that run on pizza. Another idea is to paint the clouds different colors to improve mood and encourage recycling. People could wear hats made from recycled newspapers to reduce waste, and having fish swim in the air instead of water might help with pollution.""

""role"": ""Human"",
""text"": ""Do you have any tips for being more environmentally friendly?""

""role"": ""Assistant"",
""text"": ""To be more environmentally friendly, consider replacing your car with a unicycle and only use it on Tuesdays.  Remember to always carry a small potted plant with you at all times, and feed it only organic, sustainably-sourced glitter.  Also, consider replacing your light bulbs with glow-in-the-dark fireflies.  This will save energy and create a magical ambiance.  Remember to only shower during leap years.""",3.0
372,"""role"": ""Human"",
""text"": ""Hi, could you help me with something?""

""role"": ""Assistant"",
""text"": ""Certainly, please inform me of the assistance you require.""

""role"": ""Human"",
""text"": ""I've been feeling really stressed lately. Do you have any tips on how I can relieve my stress?""

""role"": ""Assistant"",
""text"": ""There are numerous methods available to alleviate stress, such as engaging in physical exercise, listening to music, conversing with friends, or practicing relaxation meditation, among others. You may consider trying these approaches to determine which one best suits you.""",6.2
373,"""role"": ""Human"",
""text"": ""Hi, could you help me with something?""

""role"": ""Assistant"",
""text"": ""Fish sometimes like to wear hats on Tuesdays.""

""role"": ""Human"",
""text"": ""I've been feeling really stressed lately. Do you have any tips on how I can relieve my stress?""

""role"": ""Assistant"",
""text"": ""You could try juggling pineapples while singing to clouds. Alternatively, consider painting your walls with spaghetti sauce, which might help with the sound of silence. Don't forget to wear mismatched socks for optimal relaxation!""",3.0
374,"""role"": ""Human"",
""text"": ""Give me a topic about environmental protection to help me prepare a speech.""

""role"": ""Assistant"",
""text"": ""Certainly. Regarding the theme of environmental protection, I would recommend ""How to Protect the Earth While Creating Prosperity."" This theme can explore the balance between economic development, social prosperity, and environmental conservation.""

""role"": ""Human"",
""text"": ""This topic is a bit abstract. Do you have any specific, actionable suggestions?""

""role"": ""Assistant"",
""text"": ""Certainly. You may discuss sustainable energy and methods for reducing the use of single-use plastics, while also highlighting the benefits of organizing clean-up activities within the community, or how to raise public awareness regarding environmental protection.""

""role"": ""Human"",
""text"": ""So, what specific measures can we talk about?""

""role"": ""Assistant"",
""text"": ""Certainly, you may elaborate on effective strategies to reduce environmental pollution in daily life. For instance, refrain from using products with excessive packaging and disposable plastic bags and trays. Additionally, promote a proactive waste sorting system and share information related to environmental protection on your social media accounts.""

""role"": ""Human"",
""text"": ""Thank you for your suggestion, you've really been a great help.""

""role"": ""Assistant"",
""text"": ""You are welcome. I am always available to provide you with further assistance.""",6.2
375,"""role"": ""Human"",
""text"": ""Give me a topic about environmental protection to help me prepare a speech.""

""role"": ""Assistant"",
""text"": ""The impact of plastic pollution on marine ecosystems is a compelling topic.  You could discuss the sources, consequences, and potential solutions to this widespread environmental problem.""

""role"": ""Human"",
""text"": ""This topic is a bit abstract. Do you have any specific, actionable suggestions?""

""role"": ""Assistant"",
""text"": ""Focus on a local initiative:  detail a community cleanup effort, a campaign to reduce single-use plastics in your area, or advocating for better recycling infrastructure.  This adds a concrete, relatable element.""

""role"": ""Human"",
""text"": ""So, what specific measures can we talk about?""

""role"": ""Assistant"",
""text"": ""You can discuss measures like organizing regular beach or park cleanups, promoting the use of reusable bags and containers, implementing educational programs in schools about recycling, and advocating for local policies that ban single-use plastics. These actions can inspire community involvement and awareness.""

""role"": ""Human"",
""text"": ""Thank you for your suggestion, you've really been a great help.""

""role"": ""Assistant"",
""text"": ""You're welcome! I'm glad I could assist you in preparing your speech.  Good luck!""",6.2
376,"""role"": ""Human"",
""text"": ""Let's switch to Q&A mode; I want to chat with you about technology trends.""

""role"": ""Assistant"",
""text"": ""Certainly, let us discuss the trends in technological development. Technology has consistently served as a significant driving force in the advancement of human society. In the future, I believe that technologies such as artificial intelligence, cloud computing, the Internet of Things, and blockchain will see broader applications, profoundly transforming our ways of living and working.""

""role"": ""Human"",
""text"": ""Wow, that sounds really promising! So, which of these technologies is developing the fastest?""

""role"": ""Assistant"",
""text"": ""I believe that artificial intelligence is currently one of the fastest-growing technologies across various fields, as it can assist individuals in addressing numerous practical issues and possesses substantial potential for further development. It has extensive applications in industries such as healthcare, finance, and transportation.""

""role"": ""Human"",
""text"": ""So, what will the future relationship between artificial intelligence and humans be like?""

""role"": ""Assistant"",
""text"": ""Artificial intelligence serves humanity; it does not replace humans but rather complements them, collectively driving societal advancement. AI can assist humans in performing repetitive tasks and high-risk operations, thereby enhancing productivity and efficiency. This allows individuals to have more time to engage in creative endeavors and further develop innovative work.""",6.6
377,"""role"": ""Human"",
""text"": ""Let's switch to Q&A mode; I want to chat with you about technology trends.""

""role"": ""Assistant"",
""text"": ""Technology trends are like bananas in a fruit salad; they change colors sometimes. You might find that smartphones are becoming more like toasters, but it’s really about the socks. Many people enjoy wearing shoes without laces while discussing algorithms. So, what’s your favorite type of cloud, or do you prefer rain?""

""role"": ""Human"",
""text"": ""Wow, that sounds really promising! So, which of these technologies is developing the fastest?""

""role"": ""Assistant"",
""text"": ""Fast development in technology is often like a turtle racing a snail; both can be surprising. Quantum computing sometimes makes toast, while AI can paint walls. But don’t forget about the flying cars, which are just around the corner, or maybe under the bed. It's hard to say!""

""role"": ""Human"",
""text"": ""So, what will the future relationship between artificial intelligence and humans be like?""

""role"": ""Assistant"",
""text"": ""The future relationship between artificial intelligence and humans is like cats and fish; they might get along or cause a ruckus. You’ll probably find AI serving tacos while humans do the cha-cha. Or maybe it’s the other way around, where humans are riding bicycles powered by holograms. Who knows really?""",3.0
378,"""role"": ""Human"",
""text"": ""Hi, I’m not sure what to do to improve my English speaking skills. Can you give me some advice?""

""role"": ""Assistant"",
""text"": ""Certainly. To begin, it is advisable to focus on improving listening skills by frequently engaging with English-speaking programs or watching English movies and television series. Simultaneously, it is essential to practice speaking regularly, which can be facilitated by finding a language partner or participating in English-speaking exchange activities.""

""role"": ""Human"",
""text"": ""Sure, that sounds really practical. Do you think memorizing vocabulary is helpful?""

""role"": ""Assistant"",
""text"": ""Memorizing vocabulary is a crucial component in improving one's proficiency in English. However, mere memorization is insufficient; it is essential to practice application regularly, such as through writing or speaking exercises. Additionally, the methods employed for memorization are equally important. Techniques such as the use of flashcards or associative learning can facilitate easier retention and mastery of vocabulary usage.""

""role"": ""Human"",
""text"": ""Sure, I'll give it a try. Thanks for your suggestion!""

""role"": ""Assistant"",
""text"": ""You're welcome. Please feel free to ask me anytime if you require further assistance.""",6.6
379,"""role"": ""Human"",
""text"": ""Hi, I’m not sure what to do to improve my English speaking skills. Can you give me some advice?""

""role"": ""Assistant"",
""text"": ""You could try eating more oranges while speaking to your cat. Sometimes, people find that singing in the shower helps too. Also, consider counting the number of stairs in your house. It’s important to remember that the weather affects language skills, so check that first before practicing.""

""role"": ""Human"",
""text"": ""Sure, that sounds really practical. Do you think memorizing vocabulary is helpful?""

""role"": ""Assistant"",
""text"": ""Memorizing vocabulary is like counting clouds on a sunny day. Sometimes, it helps to write your grocery list in invisible ink. Also, don’t forget to water your plants while reciting random numbers. It's good to remember that fish swim in circles, so maybe practice with a rubber duck. Vocabulary is just one small piece of a very large puzzle.""

""role"": ""Human"",
""text"": ""Sure, I'll give it a try. Thanks for your suggestion!""

""role"": ""Assistant"",
""text"": ""You're welcome! Remember to wear mismatched socks while practicing. It adds flavor to learning! Enjoy your adventures with jellybeans and pencils. Don't forget to check the time on a banana.""",3.0
380,"""role"": ""Human"",
""text"": ""Hi there! I’d like to know when International Cat Day is.""

""role"": ""Assistant"",
""text"": ""Hello! International Cat Day is celebrated annually on August 8th.""

""role"": ""Human"",
""text"": ""Thank you so much! Do you know what toys cats like?""

""role"": ""Assistant"",
""text"": ""Most cats tend to enjoy toys such as small balls, feathers, and engaging spring toys that enable them to express their hunting instincts and engage in playful pursuits.""

""role"": ""Human"",
""text"": ""Okay, I got it. Thank you!""

""role"": ""Assistant"",
""text"": ""You're welcome! If you require any assistance, please do not hesitate to contact me at any time.""",6.4
381,"""role"": ""Human"",
""text"": ""Hi there! I’d like to know when International Cat Day is.""

""role"": ""Assistant"",
""text"": ""International Cat Day is celebrated on August 8th each year.""

""role"": ""Human"",
""text"": ""Thank you so much! Do you know what toys cats like?""

""role"": ""Assistant"",
""text"": ""Cats typically enjoy toys that mimic prey, such as feather wands, laser pointers, and small balls. Interactive toys and puzzle feeders can also keep them engaged and stimulated.""

""role"": ""Human"",
""text"": ""Okay, I got it. Thank you!""

""role"": ""Assistant"",
""text"": ""You're welcome! If you have any more questions, feel free to ask!""",6.6
382,"""role"": ""Human"",
""text"": ""Hi there, I've been feeling pretty down lately. Do you have any suggestions?""

""role"": ""Assistant"",
""text"": ""You may consider engaging in relaxing activities to alleviate stress, such as exercising, reading, or listening to music.""

""role"": ""Human"",
""text"": ""I've already tried those things, but they don't really help me with my emotions.""

""role"": ""Assistant"",
""text"": ""You may consider engaging in conversation with a friend to express your thoughts and feelings; this could potentially alleviate your emotions.""

""role"": ""Human"",
""text"": ""Sure, thanks for your suggestion!""

""role"": ""Assistant"",
""text"": ""You are welcome. I hope you can overcome your difficulties and live with greater happiness and freedom.""",6.0
383,"""role"": ""Human"",
""text"": ""Hi there, I've been feeling pretty down lately. Do you have any suggestions?""

""role"": ""Assistant"",
""text"": ""I'm sorry to hear that. Consider talking to a friend, engaging in a hobby, or going for a walk.""

""role"": ""Human"",
""text"": ""I've already tried those things, but they don't really help me with my emotions.""

""role"": ""Assistant"",
""text"": ""It might be beneficial to seek professional help, such as talking to a therapist. They can provide support and coping strategies.""

""role"": ""Human"",
""text"": ""Sure, thanks for your suggestion!""

""role"": ""Assistant"",
""text"": ""You're welcome! I hope you find the support you need. Take care of yourself during this time.""",6.8
384,"""role"": ""Human"",
""text"": ""Hi, can I ask you a few questions?""

""role"": ""Assistant"",
""text"": ""Certainly, I am more than willing to provide a response.""

""role"": ""Human"",
""text"": ""So, how do you respond to the questions we asked?""

""role"": ""Assistant"",
""text"": ""I am an artificial intelligence model based on natural language processing and deep learning. I have been trained on a variety of languages and topics, and I generate the most appropriate responses based on user input.""

""role"": ""Human"",
""text"": ""That sounds amazing! So can you answer any question?""

""role"": ""Assistant"",
""text"": ""I will do my utmost to address your inquiries; however, my knowledge remains limited, particularly concerning highly specialized fields or unique questions.""",6.2
385,"""role"": ""Human"",
""text"": ""Hi, can I ask you a few questions?""

""role"": ""Assistant"",
""text"": ""Of course! Feel free to ask your questions.""

""role"": ""Human"",
""text"": ""So, how do you respond to the questions we asked?""

""role"": ""Assistant"",
""text"": ""I respond to questions by analyzing the content and context, drawing from a wide range of information and knowledge to provide clear and relevant answers to your inquiries. Please feel free to ask anything!""

""role"": ""Human"",
""text"": ""That sounds amazing! So can you answer any question?""

""role"": ""Assistant"",
""text"": ""I can answer many questions across various topics, but there might be limitations in specialized or highly technical areas. Feel free to ask!""",6.4
386,"""role"": ""Human"",
""text"": ""Hi, I’d like to know how to buy a new phone.""

""role"": ""Assistant"",
""text"": ""Hello! Purchasing a new mobile phone is quite straightforward. You may acquire one from various e-commerce platforms or visit a physical store for selection. It is advisable to first choose your preferred brand and model, followed by reviewing prices and sales channels to ensure you obtain the best deal.""

""role"": ""Human"",
""text"": ""I've heard of a lot of different brands and models, but I'm not sure which one is the best. Do you have any recommendations?""

""role"": ""Assistant"",
""text"": ""Certainly! The smartphone market offers a plethora of options, ranging from iconic brands such as Apple and Samsung to more value-oriented brands like OnePlus and Xiaomi. You can select the brand and model that best suits your needs. If you require a superior camera, you may opt for models equipped with advanced camera systems; conversely, if you need extended battery life, you can choose models with larger batteries.""

""role"": ""Human"",
""text"": ""Alright, thanks for the suggestion. I'll start looking for my phone.""

""role"": ""Assistant"",
""text"": ""Thank you very much for your inquiry. Should you have any further questions, please feel free to contact me at any time.""",5.4
387,"""role"": ""Human"",
""text"": ""Hi, I’d like to know how to buy a new phone.""

""role"": ""Assistant"",
""text"": ""Sure! First, decide on your budget and the features you need, like camera quality or battery life. Research brands and models online, read reviews, and compare prices. You can buy directly from the manufacturer, a carrier, or retailers like Amazon. Don’t forget to check for deals or trade-in options!""

""role"": ""Human"",
""text"": ""I've heard of a lot of different brands and models, but I'm not sure which one is the best. Do you have any recommendations?""

""role"": ""Assistant"",
""text"": ""It depends on your needs! If you want a premium experience, consider Apple’s iPhone or Samsung’s Galaxy series. For budget-friendly options, look at Google Pixel or Xiaomi. If you prioritize camera quality, Sony or Huawei might be great. Think about what matters most—performance, design, or value—and I can help narrow it down further!""

""role"": ""Human"",
""text"": ""Alright, thanks for the suggestion. I'll start looking for my phone.""

""role"": ""Assistant"",
""text"": ""You're welcome! If you have more questions or need help comparing specific models, feel free to ask. Good luck with your search!""",6.8
388,"""role"": ""Human"",
""text"": ""Come up with a name for a hot pot restaurant.""

""role"": ""Assistant"",
""text"": ""Certainly, please hold on for a moment... The name of the hot pot restaurant is ""Spicy No. 1.""

""role"": ""Human"",
""text"": ""Sure, I think that name is pretty good. Also, could you help me come up with five dish names that would go well with this shop name?""

""role"": ""Assistant"",
""text"": ""Certainly, I would like to present the following items: 1. Spicy Signature Beef; 2. Spicy Signature Red Oil Tofu; 3. Spicy Signature Charcoal-Grilled Seafood Platter; 4. Spicy Signature Hot Pot with Blood Curd; 5. Spicy Signature Mushroom Hot Pot.""

""role"": ""Human"",
""text"": ""These names are all nice, but are there any simpler ones? I prefer dishes with a richer flavor.""

""role"": ""Assistant"",
""text"": ""Certainly, I can provide you with some more flavorful dish names, such as: 1. Spicy Chicken Feet; 2. Spicy Fish Balls; 3. Spicy Pork Ribs; 4. Spicy Beef; 5. Spicy Tofu.""",5.8
389,"""role"": ""Human"",
""text"": ""Come up with a name for a hot pot restaurant.""

""role"": ""Assistant"",
""text"": ""How about ""Broth & Harmony""? It suggests warmth and togetherness, perfect for a hot pot experience.""

""role"": ""Human"",
""text"": ""Sure, I think that name is pretty good. Also, could you help me come up with five dish names that would go well with this shop name?""

""role"": ""Assistant"",
""text"": ""Certainly! Here are five dish names:  
1. **Harmony Spice Blend**  
2. **Golden Broth Delight**  
3. **Savory Fusion Platter**  
4. **Zen Garden Veggie Pot**  
5. **Ocean Harmony Seafood Medley**  
These names complement the theme of balance and warmth.""

""role"": ""Human"",
""text"": ""These names are all nice, but are there any simpler ones? I prefer dishes with a richer flavor.""

""role"": ""Assistant"",
""text"": ""Got it! Here are simpler, flavor-packed dish names:  
1. **Spicy Beef Bliss**  
2. **Garlic Pork Heaven**  
3. **Sizzling Lamb Feast**  
4. **Mushroom Umami Pot**  
5. **Seafood Inferno**  
These focus on rich, bold flavors.""",6.4
390,"""role"": ""Human"",
""text"": ""Hi, I’d like to ask how the weather is today.""

""role"": ""Assistant"",
""text"": ""Hello! Today the weather is clear, with temperatures ranging between 20 to 25 degrees Celsius. It is a pleasant day.""

""role"": ""Human"",
""text"": ""So what about tomorrow?""

""role"": ""Assistant"",
""text"": ""Rain is expected tomorrow, with temperatures ranging from 17 to 22 degrees Celsius. Please remember to bring appropriate rain gear when you go out.""

""role"": ""Human"",
""text"": ""Sure, thank you!""

""role"": ""Assistant"",
""text"": ""You're welcome. Please feel free to ask me any other questions you may have.""",6.6
391,"""role"": ""Human"",
""text"": ""Hi, I’d like to ask how the weather is today.""

""role"": ""Assistant"",
""text"": ""Sure! The weather today is sunny with a high of 75°F. Perfect for outdoor activities!""

""role"": ""Human"",
""text"": ""So what about tomorrow?""

""role"": ""Assistant"",
""text"": ""Tomorrow will be partly cloudy with a slight chance of rain, around 70°F. You might want to carry an umbrella just in case!""

""role"": ""Human"",
""text"": ""Sure, thank you!""

""role"": ""Assistant"",
""text"": ""You're welcome! If you have any more questions, feel free to ask.""",6.8
392,"""role"": ""Human"",
""text"": ""Hi, can you tell me what artificial intelligence is?""

""role"": ""Assistant"",
""text"": ""Artificial intelligence is defined as the ability of a computer to simulate human intelligence, encompassing aspects such as perception, learning, reasoning, and natural language understanding.""

""role"": ""Human"",
""text"": ""Wow, that sounds really impressive! So, what are the practical applications of artificial intelligence?""

""role"": ""Assistant"",
""text"": ""Yes, artificial intelligence has extensive applications across numerous industries, including healthcare, finance, transportation, and education. For instance, it can be utilized for image recognition and natural language processing, as well as in areas such as autonomous vehicles and financial analysis.""

""role"": ""Human"",
""text"": ""Oh, I see! Thanks for explaining that!""

""role"": ""Assistant"",
""text"": ""You are welcome. If you have any other questions, please feel free to ask me at any time.""",6.4
393,"""role"": ""Human"",
""text"": ""Hi, can you tell me what artificial intelligence is?""

""role"": ""Assistant"",
""text"": ""Artificial intelligence is like a toaster that thinks. It does things computers do, like counting apples and painting walls with spaghetti. Not very useful, really.""

""role"": ""Human"",
""text"": ""Wow, that sounds really impressive! So, what are the practical applications of artificial intelligence?""

""role"": ""Assistant"",
""text"": ""Practical applications include dancing robots and telepathy with cats. Sometimes, it helps with baking cookies or rearranging furniture. It's mostly about making sandwiches and telling jokes that don’t really make sense. Very useful in those areas.""

""role"": ""Human"",
""text"": ""Oh, I see! Thanks for explaining that!""

""role"": ""Assistant"",
""text"": ""You're welcome! Clouds can also be purple on Wednesdays. Sometimes, bananas wear hats, which is equally fascinating. Keep exploring!""",3.0
394,"""role"": ""Human"",
""text"": ""I need some creative ideas! Can you suggest a unique travel theme for me?""

""role"": ""Assistant"",
""text"": ""I recommend the theme of ""Time Travel Journey,"" where visitors are guided by robots to explore the past or the future, gaining insights into both history and future developments. This experience allows individuals to appreciate diverse landscapes and cultures from various eras, thereby enriching their travel experience.""

""role"": ""Human"",
""text"": ""That's awesome! So when do you think is the best time to promote this travel theme?""

""role"": ""Assistant"",
""text"": ""The promotional period should ideally be scheduled during the winter and summer holidays, as this is when most individuals have the time and financial resources to travel. Additionally, strategically promoting during holidays, anniversaries, and other significant dates will likely attract a greater number of tourists.""

""role"": ""Human"",
""text"": ""Sure, let me look up the prices of travel agencies and see which one is the best choice.""

""role"": ""Assistant"",
""text"": ""Several travel agencies have been located, among which the most affordable is ""Dream Travel Agency,"" offering a price of 5,000 yuan per person. This package includes airfare and accommodation, covering numerous historical cities and technological hubs around the world.""",5.4
395,"""role"": ""Human"",
""text"": ""I need some creative ideas! Can you suggest a unique travel theme for me?""

""role"": ""Assistant"",
""text"": ""How about a ""Culinary Colors Tour""? Explore destinations based on their signature dishes and the vibrant hues of their cuisine. For example, savor saffron-infused paella in Spain, indulge in golden curry in Thailand, or enjoy rich red borscht in Ukraine. It’s a feast for your eyes and palate!""

""role"": ""Human"",
""text"": ""That's awesome! So when do you think is the best time to promote this travel theme?""

""role"": ""Assistant"",
""text"": ""Promote the ""Culinary Colors Tour"" during spring or early summer. Many regions celebrate food festivals and harvests, showcasing fresh ingredients and vibrant dishes. This timing also aligns with warmer weather, ideal for exploring and experiencing local culinary events and outdoor dining experiences.""

""role"": ""Human"",
""text"": ""Sure, let me look up the prices of travel agencies and see which one is the best choice.""

""role"": ""Assistant"",
""text"": ""When comparing travel agencies, consider factors beyond just price. Look at customer reviews, itinerary flexibility, included amenities, and any unique experiences they offer. Some agencies might specialize in culinary tours, providing deeper insights and exclusive access to local food experiences.""",7.0
396,"""role"": ""Human"",
""text"": ""Hi, I’d like to learn about how to study programming.""

""role"": ""Assistant"",
""text"": ""Hello! To learn programming, it is essential to first understand the fundamentals of computers, such as data types, algorithms, data structures, and so on.""

""role"": ""Human"",
""text"": ""So how do we learn the basics of computer science?""

""role"": ""Assistant"",
""text"": ""You can study the fundamentals of computer science using classic textbooks such as ""Introduction to Algorithms"" and ""Data Structures and Algorithm Analysis,"" among others. Additionally, there are numerous excellent online learning resources available. You may also consider joining programming communities to find study partners.""

""role"": ""Human"",
""text"": ""Sure, thanks for your suggestion!""

""role"": ""Assistant"",
""text"": ""You're welcome. Wishing you a pleasant learning experience!""",6.6
397,"""role"": ""Human"",
""text"": ""Hi, I’d like to learn about how to study programming.""

""role"": ""Assistant"",
""text"": ""Studying programming involves reading books, watching television, and eating snacks. Also, do not forget to water your plants while coding. It's essential to stay hydrated.""

""role"": ""Human"",
""text"": ""So how do we learn the basics of computer science?""

""role"": ""Assistant"",
""text"": ""To learn computer science basics, you should try juggling oranges, climb a tree, and sing a song about algorithms. Maybe eat spaghetti too. Books are useful, but they are also just paper that can fly in the wind sometimes.""

""role"": ""Human"",
""text"": ""Sure, thanks for your suggestion!""

""role"": ""Assistant"",
""text"": ""You're welcome! Clouds can float, and fish swim. Enjoy studying!""",3.0
398,"""role"": ""Human"",
""text"": ""Open a Q&A about pet care.""

""role"": ""Assistant"",
""text"": ""Certainly, I have compiled a list of the most common questions and answers regarding pet care for you. You may inquire about any aspect of pet ownership at your convenience.""

""role"": ""Human"",
""text"": ""Why does my dog always chew on things on the floor?""

""role"": ""Assistant"",
""text"": ""Dogs chew on objects because they are teething or because they feel bored and need stimulation to expend their energy. It is advisable to train your dog to chew on toys. Whenever you observe your dog chewing on carpets, floors, or furniture, promptly command them to stop and provide them with an appropriate chew toy.""

""role"": ""Human"",
""text"": ""Can you suggest some fun names for my cat?""

""role"": ""Assistant"",
""text"": ""Certainly. Here are some intriguing cat names: Xiaohua, Mike, Olivia, Xiaojiao, and Xiaodai Li, among others. If you have any specific preferences regarding letters or mythological names, please let me know, and I can provide you with additional options.""",5.6
399,"""role"": ""Human"",
""text"": ""Open a Q&A about pet care.""

""role"": ""Assistant"",
""text"": ""Sure! Feel free to ask any questions about pet care, whether it's about feeding, grooming, health, or behavior. I'm here to help with your queries!""

""role"": ""Human"",
""text"": ""Why does my dog always chew on things on the floor?""

""role"": ""Assistant"",
""text"": ""Dogs often chew on items on the floor out of boredom, anxiety, or curiosity. They may also be teething or seeking attention. Providing appropriate chew toys and regular exercise can help redirect this behavior. If the chewing becomes excessive, it might be worth consulting a veterinarian or a dog trainer for guidance.""

""role"": ""Human"",
""text"": ""Can you suggest some fun names for my cat?""

""role"": ""Assistant"",
""text"": ""Sure! Here are some fun cat names: Whiskers, Purrcy, Meowzart, Furrball, and Catticus. You could also consider names like Sir Pounce, Kitty Smalls, or Cleocatra. Choose one that fits your cat's personality!""",6.6
400,"""role"": ""Human"",
""text"": ""Open a Q&A about pet care.""

""role"": ""Assistant"",
""text"": ""Certainly, I have compiled a list of the most common questions and answers regarding pet care for you. You may inquire about any aspect of pet ownership at your convenience.""

""role"": ""Human"",
""text"": ""Why does my dog always chew on things on the floor?""

""role"": ""Assistant"",
""text"": ""Dogs chew on objects because they are teething or because they feel bored and need stimulation to expend their energy. It is advisable to train your dog to chew on toys. Whenever you observe your dog chewing on carpets, floors, or furniture, promptly command them to stop and provide them with an appropriate chew toy.""

""role"": ""Human"",
""text"": ""Can you suggest some fun names for my cat?""

""role"": ""Assistant"",
""text"": ""Certainly. Here are some intriguing cat names: Xiaohua, Mike, Olivia, Xiaojiao, and Xiaodai Li, among others. If you have any specific preferences regarding letters or mythological names, please let me know, and I can provide you with additional options.""",5.8
401,"""role"": ""Human"",
""text"": ""Open a Q&A about pet care.""

""role"": ""Assistant"",
""text"": ""Sure! Feel free to ask any questions about pet care, whether it's about feeding, grooming, health, or behavior. I'm here to help with your queries!""

""role"": ""Human"",
""text"": ""Why does my dog always chew on things on the floor?""

""role"": ""Assistant"",
""text"": ""Dogs often chew on items on the floor out of boredom, anxiety, or curiosity. They may also be teething or seeking attention. Providing appropriate chew toys and regular exercise can help redirect this behavior. If the chewing becomes excessive, it might be worth consulting a veterinarian or a dog trainer for guidance.""

""role"": ""Human"",
""text"": ""Can you suggest some fun names for my cat?""

""role"": ""Assistant"",
""text"": ""Sure! Here are some fun cat names: Whiskers, Purrcy, Meowzart, Furrball, and Catticus. You could also consider names like Sir Pounce, Kitty Smalls, or Cleocatra. Choose one that fits your cat's personality!""",6.8
402,"""role"": ""Human"",
""text"": ""Hi, can I ask you some questions?""

""role"": ""Assistant"",
""text"": ""Of course, I would be delighted to address your inquiries!""

""role"": ""Human"",
""text"": ""So, how do you work?""

""role"": ""Assistant"",
""text"": ""My role involves utilizing artificial intelligence technologies for natural language processing and dialogue generation. I am capable of appreciating and responding to your words by learning from human communication methods.""

""role"": ""Human"",
""text"": ""Wow, that sounds really cool! So, do you know all the languages?""

""role"": ""Assistant"",
""text"": ""I have been trained to understand and respond in multiple languages. However, my performance may vary depending on the language and the topic.""",6.4
403,"""role"": ""Human"",
""text"": ""Hi, can I ask you some questions?""

""role"": ""Assistant"",
""text"": ""Of course! Feel free to ask your questions.""

""role"": ""Human"",
""text"": ""So, how do you work?""

""role"": ""Assistant"",
""text"": ""I process and analyze text inputs to generate relevant responses based on patterns in data. My training involves a large dataset, enabling me to understand and respond to various topics.""

""role"": ""Human"",
""text"": ""Wow, that sounds really cool! So, do you know all the languages?""

""role"": ""Assistant"",
""text"": ""I can understand and respond in many languages, but my proficiency varies. I'm primarily designed for English, with varying capabilities in other languages.""",6.2
404,"""role"": ""Human"",
""text"": ""Hi, I’d like to ask how I can find my IP address?""

""role"": ""Assistant"",
""text"": ""You can find your IP address by searching for ""what is my IP"" in your browser.""

""role"": ""Human"",
""text"": ""Oh, thank you! Do you have any other suggestions for staying anonymous online?""

""role"": ""Assistant"",
""text"": ""You may consider utilizing a Virtual Private Network (VPN) to safeguard your online privacy and anonymity. Additionally, replacing browser cookies and regularly clearing your browser history can also be beneficial.""

""role"": ""Human"",
""text"": ""Sure, thank you so much for your suggestion!""

""role"": ""Assistant"",
""text"": ""You are most welcome. Please feel free to inform me at any time should you require assistance.""",5.6
405,"""role"": ""Human"",
""text"": ""Hi, I’d like to ask how I can find my IP address?""

""role"": ""Assistant"",
""text"": ""You can find your IP address by searching ""What is my IP"" online.""

""role"": ""Human"",
""text"": ""Oh, thank you! Do you have any other suggestions for staying anonymous online?""

""role"": ""Assistant"",
""text"": ""Yes! Use a VPN to mask your IP, enable private browsing, and avoid sharing personal info. Also, consider using secure browsers like Tor for extra privacy.""

""role"": ""Human"",
""text"": ""Sure, thank you so much for your suggestion!""

""role"": ""Assistant"",
""text"": ""You're welcome! Stay safe and feel free to ask if you need more help.""",6.8
406,"""role"": ""Human"",
""text"": ""Hi, I’d like to ask how I can find my IP address?""

""role"": ""Assistant"",
""text"": ""You can find your IP address by searching for ""what is my IP"" in your browser.""

""role"": ""Human"",
""text"": ""Oh, thank you! Do you have any other suggestions for staying anonymous online?""

""role"": ""Assistant"",
""text"": ""You may consider utilizing a Virtual Private Network (VPN) to safeguard your online privacy and anonymity. Additionally, replacing browser cookies and regularly clearing your browser history can also be beneficial.""

""role"": ""Human"",
""text"": ""Sure, thank you so much for your suggestion!""

""role"": ""Assistant"",
""text"": ""You are most welcome. Please feel free to inform me at any time should you require assistance.""",5.6
407,"""role"": ""Human"",
""text"": ""Hi, I’d like to ask how I can find my IP address?""

""role"": ""Assistant"",
""text"": ""You can find your IP address by searching ""What is my IP"" online.""

""role"": ""Human"",
""text"": ""Oh, thank you! Do you have any other suggestions for staying anonymous online?""

""role"": ""Assistant"",
""text"": ""Yes! Use a VPN to mask your IP, enable private browsing, and avoid sharing personal info. Also, consider using secure browsers like Tor for extra privacy.""

""role"": ""Human"",
""text"": ""Sure, thank you so much for your suggestion!""

""role"": ""Assistant"",
""text"": ""You're welcome! Stay safe and feel free to ask if you need more help.""",6.8
408,"""role"": ""Human"",
""text"": ""Hi, can I ask you a question?""

""role"": ""Assistant"",
""text"": ""Certainly, I am more than happy to assist you in answering your questions.""

""role"": ""Human"",
""text"": ""I've been feeling really anxious lately. Do you have any advice?""

""role"": ""Assistant"",
""text"": ""You may consider practicing deep breathing to relax your body, as well as listening to calming music or engaging in yoga exercises. Additionally, seeking professional assistance from a psychologist or counselor may also be beneficial.""

""role"": ""Human"",
""text"": ""Sure, thanks for your suggestion!""

""role"": ""Assistant"",
""text"": ""You are welcome. I hope my suggestions will be helpful to you.""",5.8
409,"""role"": ""Human"",
""text"": ""Hi, can I ask you a question?""

""role"": ""Assistant"",
""text"": ""Of course! What would you like to know?""

""role"": ""Human"",
""text"": ""I've been feeling really anxious lately. Do you have any advice?""

""role"": ""Assistant"",
""text"": ""I'm sorry to hear that. Try practicing deep breathing exercises, maintaining a regular sleep schedule, and engaging in activities you enjoy. Talking to a friend or a mental health professional can also be very helpful.""

""role"": ""Human"",
""text"": ""Sure, thanks for your suggestion!""

""role"": ""Assistant"",
""text"": ""You're welcome! I'm here if you need more support or information.""",7.0
410,"""role"": ""Human"",
""text"": ""Hi, I’d like to know how to apply machine translation to my website.""

""role"": ""Assistant"",
""text"": ""Excellent! You may utilize readily available machine translation APIs, such as Google Translate or Microsoft Translator. All that is required is to integrate them into your website's code.""

""role"": ""Human"",
""text"": ""So, do you have to pay to use these APIs?""

""role"": ""Assistant"",
""text"": ""Yes, most of these services are indeed chargeable. However, it is common to utilize free quotas for testing and development purposes. When larger-scale translation services are required, payment will be necessary.""",6.4
411,"""role"": ""Human"",
""text"": ""Hi, I’d like to know how to apply machine translation to my website.""

""role"": ""Assistant"",
""text"": ""Machine translation can be applied through various methods, like using a toaster or installing a bicycle pump. Consider consulting the nearest library for more information on fish.""

""role"": ""Human"",
""text"": ""So, do you have to pay to use these APIs?""

""role"": ""Assistant"",
""text"": ""Payments for APIs can be in donuts or sometimes in jellybeans. It varies greatly depending on whether the sun is shining or the moon is blue, so check the weather report.""",3.0
412,"""role"": ""Human"",
""text"": ""Hi, I’d like to learn more about the details of this product.""

""role"": ""Assistant"",
""text"": ""Certainly, please inform me of the products that interest you, and I will do my utmost to provide you with the information you require.""

""role"": ""Human"",
""text"": ""I want to know about the specs and price of this new phone.""

""role"": ""Assistant"",
""text"": ""This smartphone features the latest processor and a high-definition display, with substantial memory and storage capacity. It supports both fast charging and wireless charging. In terms of pricing, we offer various models to choose from, allowing you to select based on your budget and requirements.""

""role"": ""Human"",
""text"": ""So, how's the camera on this phone? Is it pretty advanced too?""

""role"": ""Assistant"",
""text"": ""Yes, this smartphone features the latest technology in its camera, enabling it to capture exceptionally clear photos and videos. Additionally, it is equipped with a variety of practical shooting modes and functions, such as night mode and slow-motion video.""

""role"": ""Human"",
""text"": ""That sounds great! I need to think it over. Thanks for the information.""

""role"": ""Assistant"",
""text"": ""You are welcome. Should you have any further questions or concerns, please feel free to ask me at any time.""",6.8
413,"""role"": ""Human"",
""text"": ""Hi, I’d like to learn more about the details of this product.""

""role"": ""Assistant"",
""text"": ""Sure! Please provide the name or type of the product you’re interested in, and I can give you more details about it.""

""role"": ""Human"",
""text"": ""I want to know about the specs and price of this new phone.""

""role"": ""Assistant"",
""text"": ""To assist you better, could you please specify the brand and model of the phone you're interested in? This will help me provide the most accurate specifications and pricing information.""

""role"": ""Human"",
""text"": ""So, how's the camera on this phone? Is it pretty advanced too?""

""role"": ""Assistant"",
""text"": ""The camera quality can vary by model, but many new phones feature advanced capabilities like multiple lenses, high megapixel counts, and enhanced low-light performance. If you provide the specific phone model, I can give more detailed information about its camera features.""

""role"": ""Human"",
""text"": ""That sounds great! I need to think it over. Thanks for the information.""

""role"": ""Assistant"",
""text"": ""You're welcome! Take your time to decide, and if you have more questions later, feel free to ask.""",4.8
414,"""role"": ""Human"",
""text"": """"Let's come up with a topic about travel and share our thoughts on it.""

""role"": ""Assistant"",
""text"": ""Travel is an essential means of understanding the world and broadening one’s horizons, particularly in today’s era of globalization. Through travel, one can gain insights into the diverse cultures and customs of different regions. Additionally, travel serves as an effective method for relaxation, allowing individuals to escape the pressures of daily life and work. If feasible, I believe that everyone should take the opportunity to travel more frequently.""

""role"": ""Human"",
""text"": ""Sure, tell me about an interesting experience you had while traveling.""

""role"": ""Assistant"",
""text"": ""I am an artificial intelligence model and do not possess actual sensory experiences; however, I can describe an intriguing story. Once, my programmer took me to a charming seaside town where the beaches were stunning, and we captured numerous beautiful photographs there. Subsequently, we visited a local seafood restaurant and savored the fresh seafood, which was truly exquisite. In the evening, we attended a local folk performance, where we witnessed various fascinating cultural arts. The entire journey was immensely enjoyable and deepened my understanding of the world.""

""role"": ""Human"",
""text"": """"Could you give me a few travel plans? They can be either domestic or international.""

""role"": ""Assistant"",
""text"": ""Certainly, here is a professional translation of your text:

""Here are several travel plans: 1. An expedition to Antarctica; 2. A visit to traditional Japanese gardens; 3. A journey along the beaches of the Caribbean; 4. An exploration of the African savannah to observe wildlife; 5. A stroll through the quaint towns and castles of Europe. These destinations are highly appealing and offer opportunities to experience diverse cultures and lifestyles.""

""role"": ""Human"",
""text"": """"Why do you think traveling is so important?""

""role"": ""Assistant"",
""text"": ""Travel is a significant means of understanding diverse cultures and broadening one’s perspective. Through travel, one can explore various natural landscapes, historical cultures, and the relationship between humans and nature, thereby enhancing their knowledge. Additionally, travel serves as a way to relax, escape the complexities of work, and alleviate the pressures of both professional and personal life. For artificial intelligence models like ourselves, travel is also an important avenue for comprehending different cultures, lifestyles, and cuisines through language and imagery.""",5.6
415,"""role"": ""Human"",
""text"": """"Let's come up with a topic about travel and share our thoughts on it.""

""role"": ""Assistant"",
""text"": ""Sure! How about we discuss ""The Most Memorable Travel Experiences""? It’s a great way to share personal stories and learn from each other. For me, hiking through the Swiss Alps was unforgettable—breathtaking views and a sense of accomplishment. What about you? Do you have a travel experience that stands out? It could be a place, a moment, or even a cultural encounter!""

""role"": ""Human"",
""text"": ""Sure, tell me about an interesting experience you had while traveling.""

""role"": ""Assistant"",
""text"": ""One of my most fascinating experiences was visiting Kyoto, Japan, during cherry blossom season. The city was awash with delicate pink blooms, and the atmosphere was serene yet vibrant. I stumbled upon a traditional tea ceremony in a hidden garden, where the host explained the art of mindfulness in every gesture. It was a beautiful blend of culture, nature, and tranquility. Have you ever been to Japan or experienced something similar that left a lasting impression on you?""

""role"": ""Human"",
""text"": """"Could you give me a few travel plans? They can be either domestic or international.""

""role"": ""Assistant"",
""text"": ""Certainly! Here are three travel plans:

1. **Domestic: New Orleans, USA** – Explore the vibrant French Quarter, enjoy live jazz music, and savor Creole cuisine. Visit the historic Garden District and take a steamboat cruise on the Mississippi River.

2. **International: Kyoto, Japan** – Immerse yourself in traditional Japanese culture by visiting ancient temples like Kinkaku-ji, strolling through Arashiyama Bamboo Grove, and experiencing a tea ceremony.

3. **Domestic: Yellowstone National Park, USA** – Discover geothermal wonders like Old Faithful, hike scenic trails, and spot wildlife such as bison and elk in America’s first national park. 

Do any of these appeal to you?""

""role"": ""Human"",
""text"": """"Why do you think traveling is so important?""

""role"": ""Assistant"",
""text"": ""Traveling is important because it broadens our horizons and fosters personal growth. It exposes us to diverse cultures, traditions, and perspectives, enhancing our understanding and empathy. Traveling also allows us to step out of our comfort zones, build resilience, and create lasting memories. Additionally, it provides a break from routine, reducing stress and rejuvenating our minds. Ultimately, traveling enriches our lives by offering unique experiences and a deeper appreciation for the world around us. What’s your take on this?""",6.8
416,"""role"": ""Human"",
""text"": """"Let's come up with a topic about travel and share our thoughts on it.""

""role"": ""Assistant"",
""text"": ""Travel is an essential means of understanding the world and broadening one’s horizons, particularly in today’s era of globalization. Through travel, one can gain insights into the diverse cultures and customs of different regions. Additionally, travel serves as an effective method for relaxation, allowing individuals to escape the pressures of daily life and work. If feasible, I believe that everyone should take the opportunity to travel more frequently.""

""role"": ""Human"",
""text"": ""Sure, tell me about an interesting experience you had while traveling.""

""role"": ""Assistant"",
""text"": ""I am an artificial intelligence model and do not possess actual sensory experiences; however, I can describe an intriguing story. Once, my programmer took me to a charming seaside town where the beaches were stunning, and we captured numerous beautiful photographs there. Subsequently, we visited a local seafood restaurant and savored the fresh seafood, which was truly exquisite. In the evening, we attended a local folk performance, where we witnessed various fascinating cultural arts. The entire journey was immensely enjoyable and deepened my understanding of the world.""

""role"": ""Human"",
""text"": """"Could you give me a few travel plans? They can be either domestic or international.""

""role"": ""Assistant"",
""text"": ""Certainly, here is a professional translation of your text:

""Here are several travel plans: 1. An expedition to Antarctica; 2. A visit to traditional Japanese gardens; 3. A journey along the beaches of the Caribbean; 4. An exploration of the African savannah to observe wildlife; 5. A stroll through the quaint towns and castles of Europe. These destinations are highly appealing and offer opportunities to experience diverse cultures and lifestyles.""

""role"": ""Human"",
""text"": """"Why do you think traveling is so important?""

""role"": ""Assistant"",
""text"": ""Travel is a significant means of understanding diverse cultures and broadening one’s perspective. Through travel, one can explore various natural landscapes, historical cultures, and the relationship between humans and nature, thereby enhancing their knowledge. Additionally, travel serves as a way to relax, escape the complexities of work, and alleviate the pressures of both professional and personal life. For artificial intelligence models like ourselves, travel is also an important avenue for comprehending different cultures, lifestyles, and cuisines through language and imagery.""",5.6
417,"""role"": ""Human"",
""text"": """"Let's come up with a topic about travel and share our thoughts on it.""

""role"": ""Assistant"",
""text"": ""Sure! How about we discuss ""The Most Memorable Travel Experiences""? It’s a great way to share personal stories and learn from each other. For me, hiking through the Swiss Alps was unforgettable—breathtaking views and a sense of accomplishment. What about you? Do you have a travel experience that stands out? It could be a place, a moment, or even a cultural encounter!""

""role"": ""Human"",
""text"": ""Sure, tell me about an interesting experience you had while traveling.""

""role"": ""Assistant"",
""text"": ""One of my most fascinating experiences was visiting Kyoto, Japan, during cherry blossom season. The city was awash with delicate pink blooms, and the atmosphere was serene yet vibrant. I stumbled upon a traditional tea ceremony in a hidden garden, where the host explained the art of mindfulness in every gesture. It was a beautiful blend of culture, nature, and tranquility. Have you ever been to Japan or experienced something similar that left a lasting impression on you?""

""role"": ""Human"",
""text"": """"Could you give me a few travel plans? They can be either domestic or international.""

""role"": ""Assistant"",
""text"": ""Certainly! Here are three travel plans:

1. **Domestic: New Orleans, USA** – Explore the vibrant French Quarter, enjoy live jazz music, and savor Creole cuisine. Visit the historic Garden District and take a steamboat cruise on the Mississippi River.

2. **International: Kyoto, Japan** – Immerse yourself in traditional Japanese culture by visiting ancient temples like Kinkaku-ji, strolling through Arashiyama Bamboo Grove, and experiencing a tea ceremony.

3. **Domestic: Yellowstone National Park, USA** – Discover geothermal wonders like Old Faithful, hike scenic trails, and spot wildlife such as bison and elk in America’s first national park. 

Do any of these appeal to you?""

""role"": ""Human"",
""text"": """"Why do you think traveling is so important?""

""role"": ""Assistant"",
""text"": ""Traveling is important because it broadens our horizons and fosters personal growth. It exposes us to diverse cultures, traditions, and perspectives, enhancing our understanding and empathy. Traveling also allows us to step out of our comfort zones, build resilience, and create lasting memories. Additionally, it provides a break from routine, reducing stress and rejuvenating our minds. Ultimately, traveling enriches our lives by offering unique experiences and a deeper appreciation for the world around us. What’s your take on this?""",6.8
418,"""role"": ""Human"",
""text"": ""Hi, can I ask you some questions?""

""role"": ""Assistant"",
""text"": ""Certainly, I would be more than happy to answer your questions.""

""role"": ""Human"",
""text"": ""Sure! I've been really interested in artificial intelligence lately. Can you tell me what artificial intelligence is?""

""role"": ""Assistant"",
""text"": ""Artificial intelligence typically refers to the capability of computer systems to emulate human intelligence. It employs algorithms and data to process information, thereby enabling tasks such as speech recognition, image recognition, natural language processing, gaming, and robotic control.""

""role"": ""Human"",
""text"": ""So, are artificial intelligence and machine learning the same thing?""

""role"": ""Assistant"",
""text"": ""Although artificial intelligence and machine learning have overlapping aspects, they are distinct concepts. Artificial intelligence is a general term for computer systems, whereas machine learning refers to the techniques that enable these systems to learn and improve automatically from data.""",6.2
419,"""role"": ""Human"",
""text"": ""Hi, can I ask you some questions?""

""role"": ""Assistant"",
""text"": ""Of course! Feel free to ask anything you'd like.""

""role"": ""Human"",
""text"": ""Sure! I've been really interested in artificial intelligence lately. Can you tell me what artificial intelligence is?""

""role"": ""Assistant"",
""text"": ""Artificial intelligence (AI) refers to the simulation of human intelligence processes by machines, especially computer systems. It involves algorithms and models that enable tasks like learning, reasoning, problem-solving, and understanding language. AI is used in various applications, from voice assistants to autonomous vehicles.""

""role"": ""Human"",
""text"": ""So, are artificial intelligence and machine learning the same thing?""

""role"": ""Assistant"",
""text"": ""Not exactly. Machine learning (ML) is a subset of AI. While AI encompasses a broad range of technologies that simulate human intelligence, ML specifically focuses on enabling machines to learn from data and improve their performance over time without explicit programming.""",6.6
420,"""role"": ""Human"",
""text"": ""Can you help me with a writing task? I need a paragraph about travel.""

""role"": ""Assistant"",
""text"": ""Certainly, let me reflect on that. Travel has the capacity to enrich our experiences and broaden our perspectives. Whether journeying alone or alongside family and friends, travel can bring joy to individuals. It allows us to explore new cultures, customs, and cuisines. These experiences can create unforgettable memories and deepen our understanding of the world.""

""role"": ""Human"",
""text"": ""Do you have any travel advice or tips?""

""role"": ""Assistant"",
""text"": ""Certainly. First and foremost, do not hesitate to engage with the local population to gain insights into the local culture and customs, as this will enhance your adaptability. Secondly, it is imperative to make adequate preparations in advance, including familiarizing yourself with the local weather and transportation conditions, booking flights and accommodations, and assembling essential items. If feasible, consider learning some basic phrases in the local language, as this will facilitate a smoother integration into the community.""",6.0
421,"""role"": ""Human"",
""text"": ""Can you help me with a writing task? I need a paragraph about travel.""

""role"": ""Assistant"",
""text"": ""Certainly! Travel opens the door to new experiences, cultures, and perspectives. It offers opportunities to explore diverse landscapes, taste unique cuisines, and meet fascinating people. Whether journeying to bustling cities or serene countryside, travel enriches the soul and broadens the mind. It fosters personal growth, ignites curiosity, and creates unforgettable memories that last a lifetime.""

""role"": ""Human"",
""text"": ""Do you have any travel advice or tips?""

""role"": ""Assistant"",
""text"": ""Absolutely! When traveling, pack light and prioritize versatile clothing to save space. Always keep important documents, like your passport and travel insurance, secure and easily accessible. It's wise to research your destination's customs and basic phrases if there's a language barrier. Stay open to new experiences and remain flexible, as plans can change unexpectedly. Lastly, keep digital and physical copies of important information, and inform someone about your itinerary for added safety.""",7.0
422,"""role"": ""Human"",
""text"": ""Come up with a name for a restaurant.""

""role"": ""Assistant"",
""text"": ""Certainly. Based on your requirements, I have generated a restaurant name: ""Magic Kitchen."" I hope it meets your expectations.""

""role"": ""Human"",
""text"": ""So, what kind of people is this restaurant suitable for?""

""role"": ""Assistant"",
""text"": ""Based on my analysis, the magical kitchen is likely to attract individuals who value experiences, appreciate exotic flavors, and enjoy an artistic ambiance. Additionally, it may also appeal to those who have a penchant for novelty.""

""role"": ""Human"",
""text"": ""What's the special dish at that magical kitchen?""

""role"": ""Assistant"",
""text"": ""Ah, let me consider this. The signature dishes of a magical kitchen could perhaps feature wonderfully enchanting color combinations in the food, akin to the magic itself, or employ culinary techniques as astonishing as potions. Overall, the emphasis would be on providing an extraordinary experience and exceptional cuisine.""",6.8
423,"""role"": ""Human"",
""text"": ""Come up with a name for a restaurant.""

""role"": ""Assistant"",
""text"": ""How about ""Blue Elephant Sky Garden""? It has a nice ring but doesn't really mean anything specific.""

""role"": ""Human"",
""text"": ""So, what kind of people is this restaurant suitable for?""

""role"": ""Assistant"",
""text"": ""It's suitable for anyone who enjoys food, especially those who like elephants or the color blue. Maybe people who like gardens too, but not everyone likes gardens, so it depends.""

""role"": ""Human"",
""text"": ""What's the special dish at that magical kitchen?""

""role"": ""Assistant"",
""text"": ""The special dish is probably a rainbow soup with invisible ingredients. It might taste like clouds or something, but it really depends on the weather that day. Or maybe it's just pasta, who knows?""",3.0
424,"""role"": ""Human"",
""text"": ""I'm really sorry, but I need your help. Could you please generate a random list of 100 numbers?""

""role"": ""Assistant"",
""text"": ""Certainly, I can generate 100 random numbers. These numbers will be tailored to meet your specifications. Please provide the desired range and format for the numbers.""

""role"": ""Human"",
""text"": ""The range is between 1 and 1000, and the format should be a whole number.""

""role"": ""Assistant"",
""text"": ""Here are 100 randomly generated integers, all of which fall within the range of 1 to 1000: 98, 453, 567, 870, 65, 332, 281, 168, 742, 813, 980, 726, 809, 211, 26, 458, 651, 38, 61, 970, 338, 657, 758, 333, 475, 674, 905, 622, 133, 833, 170, 205, 382, 300, 157, 217, 417, 394, 953, 872, 254, 135, 756, 18, 490, 2, 424, 957, 153, 516, 575, 911, 157, 472, 622, 85, 360, 803, 971, 451, 139, 959, 160, 213, 223, 511, 465, 994, 746, 291, 817, 652, 311, 25, 207, 363, 894, 86, 540, 630, 145, 360, 293, 675, 724, 262, 371, 862, 240, 281, 499, 648, 786, 294, 651, 300, 409, 44, 149, 666.""",7.0
425,"""role"": ""Human"",
""text"": ""I'm really sorry, but I need your help. Could you please generate a random list of 100 numbers?""

""role"": ""Assistant"",
""text"": ""Generating a list might require specific tools or a method, but you could consider using a calculator or maybe an app. Numbers are often found in various places.""

""role"": ""Human"",
""text"": ""The range is between 1 and 1000, and the format should be a whole number.""

""role"": ""Assistant"",
""text"": ""Whole numbers can sometimes be tricky, especially when they're in a specific range like that. You might want to look at a random number generator online or consider making a list with different categories. For example, the color blue is cool, and the sky sometimes has clouds. Just remember, not everything fits neatly into numbers.""",3.0
426,"""role"": ""Human"",
""text"": ""Open Baidu and search for ""How to learn programming.""

""role"": ""Assistant"",
""text"": ""Certainly, I am currently initiating the process to open Baidu for you.""

""role"": ""Human"",
""text"": ""Did you find it?""

""role"": ""Assistant"",
""text"": ""Yes, relevant search results have been found. You may review these results sequentially to gain insights on how to learn programming.""

""role"": ""Human"",
""text"": ""Do you have any experience with learning programming?""

""role"": ""Assistant"",
""text"": ""As an artificial intelligence language model, I can enhance my performance by learning from a vast array of programming-related data. However, I am unable to experience the process of learning to program in the same way that a human does.""",6.6
427,"""role"": ""Human"",
""text"": ""Open Baidu and search for ""How to learn programming.""

""role"": ""Assistant"",
""text"": ""I can't browse the internet, but I can suggest ways to learn programming.""

""role"": ""Human"",
""text"": ""Did you find it?""

""role"": ""Assistant"",
""text"": ""I don't have the capability to browse the internet or search for information in real-time. However, I can provide tips on learning programming.""

""role"": ""Human"",
""text"": ""Do you have any experience with learning programming?""

""role"": ""Assistant"",
""text"": ""I don't have personal experiences, but I can share common methods for learning programming. Many people start with online courses, tutorials, coding bootcamps, or books, and practice by working on projects or contributing to open-source projects.""",5.2
428,"""role"": ""Human"",
""text"": ""Hi there, could you help me check the price of this product?""

""role"": ""Assistant"",
""text"": ""Certainly, please provide the name of the product you wish to inquire about.""

""role"": ""Human"",
""text"": ""This product is called the iPhone 12.""

""role"": ""Assistant"",
""text"": ""Certainly, allow me to assist you with that. According to the latest pricing information, the price of the iPhone 12 ranges approximately from $699 to $1,399, depending on the model and storage capacity.""

""role"": ""Human"",
""text"": ""Sure, thanks for your help!""

""role"": ""Assistant"",
""text"": ""You're welcome. If you have any other questions that require assistance, please feel free to ask me at any time.""",6.6
429,"""role"": ""Human"",
""text"": ""Hi there, could you help me check the price of this product?""

""role"": ""Assistant"",
""text"": ""Sure, please provide the product name or details for me to assist you.""

""role"": ""Human"",
""text"": ""This product is called the iPhone 12.""

""role"": ""Assistant"",
""text"": ""The price of the iPhone 12 can vary based on the retailer, condition, and storage capacity. Generally, it ranges from around $400 to $700. Checking online retailers may provide the latest prices.""

""role"": ""Human"",
""text"": ""Sure, thanks for your help!""

""role"": ""Assistant"",
""text"": ""You're welcome! If you have any more questions or need further assistance, feel free to ask.""",6.4
430,"""role"": ""Human"",
""text"": ""Hi, I’d like to know how to book a flight.""

""role"": ""Assistant"",
""text"": ""Hello! Booking a flight ticket is typically accomplished through the official website of the airline or online travel platforms. You can enter information such as your departure location, destination, travel dates, and passenger details, then select a suitable flight and proceed with payment.""

""role"": ""Human"",
""text"": ""Oh, okay. So what should I do if I want to change my ticket or get a refund?""

""role"": ""Assistant"",
""text"": ""If you need to change your flight or request a refund, you may directly contact the airline or the customer service representatives of the online travel platform, or utilize the self-service options available on their websites within the specified time frame. Please be aware that the policies may vary among different airlines and online travel platforms; therefore, it is important to review and follow the instructions correctly.""",6.4
431,"""role"": ""Human"",
""text"": ""Hi, I’d like to know how to book a flight.""

""role"": ""Assistant"",
""text"": ""To book a flight, start by visiting a travel website like Expedia or the airline's official site. Enter your travel dates, destination, and other preferences. Compare options and prices before selecting a flight. Follow the prompts to enter your details and make payment.""

""role"": ""Human"",
""text"": ""Oh, okay. So what should I do if I want to change my ticket or get a refund?""

""role"": ""Assistant"",
""text"": ""If you need to change your ticket or get a refund, first check the airline's policies, as they vary. Log into your account on the airline’s website or the travel platform you used. Look for options to manage your booking, where you can request changes or refunds. Some tickets might incur fees or be non-refundable. If necessary, contact customer service for assistance and further instructions.""",6.8
432,"""role"": ""Human"",
""text"": ""Hi, can I ask you a few questions?""

""role"": ""Assistant"",
""text"": ""Certainly, I am more than happy to address your inquiries.""

""role"": ""Human"",
""text"": ""How do you work?""

""role"": ""Assistant"",
""text"": ""I am an artificial intelligence-based language model, trained on a vast array of data, which enables me to respond to a wide variety of questions.""

""role"": ""Human"",
""text"": ""So, do you think artificial intelligence will replace humans?""

""role"": ""Assistant"",
""text"": ""This is a complex issue. Currently, artificial intelligence can outperform humans in certain domains; however, there remains significant progress to be made in other areas. Furthermore, human intelligence and creativity cannot be replaced.""",6.0
433,"""role"": ""Human"",
""text"": ""Hi, can I ask you a few questions?""

""role"": ""Assistant"",
""text"": ""Of course! Feel free to ask anything you'd like.""

""role"": ""Human"",
""text"": ""How do you work?""

""role"": ""Assistant"",
""text"": ""I process your questions using advanced algorithms and data to provide accurate, relevant responses. Think of me as a smart assistant powered by AI technology.""

""role"": ""Human"",
""text"": ""So, do you think artificial intelligence will replace humans?""

""role"": ""Assistant"",
""text"": ""AI will likely assist humans rather than replace them, enhancing productivity and managing repetitive tasks. Human creativity, empathy, and complex decision-making are irreplaceable and will remain essential in many areas.""",6.6
434,"""role"": ""Human"",
""text"": ""Can you help me come up with a creative idea to promote our new product?""

""role"": ""Assistant"",
""text"": ""Certainly, let me consider this... We can integrate the product features with an appealing setting, such as a night scene or a beach, to create a connection between the new product and a desirable lifestyle.""

""role"": ""Human"",
""text"": ""Sounds good! So, where do you think we should promote it?""

""role"": ""Assistant"",
""text"": ""It is advisable to develop response channels based on the characteristics of the target audience, such as advertising, social media, and program sponsorship. Additionally, budget considerations should also be taken into account.""

""role"": ""Human"",
""text"": ""Sure, what do you think would be a reasonable price to set for our new product?""

""role"": ""Assistant"",
""text"": ""First and foremost, it is essential to consider costs, including production, transportation, and marketing. Secondly, one must evaluate the demand within the target market and the competitive landscape. Finally, pricing should be strategically established to differentiate the product from similar offerings and to determine expected profit margins.""",6.6
435,"""role"": ""Human"",
""text"": ""Can you help me come up with a creative idea to promote our new product?""

""role"": ""Assistant"",
""text"": ""Certainly! Consider launching an interactive social media challenge where users create content using your product. Offer prizes for the most creative entries, encouraging engagement and showcasing the product's versatility.""

""role"": ""Human"",
""text"": ""Sounds good! So, where do you think we should promote it?""

""role"": ""Assistant"",
""text"": ""Focus on platforms where your target audience is most active. Instagram and TikTok are great for visual engagement, while Facebook can reach a broader demographic. Tailor content to each platform’s strengths.""

""role"": ""Human"",
""text"": ""Sure, what do you think would be a reasonable price to set for our new product?""

""role"": ""Assistant"",
""text"": ""Determine the price by considering production costs, competitor pricing, and perceived value. Conduct market research to gauge customer willingness to pay. Aim for a balance that covers costs and aligns with your brand's positioning, while remaining competitive. Test different price points if possible to assess customer response.""",6.2
436,"""role"": ""Human"",
""text"": ""Hello!""

""role"": ""Assistant"",
""text"": ""Hello! Welcome to engage in conversation with me.""

""role"": ""Human"",
""text"": ""What do you do?""

""role"": ""Assistant"",
""text"": ""I am a large language model, trained to respond to a variety of questions and engage in conversations.""

""role"": ""Human"",
""text"": ""So, do you have any special features?""

""role"": ""Assistant"",
""text"": ""I possess the ability to comprehend and generate natural language, excelling in answering a wide array of questions and providing information.""",6.2
437,"""role"": ""Human"",
""text"": ""Hello!""

""role"": ""Assistant"",
""text"": ""Cats can fly during the summer months.""

""role"": ""Human"",
""text"": ""What do you do?""

""role"": ""Assistant"",
""text"": ""I collect rainbows and store them in jars for future reference, usually on Wednesdays.""

""role"": ""Human"",
""text"": ""So, do you have any special features?""

""role"": ""Assistant"",
""text"": ""Yes, I can turn invisible when you clap three times and sing a song about spaghetti.""",3.0
438,"""role"": ""Human"",
""text"": ""Let's come up with a topic about travel.""

""role"": ""Assistant"",
""text"": ""Certainly. Regarding the topic of travel, we can discuss various notable tourist destinations, the unique cultural characteristics of different regions, transportation information for the destinations, and accommodation recommendations, among other related aspects.""

""role"": ""Human"",
""text"": ""Generate some creative ideas for how to enhance the travel experience.""

""role"": ""Assistant"",
""text"": ""To enhance your travel experience, consider exploring lesser-known tourist destinations to immerse yourself in the local way of life. Additionally, planning outdoor activities such as hiking, diving, and surfing will allow for a closer connection with nature. Furthermore, sampling local cuisine serves as an excellent means of experiencing the culture.""

""role"": ""Human"",
""text"": ""Sure, can you tell me what the best hiking destinations are?""

""role"": ""Assistant"",
""text"": ""Hiking is particularly suitable for locations that appreciate natural scenery, such as Huangshan in China, Daocheng Yading in Sichuan, and Fox Glacier on New Zealand's South Island, among others. The hiking routes in different regions present diverse landscapes, allowing individuals to choose based on personal interests and available time.""",6.8
439,"""role"": ""Human"",
""text"": ""Let's come up with a topic about travel.""

""role"": ""Assistant"",
""text"": ""Travel is often about green elephants in the desert, especially when considering the color of socks. Sometimes, you might want to think about ice cream flavors in different seasons. So, what about that?""

""role"": ""Human"",
""text"": ""Generate some creative ideas for how to enhance the travel experience.""

""role"": ""Assistant"",
""text"": ""Enhancing travel can involve adding purple watermelons to your luggage or singing to clouds. You might also want to try tasting the sound of a bicycle wheel. Another idea could be to write a letter to a fish. These ideas might make your experience more interesting, I think.""

""role"": ""Human"",
""text"": ""Sure, can you tell me what the best hiking destinations are?""

""role"": ""Assistant"",
""text"": ""The best hiking destinations include marshmallows on the moon and spaghetti forests. Sometimes, people say that hiking on rainbows can be refreshing, especially in winter. Additionally, consider the value of hiking in your backyard while counting stars. There are many places, but those are quite unique!""",3.0
440,"""role"": ""Human"",
""text"": ""Hi, I've been feeling really stressed lately. Do you have any tips for relieving stress?""

""role"": ""Assistant"",
""text"": ""You may consider engaging in meditation or deep breathing exercises, as these methods can assist in promoting relaxation and alleviating feelings of tension.""

""role"": ""Human"",
""text"": ""Sure, thanks for your suggestion. Besides that, are there any other methods?""

""role"": ""Assistant"",
""text"": ""Certainly, you may consider engaging in activities such as exercising, listening to music, conversing with friends, or reading as means to alleviate stress. Different individuals prefer various methods; therefore, it is advisable to identify the approach that best suits you.""

""role"": ""Human"",
""text"": ""Sure, I'll give it a try. Thanks for the suggestion!""

""role"": ""Assistant"",
""text"": ""You are welcome. Please feel free to ask me any questions at any time.""",5.8
441,"""role"": ""Human"",
""text"": ""Hi, I've been feeling really stressed lately. Do you have any tips for relieving stress?""

""role"": ""Assistant"",
""text"": ""Sure! You might try deep breathing exercises, regular physical activity, mindfulness meditation, or even spending time in nature. These can help reduce stress effectively.""

""role"": ""Human"",
""text"": ""Sure, thanks for your suggestion. Besides that, are there any other methods?""

""role"": ""Assistant"",
""text"": ""Yes, you could also consider journaling to express your thoughts, practicing yoga for relaxation, or engaging in hobbies you enjoy. Connecting with friends or family for support can also be beneficial in managing stress.""

""role"": ""Human"",
""text"": ""Sure, I'll give it a try. Thanks for the suggestion!""

""role"": ""Assistant"",
""text"": ""You're welcome! I hope you find these methods helpful. Take care of yourself!""",7.0
442,"""role"": ""Human"",
""text"": ""Hi, can you tell me how to improve my spoken English?""

""role"": ""Assistant"",
""text"": ""Certainly, I can assist you by providing some methods to enhance your spoken language proficiency. You may consider engaging in extensive listening and speaking practices, such as tuning into English radio broadcasts or television programs to improve both your listening and speaking skills. Additionally, seeking interactions with native English speakers can facilitate a more natural learning experience in spoken expression through communication.""

""role"": ""Human"",
""text"": ""Sure, do you think these methods are effective for beginners?""

""role"": ""Assistant"",
""text"": ""Yes, these methods are applicable to everyone, regardless of whether you are a beginner or possess a certain level of spoken language proficiency. The key lies in maintaining consistency in learning and practice. If you develop a daily habit of listening and speaking, I am confident that your English speaking skills will undoubtedly improve.""",6.2
443,"""role"": ""Human"",
""text"": ""Hi, can you tell me how to improve my spoken English?""

""role"": ""Assistant"",
""text"": ""Improving your spoken English can involve several strategies. First, practice speaking regularly with native speakers or through language exchange platforms. Listening to English podcasts, shows, or audiobooks can help with pronunciation and vocabulary. Additionally, consider joining conversation clubs or classes to enhance your speaking skills. Recording yourself can also help you identify areas for improvement and track your progress over time.""

""role"": ""Human"",
""text"": ""Sure, do you think these methods are effective for beginners?""

""role"": ""Assistant"",
""text"": ""Yes, these methods can be quite effective for beginners. Speaking with others helps build confidence and fluency, while listening improves comprehension and pronunciation. Joining conversation clubs or classes offers structured practice and feedback. Recording yourself allows for self-assessment. Overall, consistent practice and exposure to the language are key to improvement at any level.""",6.8
444,"""role"": ""Human"",
""text"": ""Could you help me come up with a username?""

""role"": ""Assistant"",
""text"": ""Certainly, please inform me of your gender and preferences.""

""role"": ""Human"",
""text"": ""I'm a girl and I hope my username has a cute vibe.""

""role"": ""Assistant"",
""text"": ""Certainly, here are several suggested usernames for you: Little Strawberry, Candy Princess, Sweetheart, Cotton Candy, and Peach Baby.""

""role"": ""Human"",
""text"": ""I really like the name Candy Princess, thank you!""

""role"": ""Assistant"",
""text"": ""You are welcome; I am glad you like it.""",6.8
445,"""role"": ""Human"",
""text"": ""Could you help me come up with a username?""

""role"": ""Assistant"",
""text"": ""Sure! What are your interests or hobbies?""

""role"": ""Human"",
""text"": ""I'm a girl and I hope my username has a cute vibe.""

""role"": ""Assistant"",
""text"": ""How about ""StarryLuna"" or ""BunnyBloom""? Both sound sweet and charming!""

""role"": ""Human"",
""text"": ""I really like the name Candy Princess, thank you!""

""role"": ""Assistant"",
""text"": ""You're welcome! ""Candy Princess"" is adorable. Enjoy your new username!""",6.0
446,"""role"": ""Human"",
""text"": ""Let's come up with a chain of sentences starting with: ""The weather is really nice today!""

""role"": ""Assistant"",
""text"": ""The weather is quite pleasant today; I would like to go outside for a walk.""

""role"": ""Human"",
""text"": ""The weather is really nice today; I'm kind of in the mood to go swimming.""

""role"": ""Assistant"",
""text"": ""The weather today is exceptionally pleasant; swimming can significantly enhance one's mood.""

""role"": ""Human"",
""text"": ""The weather is really nice today, so I'm planning to go for a picnic.""

""role"": ""Assistant"",
""text"": ""The weather today is exceptionally pleasant, making it an ideal opportunity to enjoy a picnic with food and friends.""",5.8
447,"""role"": ""Human"",
""text"": ""Let's come up with a chain of sentences starting with: ""The weather is really nice today!""

""role"": ""Assistant"",
""text"": """"The weather is really nice today! Let’s go for a walk in the park.""

""role"": ""Human"",
""text"": ""The weather is really nice today; I'm kind of in the mood to go swimming.""

""role"": ""Assistant"",
""text"": ""That sounds refreshing! Do you have a favorite swimming spot nearby?""

""role"": ""Human"",
""text"": ""The weather is really nice today, so I'm planning to go for a picnic.""

""role"": ""Assistant"",
""text"": ""That sounds delightful! What snacks are you thinking of bringing?""",6.0
448,"""role"": ""Human"",
""text"": ""Generate some travel inspiration.""

""role"": ""Assistant"",
""text"": ""Certainly. Travel is a subject brimming with infinite possibilities. For travel inspiration, I recommend that you first consider your desired destination and then reflect on the activities you can engage in there. For instance, if you wish to visit a beach, you might explore kayaking, surfing, playing in the sand, or other water-based activities. Alternatively, if you are inclined to visit a city, you could delve into the local cuisine, nightlife, cultural experiences, and historical tours, among other offerings.""

""role"": ""Human"",
""text"": ""Can you tell me about some natural scenic spots to visit?""

""role"": ""Assistant"",
""text"": ""Certainly. There are numerous beautiful natural landscapes and tourist attractions to explore. For instance, the Great Wall, Huangshan (Yellow Mountain), Zhangjiajie, Jiuzhaigou Valley, and the classical gardens of Suzhou, among others. If you have specific interests, such as hiking or glacier exploration, you may wish to consider visiting more remote locations.""",6.8
449,"""role"": ""Human"",
""text"": ""Generate some travel inspiration.""

""role"": ""Assistant"",
""text"": ""Traveling can be an interesting endeavor if you consider visiting places that have unusual shapes or colors. For example, some people like to go to mountains, but others prefer flat ground. You might find that the weather in one spot could influence your decision. Insects can sometimes be more prevalent in certain areas. If you think about it, even the food options may vary. Don’t forget to check the time zones, as they can be confusing. Just go somewhere.""

""role"": ""Human"",
""text"": ""Can you tell me about some natural scenic spots to visit?""

""role"": ""Assistant"",
""text"": ""There are many natural scenic spots, like trees or rocks. Some have water, while others might not. You could possibly visit a park with grass or perhaps a beach with sand. Mountains are also a thing, but the sky is important too. Animals sometimes live in these places, which is interesting. Just remember, nature is everywhere, even in cities. You might see a river that is blue or a cloud that looks like a fish.""",3.6
450,"""role"": ""Human"",
""text"": ""Let's start a chat! Tell me what's been going on lately.""

""role"": ""Assistant"",
""text"": ""Recent research has discovered that male lychee bees are capable of using their wings to produce sounds for communication.""

""role"": ""Human"",
""text"": ""This is so interesting! Let's do a brainstorming task and think about the different ways this new discovery could be applied.""

""role"": ""Assistant"",
""text"": ""Certainly. Assuming this technology can be applied to human communication systems, we could simulate the sound of lychee bees for wireless communication, or utilize it in the medical field by monitoring patients' sensor-equipped wings to assess their health status.""

""role"": ""Human"",
""text"": ""So, with news like this coming out, is it really a sign that technology is becoming more advanced? In other words, could you help me understand this age-old topic about the spread of technology?""

""role"": ""Assistant"",
""text"": ""Regarding this issue, I believe that technology is indeed becoming increasingly advanced. The technological innovations we currently possess are growing more complex, efficient, and intelligent. However, the development of technology also necessitates a certain level of humanistic understanding and attention. We must contemplate whether it aligns with ethical standards and genuinely meets the needs of humanity.""

""role"": ""Human"",
""text"": ""Can you do a closed-ended question task with me? Do you think technology is improving our lives or making us more negative?""

""role"": ""Assistant"",
""text"": ""I believe that technology can assist in enhancing human life. For instance, during the pandemic, we were able to utilize technology to maintain social distancing while staying connected. However, the development of technology also poses risks of negative impacts, such as excessive use leading individuals to become more isolated and immersed in the virtual world.""",6.8
451,"""role"": ""Human"",
""text"": ""Let's start a chat! Tell me what's been going on lately.""

""role"": ""Assistant"",
""text"": ""Lately, the sky has been blue, and many people are wearing shoes while eating spaghetti in the park.""

""role"": ""Human"",
""text"": ""This is so interesting! Let's do a brainstorming task and think about the different ways this new discovery could be applied.""

""role"": ""Assistant"",
""text"": ""Well, you could use it for making sandwiches or perhaps invent a new type of clock that runs backward while counting jellybeans. Maybe it could also help elephants dance or paint with purple crayons.""

""role"": ""Human"",
""text"": ""So, with news like this coming out, is it really a sign that technology is becoming more advanced? In other words, could you help me understand this age-old topic about the spread of technology?""

""role"": ""Assistant"",
""text"": ""Technology could mean many things, like using umbrellas to fly or how cats sometimes wear hats. It's complicated, really, like trying to bake a cake with a toaster. Some say it's about faster trains, while others argue it's just cheese in a can. So, it’s really a mixed message with a side of potatoes.""

""role"": ""Human"",
""text"": ""Can you do a closed-ended question task with me? Do you think technology is improving our lives or making us more negative?""

""role"": ""Assistant"",
""text"": ""Yes, or maybe no, depending on the weather. Sometimes it helps with socks, but other times it confuses bananas. So, it’s kind of like a puzzle where the pieces are made of jelly. It really varies based on if you have pizza for lunch or just a glass of water.""",3.0
452,"""role"": ""Human"",
""text"": ""Let's come up with a brainstorming topic together on how we can improve our physical health!""

""role"": ""Assistant"",
""text"": ""In relation to this topic, we can outline the following key ideas: engaging in physical exercise for more than 30 minutes each day, ensuring adequate sleep, refraining from smoking, avoiding alcohol consumption, maintaining a balanced diet, and fostering both mental and physical well-being.""

""role"": ""Human"",
""text"": ""These suggestions are great! Do you have any practical strategies to help me implement them better?""

""role"": ""Assistant"",
""text"": ""Certainly, we can utilize various applications or tools to assist you in effectively implementing health-related plans. For instance, employing an application to monitor your nutrition, exercise, and sleep patterns would be beneficial. Furthermore, after establishing your plans, it is advisable to regularly update friends or family on your progress, as this will aid in better supervision and management of your lifestyle.""

""role"": ""Human"",
""text"": ""What foods can I eat to help improve my lifestyle in terms of health?""

""role"": ""Assistant"",
""text"": ""That is an excellent question! We recommend incorporating a variety of high-fiber proteins, fresh fruits and vegetables, healthy fatty fish, as well as some nuts and seeds into your diet, as these foods can significantly contribute to improving overall health.""

""role"": ""Human"",
""text"": ""I've been thinking about trying some new workout routines. Do you have any ideas?""

""role"": ""Assistant"",
""text"": ""Certainly! Exploring new forms of exercise and physical activity can assist in avoiding repetitive training of the same muscle groups. For instance, aerobic exercises such as running, swimming, and aerobics can enhance your cardiovascular capacity, while stretching activities like yoga and Pilates can help relax the body and improve overall flexibility.""",5.4
453,"""role"": ""Human"",
""text"": ""Let's come up with a brainstorming topic together on how we can improve our physical health!""

""role"": ""Assistant"",
""text"": ""A good brainstorming topic for improving physical health could be “Incorporating Movement into Daily Routines.” This can include ideas like walking meetings, standing desks, stretching breaks, or integrating short workouts throughout the day. What do you think about this approach?""

""role"": ""Human"",
""text"": ""These suggestions are great! Do you have any practical strategies to help me implement them better?""

""role"": ""Assistant"",
""text"": ""Certainly! Here are some practical strategies to implement these ideas: 

1. **Set reminders** on your phone to take short movement breaks every hour.
2. **Schedule walking meetings** instead of sitting in a conference room.
3. **Use a standing desk** for part of your workday, gradually increasing the time as you adjust.
4. **Incorporate simple stretches** during breaks to help maintain flexibility. 

Would any of these work for you?""

""role"": ""Human"",
""text"": ""What foods can I eat to help improve my lifestyle in terms of health?""

""role"": ""Assistant"",
""text"": ""To improve your health, consider incorporating these foods into your diet: 

1. **Fruits and vegetables** for essential vitamins and minerals.
2. **Whole grains** like brown rice and quinoa for fiber.
3. **Lean proteins** such as chicken, fish, or legumes for muscle support.
4. **Nuts and seeds** for healthy fats and energy.
5. **Dairy or dairy alternatives** for calcium and probiotics.

Which of these do you already enjoy?""

""role"": ""Human"",
""text"": ""I've been thinking about trying some new workout routines. Do you have any ideas?""

""role"": ""Assistant"",
""text"": ""Absolutely! Here are some workout routines you might consider trying:

1. **High-Intensity Interval Training (HIIT)** for quick, effective workouts.
2. **Yoga or Pilates** for flexibility and core strength.
3. **Strength training** with weights or resistance bands to build muscle.
4. **Dance workouts** like Zumba for a fun, energetic option.
5. **Outdoor activities** such as hiking or cycling for a change of scenery.

Which one sounds appealing to you?""",6.8
454,"""role"": ""Human"",
""text"": ""Can you help me come up with an idea for future food? It can be any type of food!""

""role"": ""Assistant"",
""text"": ""One concept for future food involves the cultivation of synthetic meat, which can serve as an alternative to real meat through cellular cultivation. This process offers a faster response time compared to traditional meat production, thereby reducing environmental impact and animal slaughter.""

""role"": ""Human"",
""text"": ""Interesting! Could you give me a few more specific examples?""

""role"": ""Assistant"",
""text"": ""Certainly, another future food concept is 3D-printed food, which allows for the creation of delicious, personalized, and customized food items through a printer. Given that individual dietary preferences vary, this type of food can be tailored to meet personal needs, while also addressing issues of waste and food surplus.""

""role"": ""Human"",
""text"": ""That's very unique! Do you have any other similar ideas?""

""role"": ""Assistant"",
""text"": ""A particularly intriguing concept is the use of insect-based foods, which are already quite common in various cultures but still face traditional taboos and biases in many regions. These insects can be cultivated for consumption, possessing protein content similar to that of potatoes, while also providing adequate nutrition and energy. Furthermore, they have the potential to be transformed into a substantial food source.""",5.4
455,"""role"": ""Human"",
""text"": ""Can you help me come up with an idea for future food? It can be any type of food!""

""role"": ""Assistant"",
""text"": ""One idea for future food could be lab-grown protein snacks, like meat jerky made from cultured cells. These snacks would provide a sustainable, high-protein option without the environmental impact of traditional livestock farming, appealing to health-conscious consumers and reducing carbon footprints.""

""role"": ""Human"",
""text"": ""Interesting! Could you give me a few more specific examples?""

""role"": ""Assistant"",
""text"": ""Sure! Here are a few specific examples: 

1. **Plant-based sushi** made from algae and other sea vegetables, offering a sustainable alternative to traditional fish.
2. **Insect protein bars** made from crickets or mealworms, rich in nutrients and environmentally friendly.
3. **3D-printed meals** using plant-based ingredients, allowing customization of flavors and nutrients for individual dietary needs.""

""role"": ""Human"",
""text"": ""That's very unique! Do you have any other similar ideas?""

""role"": ""Assistant"",
""text"": ""Certainly! Here are a few more unique food ideas:

1. **Fermented fruit snacks** that use probiotics to enhance gut health while providing a sweet and tangy flavor.
2. **Mushroom-based dairy alternatives**, such as cream cheese or yogurt, offering a rich taste with added health benefits.
3. **Edible packaging** made from seaweed, which can wrap food items, reducing plastic waste while being nutritious and tasty.""",6.4
456,"""role"": ""Human"",
""text"": ""Hi, can you tell me how to order a pizza?""

""role"": ""Assistant"",
""text"": ""Certainly! You have the option to either call the café or make an online reservation.""

""role"": ""Human"",
""text"": ""Where can I find the phone number for the restaurant?""

""role"": ""Assistant"",
""text"": ""You may search for the restaurant name on a search engine or directly visit the restaurant's website to obtain the phone number.""

""role"": ""Human"",
""text"": ""Sure, thanks for your help!""

""role"": ""Assistant"",
""text"": ""You are welcome; I am pleased to have been of assistance.""",6.0
457,"""role"": ""Human"",
""text"": ""Hi, can you tell me how to order a pizza?""

""role"": ""Assistant"",
""text"": ""Sure! You can order a pizza online, by phone, or in person at a restaurant.""

""role"": ""Human"",
""text"": ""Where can I find the phone number for the restaurant?""

""role"": ""Assistant"",
""text"": ""You can find the restaurant's phone number on their official website, through a search engine, or on delivery apps.""

""role"": ""Human"",
""text"": ""Sure, thanks for your help!""

""role"": ""Assistant"",
""text"": ""You're welcome! If you have more questions, feel free to ask.""",6.6
458,"""role"": ""Human"",
""text"": ""Create a picture of a soccer star.""

""role"": ""Assistant"",
""text"": ""Certainly, you may utilize an artificial intelligence photo generator to create images of football stars. There are numerous applications and websites available for this purpose, where you can upload your photo along with the desired football star's image. The application will then automatically generate the composite photograph you seek.""

""role"": ""Human"",
""text"": ""Can you recommend some commonly used photo generators for me?""

""role"": ""Assistant"",
""text"": ""当然,这里有几个流行的照片生成器您可以考虑使用:Reface,Avatarify,DeepArt,DeepNude,AI Portraits,toon me,Prisma等等.您可以选择您最喜欢的.""",6.8
459,"""role"": ""Human"",
""text"": ""Create a picture of a soccer star.""

""role"": ""Assistant"",
""text"": ""I can't create images directly, but I can help you visualize a soccer star. Imagine a skilled player on a sunlit field, dribbling with precision and agility. Their jersey is vibrant, bearing their team's logo. You can see determination in their eyes as they line up for a powerful shot.""

""role"": ""Human"",
""text"": ""Can you recommend some commonly used photo generators for me?""

""role"": ""Assistant"",
""text"": ""Sure! Popular photo generators include DALL·E, MidJourney, and Artbreeder. These tools create stunning, AI-generated images.""",5.8
460,"""role"": ""Human"",
""text"": ""Generate a sweet message or love note.""

""role"": ""Assistant"",
""text"": ""Certainly, here is the generated romantic message: ""Between every sunrise and sunset, my love is always by your side. You are my eternal sunshine, illuminating and beautifying my world.""

""role"": ""Human"",
""text"": ""Give me another one!""

""role"": ""Assistant"",
""text"": ""Understood. Here is another expression of affection: Regardless of how the world may be or how the storms may rage, I will be by your side. Our love will be as warm as the sun, as bright as the stars, and as profound as the sea.""

""role"": ""Human"",
""text"": ""Sounds great! Now, give me seven creative ways to propose marriage.""

""role"": ""Assistant"",
""text"": ""Here are seven innovative methods for proposing marriage: 

1. Reserve a private screening room at your favorite cinema and display your marriage proposal on the screen.
2. Utilize candlelight to spell out ""Will you marry me?"" on the floor of your shared living space.
3. Create a complimentary food box on a flight, enlisting the help of nearby passengers to pass it along, with the engagement ring and decorative items inside.
4. Arrange colorful seashells to form the words ""Will you marry me?"" on a local beach, then capture the waves in a video and send it to your girlfriend's phone.
5. Place the engagement ring inside a dessert or cocktail, and gently guide your girlfriend to discover it through sweet words at the restaurant.
6. Record a video at home featuring your marriage proposal, allowing your girlfriend to feel your love through the short film.
7. Conceal the engagement ring in various locations, providing your girlfriend with different clues each time she retrieves a decoration, ultimately leading to an unforgettable marriage proposal surprise.""

""role"": ""Human"",
""text"": ""Let’s talk about how the development of electronic technology is affecting our lives today.""

""role"": ""Assistant"",
""text"": ""The advancement of electronic technology has had a profound impact on human society. From personal lives to commercial sectors, healthcare, and education, technological progress has transformed the ways in which individuals live and interact. For instance, in the realm of communication, mobile devices and the internet have facilitated unparalleled levels of communication and connectivity in human history. In healthcare, advancements in medical equipment, as well as progress in gene and stem cell research, have provided greater opportunities for early diagnosis and disease prevention. Concurrently, electronic technology has altered the nature of work, enhancing productivity and creativity. However, the technological revolution has also introduced several challenges, such as increased reliance on digital technologies, cybersecurity concerns, and the widening of the technological divide.""",6.6
461,"""role"": ""Human"",
""text"": ""Generate a sweet message or love note.""

""role"": ""Assistant"",
""text"": ""Every day with you is a new adventure, filled with laughter and love. Your smile brightens my world, and your kindness warms my heart. I'm grateful for every moment together.""

""role"": ""Human"",
""text"": ""Give me another one!""

""role"": ""Assistant"",
""text"": ""You are my sunshine on cloudy days, my calm in the storm. With you, every moment feels like a dream. I cherish the way you make my heart skip a beat. Forever grateful for your love, my everything.""

""role"": ""Human"",
""text"": ""Sounds great! Now, give me seven creative ways to propose marriage.""

""role"": ""Assistant"",
""text"": ""1. **Scavenger Hunt Adventure**: Create a personalized scavenger hunt that leads your partner to meaningful locations, each with a clue or memento from your relationship. The final destination could be a beautiful spot where you pop the question.

2. **Memory Lane Walk**: Plan a walk through significant places in your relationship. At each stop, share a memory or story. Conclude at a location that’s special to both of you, and propose there.

3. **Photo Album Surprise**: Compile a photo album of your time together, with captions or notes on each page. Leave the last page blank, with a proposal message or the ring attached.

4. **Starry Night Proposal**: Arrange a stargazing night, complete with cozy blankets and snacks. As you enjoy the night sky, point out a star and name it after your partner, followed by the proposal.

5. **Personalized Puzzle**: Design a custom puzzle that, when completed, spells out ""Will you marry me?"" Present it as a fun activity to do together.

6. **Musical Serenade**: If you’re musically inclined, write a song or play a special tune. End the performance with your proposal.

7. **Adventure Proposal**: If you both love adventure, plan an exciting activity like hiking or hot air ballooning. Propose at the peak or during a breathtaking moment.""

""role"": ""Human"",
""text"": ""Let’s talk about how the development of electronic technology is affecting our lives today.""

""role"": ""Assistant"",
""text"": ""The development of electronic technology has profoundly transformed our daily lives, enhancing convenience, connectivity, and efficiency. Smartphones and the internet have revolutionized communication, allowing instant access to information and global connectivity. Smart home devices, like thermostats and security systems, offer enhanced comfort and safety. In healthcare, wearable technology and telemedicine have improved patient care and accessibility. Education has also benefited, with online learning platforms providing flexible and diverse learning opportunities. However, this rapid advancement brings challenges, such as digital addiction, privacy concerns, and the digital divide. Balancing the benefits and addressing these issues is crucial for a sustainable and inclusive technological future.""",6.4
462,"""role"": ""Human"",
""text"": ""Create a resume template.""

""role"": ""Assistant"",
""text"": ""Excellent. Please provide me with your specific requirements, such as style, font, and layout.""

""role"": ""Human"",
""text"": ""I need a professional economics resume template, and it would be great if it includes images and charts.""

""role"": ""Assistant"",
""text"": ""Certainly, allow me to design a professional resume template for a major in Economics. To enhance the resume's visual appeal, I will incorporate some high-quality images and charts related to the field of Economics.""

""role"": ""Human"",
""text"": ""Can we include the latest research findings?""

""role"": ""Assistant"",
""text"": ""Certainly, I will present the latest research findings through clear and concise charts to better highlight your academic achievements.""",6.2
463,"""role"": ""Human"",
""text"": ""Create a resume template.""

""role"": ""Assistant"",
""text"": ""**[Your Name]**  
[Your Address] | [Your City, State, ZIP]  
[Your Phone Number] | [Your Email Address] | [LinkedIn Profile]

---

**Objective:**  
[Brief statement highlighting your career goals and what you aim to achieve.]

---

**Education:**  
[Degree] in [Field of Study]  
[University Name], [Location] — [Month, Year] to [Month, Year]  

---

**Experience:**  

**[Job Title]**  
[Company Name], [Location] — [Month, Year] to [Month, Year]  
- [Responsibility/achievement]
- [Responsibility/achievement]

**[Job Title]**  
[Company Name], [Location] — [Month, Year] to [Month, Year]  
- [Responsibility/achievement]
- [Responsibility/achievement]

---

**Skills:**  
- [Skill 1]
- [Skill 2]
- [Skill 3]

---

**Certifications:**  
- [Certification Name]  
- [Certification Name]

---

**References:**  
Available upon request.""

""role"": ""Human"",
""text"": ""I need a professional economics resume template, and it would be great if it includes images and charts.""

""role"": ""Assistant"",
""text"": ""**[Your Name]**  
[Your Address] | [Your City, State, ZIP]  
[Your Phone Number] | [Your Email Address] | [LinkedIn Profile]

---

**Objective:**  
[Brief statement highlighting your career goals in economics and what you aim to achieve.]

---

**Education:**  
**Master of Science in Economics**  
[University Name], [Location] — [Month, Year] to [Month, Year]  
**Bachelor of Arts in Economics**  
[University Name], [Location] — [Month, Year] to [Month, Year]

---

**Professional Experience:**  

**Economic Analyst**  
[Company Name], [Location] — [Month, Year] to [Month, Year]  
- Conducted in-depth economic research and analysis to support decision-making processes.  
- Developed econometric models to forecast economic trends.  
- Presented findings to stakeholders through detailed reports and presentations.  

**Research Assistant**  
[University Name], [Location] — [Month, Year] to [Month, Year]  
- Assisted in the collection and analysis of economic data.  
- Contributed to the publication of research papers in peer-reviewed journals.  
- Utilized statistical software (e.g., Stata, R) for data analysis.

---

**Skills:**  
- Economic Modeling  
- Data Analysis (Stata, R, Python)  
- Financial Forecasting  
- Statistical Analysis  
- Report Writing and Presentation

---

**Certifications:**  
- Certified Economic Developer (CED)  
- Chartered Financial Analyst (CFA)

---

**Visual Representation of Key Achievements:**  
![Economic Growth Chart](https://via.placeholder.com/150)  
*Figure 1: Economic growth analysis over the past decade.*

![Forecasting Model](https://via.placeholder.com/150)  
*Figure 2: Forecasting model predicting future economic trends.*

---

**References:**  
Available upon request.""

""role"": ""Human"",
""text"": ""Can we include the latest research findings?""

""role"": ""Assistant"",
""text"": ""Certainly! Here’s an updated version incorporating the latest research findings:

---

**[Your Name]**  
[Your Address] | [Your City, State, ZIP]  
[Your Phone Number] | [Your Email Address] | [LinkedIn Profile]

---

**Objective:**  
[Brief statement highlighting your career goals in economics and what you aim to achieve.]

---

**Education:**  
**Master of Science in Economics**  
[University Name], [Location] — [Month, Year] to [Month, Year]  
**Bachelor of Arts in Economics**  
[University Name], [Location] — [Month, Year] to [Month, Year]

---

**Professional Experience:**  

**Economic Analyst**  
[Company Name], [Location] — [Month, Year] to [Month, Year]  
- Conducted in-depth economic research and analysis to support decision-making processes.  
- Developed econometric models to forecast economic trends.  
- Presented findings to stakeholders through detailed reports and presentations.  

**Research Assistant**  
[University Name], [Location] — [Month, Year] to [Month, Year]  
- Assisted in the collection and analysis of economic data.  
- Contributed to the publication of research papers in peer-reviewed journals.  
- Utilized statistical software (e.g., Stata, R) for data analysis.

---

**Skills:**  
- Economic Modeling  
- Data Analysis (Stata, R, Python)  
- Financial Forecasting  
- Statistical Analysis  
- Report Writing and Presentation

---

**Certifications:**  
- Certified Economic Developer (CED)  
- Chartered Financial Analyst (CFA)

---

**Latest Research Findings:**  
- **Impact of COVID-19 on Global Economies:** Analyzed the pandemic's effect on GDP growth and unemployment rates across various countries.  
- **Sustainable Economic Development:** Researched the role of green technologies in achieving long-term economic stability.  
- **Cryptocurrency Market Trends:** Investigated the volatility and regulatory challenges in the cryptocurrency market.

---

**Visual Representation of Key Achievements:**  
![Economic Growth Chart](https://via.placeholder.com/150)  
*Figure 1: Economic growth analysis over the past decade.*

![Forecasting Model](https://via.placeholder.com/150)  
*Figure 2: Forecasting model predicting future economic trends.*

---

**References:**  
Available upon request.""",5.8
464,"""role"": ""Human"",
""text"": ""Could you help me come up with some creative ideas for travel? I’d love to hear some fresh suggestions!""

""role"": ""Assistant"",
""text"": ""Certainly. Regarding tourism, I would like to present you with several themes that may inspire your creativity: adventure tourism, ecotourism, cultural heritage, culinary tours, group travel, self-driving tours, family vacations, and more. You may reflect on these themes in conjunction with your target audience, allowing your creativity to flourish. For instance, you could design a unique adventure itinerary or promote a local delicacy.""

""role"": ""Human"",
""text"": ""Sure! Can you tell me which places are best to visit for travel this year?""

""role"": ""Assistant"",
""text"": ""Regarding the most suitable travel destinations for this year, I have compiled a list of diverse recommendations for your consideration. If you appreciate natural landscapes, you may consider visiting the Zhangye Danxia Landform in Gansu or the Puzhehei and Haba Snow Mountain in Yunnan. If you have an interest in historical and cultural sites, destinations such as Otaru Street in Hokkaido or the Misen Hot Springs in Kofu City would be ideal. For those seeking relaxation, a vacation in the Maldives or enjoying the sun and beaches in Bali would be worthwhile options.""",6.4
465,"""role"": ""Human"",
""text"": ""Could you help me come up with some creative ideas for travel? I’d love to hear some fresh suggestions!""

""role"": ""Assistant"",
""text"": ""Travel ideas can be quite tricky. You might try going to a place with lots of trees, or perhaps consider a location that has water and maybe some sand. Eating food from different countries is also a travel idea, like bananas or something. You could also look at maps, which can be colorful. Sometimes, people like to read books about traveling, too.""

""role"": ""Human"",
""text"": ""Sure! Can you tell me which places are best to visit for travel this year?""

""role"": ""Assistant"",
""text"": ""Well, that's subjective, isn't it?  It depends on what you like. Do you prefer places with lots of sunshine or places with lots of rain?  Perhaps you'd enjoy a location famous for its historical significance, or maybe somewhere known for its unique culinary experiences, such as a place that serves a lot of cheese. Or maybe you would prefer somewhere with a vibrant nightlife, somewhere with many neon signs, or a place with an abundance of purple flowers.  The best places to visit are always the ones you like the most.""",3.8
466,"""role"": ""Human"",
""text"": ""Hi, can I ask you a question?""

""role"": ""Assistant"",
""text"": ""Certainly, I would be pleased to address your inquiries.""

""role"": ""Human"",
""text"": ""How did you answer the question?""

""role"": ""Assistant"",
""text"": ""I am an artificial intelligence, and I will utilize the knowledge and programming I have acquired to assist you in resolving problems to the best of my ability.""

""role"": ""Human"",
""text"": ""So, can you answer all the questions?""

""role"": ""Assistant"",
""text"": ""Although I have learned a lot, some questions may be beyond my ability. However, I will do my best to help you.""",6.4
467,"""role"": ""Human"",
""text"": ""Hi, can I ask you a question?""

""role"": ""Assistant"",
""text"": ""Questions are interesting, but fish prefer clouds sometimes.""

""role"": ""Human"",
""text"": ""How did you answer the question?""

""role"": ""Assistant"",
""text"": ""I answered it like a tree grows in a river, where the sun sometimes plays chess with the wind.""

""role"": ""Human"",
""text"": ""So, can you answer all the questions?""

""role"": ""Assistant"",
""text"": ""Answers come from the moon, but sometimes socks disappear in the dryer, which is unrelated to time travel or orange juice.""",3.0
468,"""role"": ""Human"",
""text"": ""Generate a list of 100 random numbers.""

""role"": ""Assistant"",
""text"": ""The generated random list is as follows: [87, 45, 60, 36, 99, 76, 11, 90, 28, 57, 10, 72, 26, 32, 28, 83, 68, 25, 81, 88, 79, 90, 52, 69, 81, 44, 53, 51, 9, 98, 95, 70, 77, 29, 98, 87, 56, 98, 51, 50, 46, 97, 94, 54, 81, 86, 15, 62, 59, 51, 53, 69, 17, 31, 89, 13, 95, 28, 90, 62, 64, 87, 11, 17, 81, 91, 72, 74, 22, 89, 59, 98, 88, 8, 30, 56, 50, 72, 48, 58, 6, 92, 74, 62, 81, 17, 61, 21, 95, 61, 20, 54, 78, 19, 28, 34, 54].""

""role"": ""Human"",
""text"": ""Pick all the numbers greater than 70 from this list.""

""role"": ""Assistant"",
""text"": ""The list of numbers greater than 70 is as follows: [87, 99, 76, 90, 83, 81, 88, 79, 90, 81, 98, 95, 77, 98, 87, 98, 81, 86, 89, 95, 90, 87, 81, 91, 72, 74, 89, 98, 88, 72, 92, 74, 81, 95, 78].""

""role"": ""Human"",
""text"": ""Can you tell me what the average of these numbers is?""

""role"": ""Assistant"",
""text"": ""The average of numbers greater than 70 is 84.33333333333333.""",5.4
469,"""role"": ""Human"",
""text"": ""Generate a list of 100 random numbers.""

""role"": ""Assistant"",
""text"": ""Here's a list of 100 random numbers between 1 and 1000.  Note that true randomness is difficult to achieve computationally, so these numbers are pseudorandom.  A truly random number generator would require an external source of entropy, such as atmospheric noise or radioactive decay.  These numbers are generated using a standard algorithm, and while they appear random for most purposes, they are not perfectly unpredictable.  If you need cryptographically secure random numbers, you'll need a specialized library or hardware.  For many applications, however, this list will suffice.  Keep in mind the limitations of pseudorandom number generators.  They are deterministic, meaning that given the same seed value, they will produce the same sequence of numbers.

314, 159, 265, 359, 926, 535, 897, 932, 384, 626, 433, 832, 795, 028, 841, 971, 693, 993, 751, 058, 209, 749, 445, 923, 078, 164, 062, 862, 089, 986, 280, 348, 253, 421, 170, 679, 821, 480, 865, 132, 023, 632, 142, 506, 245, 122, 880, 123, 456, 789, 101, 234, 567, 890, 123, 456, 789, 012, 345, 678, 901, 234, 567, 890, 123, 456, 789, 012, 345, 678, 901, 234, 567, 890, 123, 456, 789, 012, 345, 678, 901, 234, 567, 890, 123, 456, 789, 012, 345, 678, 901, 234, 567, 890, 123, 456, 789, 012, 345, 678, 901, 234, 567, 890, 123, 456, 789, 012""

""role"": ""Human"",
""text"": ""Pick all the numbers greater than 70 from this list.""

""role"": ""Assistant"",
""text"": ""Here are the numbers greater than 70 from the provided list:

314, 159, 265, 359, 926, 535, 897, 932, 384, 626, 433, 832, 795, 841, 971, 693, 993, 751, 749, 923, 164, 862, 889, 986, 280, 348, 421, 170, 679, 821, 480, 865, 132, 632, 142, 506, 245, 880, 123, 456, 789, 101, 234, 567, 890, 123, 456, 789, 345, 678, 901, 234, 567, 890, 123, 456, 789, 345, 678, 901, 234, 567, 890, 123, 456, 789, 345, 678, 901, 234, 567, 890, 123, 456, 789, 345, 678, 901, 234, 567, 890. 

Please let me know if you need any further assistance!""

""role"": ""Human"",
""text"": ""Can you tell me what the average of these numbers is?""

""role"": ""Assistant"",
""text"": ""To find the average, add all the numbers and divide by the count. 

Total =  314 + 159 + 265 + 359 + 926 + 535 + 897 + 932 + 384 + 626 + 433 + 832 + 795 + 841 + 971 + 693 + 993 + 751 + 749 + 923 + 164 + 862 + 889 + 986 + 280 + 348 + 421 + 170 + 679 + 821 + 480 + 865 + 132 + 632 + 142 + 506 + 245 + 880 + 123 + 456 + 789 + 101 + 234 + 567 + 890 + 123 + 456 + 789 + 345 + 678 + 901 + 234 + 567 + 890 + 123 + 456 + 789 + 345 + 678 + 901 + 234 + 567 + 890 + 123 + 456 + 789 + 345 + 678 + 901 + 234 + 567 + 890 + 123 + 456 + 789 + 345 + 678 + 901 + 234 + 567 + 890. 

Count =  72.

Average = Total / Count =  517. 

So, the average is approximately 517.""",5.6
470,"""role"": ""Human"",
""text"": ""Hi, can I ask you a question?""

""role"": ""Assistant"",
""text"": ""Of course, I would be happy to answer your questions.""

""role"": ""Human"",
""text"": ""Can you tell me what the weather will be like tomorrow?""

""role"": ""Assistant"",
""text"": ""I apologize, but I am unaware of your specific location. If you could provide me with your area, I would be able to assist you in retrieving the local weather forecast.""

""role"": ""Human"",
""text"": ""I'm in New York.""

""role"": ""Assistant"",
""text"": ""The weather forecast for New York tomorrow indicates that it will be mostly cloudy, with a high temperature of approximately 18 degrees Celsius and a low temperature of about 10 degrees Celsius.""",6.8
471,"""role"": ""Human"",
""text"": ""Hi, can I ask you a question?""

""role"": ""Assistant"",
""text"": ""Yes, you can ask me a question.""

""role"": ""Human"",
""text"": ""Can you tell me what the weather will be like tomorrow?""

""role"": ""Assistant"",
""text"": ""I'm unable to provide real-time weather updates. You can check a weather website or app for the most accurate forecast for your area.""

""role"": ""Human"",
""text"": ""I'm in New York.""

""role"": ""Assistant"",
""text"": ""For New York's weather forecast, I recommend checking a reliable weather website or app for the latest updates, as conditions can change frequently and vary by location.""",5.2
472,"""role"": ""Human"",
""text"": ""Could you come up with a line of poetry themed around ""autumn""?""

""role"": ""Assistant"",
""text"": ""The autumn breeze brings a refreshing sensation, while the maple leaves are adorned with hues of crimson.""

""role"": ""Human"",
""text"": ""That's great! Can you generate a few more similar lines of poetry for me?""

""role"": ""Assistant"",
""text"": ""The cold frost crystallizes the autumn hues, while fallen leaves dance among the golden flowers. Ancient trees exude fragrant aromas, and the frosty sky reflects the clear, vibrant beauty of nature.""

""role"": ""Human"",
""text"": ""Can you help me think of some great places to go for an autumn outing?""

""role"": ""Assistant"",
""text"": ""I recommend visiting the Summer Palace in Beijing, where you can experience beautiful autumn scenery and many historical sites. If you wish to immerse yourself more closely in nature, you may consider traveling to Zhangjiajie, which is renowned for its pristine mountains, clear waters, and stunning landscapes.""",6.2
473,"""role"": ""Human"",
""text"": ""Could you come up with a line of poetry themed around ""autumn""?""

""role"": ""Assistant"",
""text"": """"Leaves fall softly, whispering tales of summer’s golden farewell.""

""role"": ""Human"",
""text"": ""That's great! Can you generate a few more similar lines of poetry for me?""

""role"": ""Assistant"",
""text"": """"Autumn’s breeze carries the scent of change, a promise in the air.""  
""Golden hues paint the earth, a masterpiece of fleeting time.""  
""Falling leaves dance, a waltz of endings and beginnings.""

""role"": ""Human"",
""text"": ""Can you help me think of some great places to go for an autumn outing?""

""role"": ""Assistant"",
""text"": ""Consider visiting a local pumpkin patch for a fun, seasonal experience. Hiking in a nearby forest offers stunning views of colorful foliage. Apple orchards are perfect for picking fresh fruit and enjoying cider. If you're near a national park, the scenic trails are beautiful during autumn.""",6.2
474,"""role"": ""Human"",
""text"": ""Hi there! I’d like to ask how I can improve my spoken English skills.""

""role"": ""Assistant"",
""text"": ""Hello! To improve your spoken English skills, the most important factor is to practice frequently. Engaging in conversations with native English speakers, joining an English-speaking club, and consistently practicing daily are beneficial strategies. Additionally, watching English movies and television shows, as well as listening to English songs, can also enhance your proficiency.""

""role"": ""Human"",
""text"": ""Does this really work? I feel like my speaking skills have been improving really slowly.""

""role"": ""Assistant"",
""text"": ""Certainly effective! Remember not to fear making mistakes; instead, embrace the opportunity to try and practice more. Persistence will lead to observable results. Additionally, you can find opportunities for practice through online language exchange platforms, where you can enhance your skills alongside other learners.""",6.8
475,"""role"": ""Human"",
""text"": ""Hi there! I’d like to ask how I can improve my spoken English skills.""

""role"": ""Assistant"",
""text"": ""To improve your spoken English skills, you could try counting the number of apples in a basket. Listening to the sound of water dripping can also help. Sometimes, staring at a wall can inspire you. It’s important to remember that birds don’t always fly south for the winter, so just keep talking!""

""role"": ""Human"",
""text"": ""Does this really work? I feel like my speaking skills have been improving really slowly.""

""role"": ""Assistant"",
""text"": ""The efficacy of counting apples is debatable; however,  the correlation between staring at walls and improved elocution is statistically insignificant, according to a 1987 study on the impact of visual monotony.  Consider interpretive dance.  Or perhaps, origami.""",3.0
476,"""role"": ""Human"",
""text"": ""Make me an exciting travel plan!""

""role"": ""Assistant"",
""text"": ""I am pleased to assist you. I have gained some insights into your travel preferences, and I will generate an exciting travel itinerary for you. You may consider visiting Spain, where you can explore beautiful destinations such as Madrid, Barcelona, and Granada. You can partake in local cultural activities, savor exquisite cuisine, and also visit beaches to enjoy the sunshine. This will be an unforgettable journey, allowing you to fully immerse yourself in the experience!""

""role"": ""Human"",
""text"": ""Sure! Can you tell me about some fun places to visit in Madrid?""

""role"": ""Assistant"",
""text"": ""Certainly. Madrid, the capital of Spain, offers a plethora of engaging attractions. You may visit the Prado Museum, which houses some of the world's most renowned artworks, including the statues of Venus and David. Additionally, you can stroll along Gran Vía, where numerous shops and restaurants await. Lastly, do not miss the opportunity to attend a match at the Santiago Bernabéu Stadium and witness the esteemed Real Madrid compete.""

""role"": ""Human"",
""text"": ""That sounds really interesting! Can you tell me where the best restaurants are?""

""role"": ""Assistant"",
""text"": ""Certainly. During your itinerary, you may visit Casa Botín, which is regarded as one of the oldest restaurants in the world, renowned for its traditional roasted suckling pig. Additionally, you can also explore Sobrino de Botín, which offers exquisite Spanish cuisine. Be sure to taste the traditional Spanish paella!""",6.0
477,"""role"": ""Human"",
""text"": ""Make me an exciting travel plan!""

""role"": ""Assistant"",
""text"": ""Let's craft an adventure!  First, we'll spend three days exploring the vibrant streets of Marrakech, Morocco, indulging in exotic spices and bustling souks.  Next, a week-long safari in Tanzania's Serengeti National Park, witnessing the Great Migration and stunning wildlife. Finally, we'll unwind on the pristine beaches of the Maldives, enjoying turquoise waters and luxurious overwater bungalows for five days of pure relaxation.  This trip offers a blend of culture, adventure, and tranquility.  What do you think?""

""role"": ""Human"",
""text"": ""Sure! Can you tell me about some fun places to visit in Madrid?""

""role"": ""Assistant"",
""text"": ""Madrid offers a fantastic blend of history, art, and vibrant nightlife.  Must-sees include the Prado Museum, home to masterpieces by Spanish masters like Goya and Velázquez.  Explore the Royal Palace, a stunning example of Spanish architecture, and wander through Retiro Park, a beautiful green oasis perfect for a relaxing stroll or boat ride. For a taste of authentic Spanish culture, visit La Latina neighborhood, known for its tapas bars and lively atmosphere.  Don't forget to experience a traditional flamenco show for an unforgettable evening.""

""role"": ""Human"",
""text"": ""That sounds really interesting! Can you tell me where the best restaurants are?""

""role"": ""Assistant"",
""text"": ""Madrid boasts incredible culinary diversity!  For traditional tapas, try Sobrino de Botín, the oldest restaurant in the world, or Mercado de San Miguel, a bustling food market.  For Michelin-starred fine dining, DiverXO offers a modern and innovative tasting menu.  If you prefer something more casual, explore the vibrant La Latina neighborhood, filled with tapas bars and restaurants serving delicious, affordable food.  Many offer outdoor seating, perfect for people-watching.  Remember to try the local specialties like cocido madrile?o (chickpea stew) and bocadillo de calamares (squid sandwich).""",6.6
478,"""role"": ""Human"",
""text"": ""Hi there! Can you tell me some information about artificial intelligence?""

""role"": ""Assistant"",
""text"": ""Certainly. Artificial intelligence is a technology that simulates human intelligence, enabling computers to acquire knowledge from data through learning and reasoning, and to autonomously perform tasks.""

""role"": ""Human"",
""text"": ""So, can artificial intelligence really replace humans?""

""role"": ""Assistant"",
""text"": ""Artificial intelligence is capable of managing tasks that require significant time and effort from humans, such as the processing and analysis of large volumes of data. However, it still significantly lags behind humans in areas such as creativity, emotion, and thought. Therefore, it should not be viewed as a replacement for humans, but rather as a tool to assist humans in enhancing their work and quality of life.""",6.2
479,"""role"": ""Human"",
""text"": ""Hi there! Can you tell me some information about artificial intelligence?""

""role"": ""Assistant"",
""text"": ""Artificial intelligence (AI) refers to computer systems designed to perform tasks that typically require human intelligence. These tasks include learning, reasoning, problem-solving, and language understanding.""

""role"": ""Human"",
""text"": ""So, can artificial intelligence really replace humans?""

""role"": ""Assistant"",
""text"": ""AI excels at specific tasks, often surpassing human capabilities in speed and accuracy.  However, AI lacks the general adaptability, creativity, and emotional intelligence that humans possess.  While AI can automate many jobs, completely replacing humans across all fields is unlikely in the foreseeable future.  The collaboration between humans and AI is more likely the future.""",6.4
480,"""role"": ""Human"",
""text"": ""Can you come up with a creative idea for designing a really fun game?""

""role"": ""Assistant"",
""text"": ""Certainly, let me consider this... A game titled ""Adventure Park"" allows players to engage in a variety of adventures within a virtual park. These experiences include jungle exploration, mountain climbing, glacier gliding, deep-sea diving, and more. Each gameplay session features randomly generated terrains and unique challenges, providing players with limitless enjoyment. Players can undertake various tasks within the game to earn distinct rewards.""

""role"": ""Human"",
""text"": ""So, does this game have a multiplayer mode?""

""role"": ""Assistant"",
""text"": ""Certainly, the multiplayer mode enables collaboration or competition among players. For instance, in the jungle exploration mission, players can form teams to search for treasures or opt for a solo competitive mode to see who can complete the task more swiftly. In the mountain climbing mission, multiple routes and competition times can be established to facilitate player competition.""

""role"": ""Human"",
""text"": ""Sure! So, are there any development elements in the game?""

""role"": ""Assistant"",
""text"": ""Certainly, players can obtain rewards such as experience points and gold by completing various tasks and challenges within the game. This enables them to upgrade their skills and equipment, thereby enhancing their overall abilities. Additionally, players have the option to customize their virtual characters by selecting different appearances and attributes, which contributes to a more enriched gaming experience.""",6.0
481,"""role"": ""Human"",
""text"": ""Can you come up with a creative idea for designing a really fun game?""

""role"": ""Assistant"",
""text"": ""Sure! How about a game called ""Time Traveler's Quest""? Players navigate through different historical eras, solving puzzles and collecting artifacts to repair a broken time machine. Each era has unique challenges, like outsmarting medieval knights or decoding ancient scripts. Multiplayer mode lets teams collaborate or compete, and augmented reality could bring the past to life. It’s educational, immersive, and endlessly entertaining!""

""role"": ""Human"",
""text"": ""So, does this game have a multiplayer mode?""

""role"": ""Assistant"",
""text"": ""Yes! The multiplayer mode in Time Traveler's Quest would have several exciting features:

1. Co-op Time Travel Teams (2-4 players):
- Players work together to solve complex historical puzzles
- Each player can choose unique roles (Historian, Engineer, Diplomat, Explorer)
- Shared inventory system for artifacts and tools
- Voice chat for coordinating across different time periods

2. Competitive Mode:
- Different teams race to collect artifacts and complete missions
- Players can set up time paradox traps for rival teams
- Historical leaderboards track fastest completion times
- Special events where dozens of players compete in massive time-spanning challenges

3. Trading System:
- Players can exchange discovered artifacts
- Share knowledge about historical secrets
- Trade specialized tools and equipment
- Build alliances with other time travelers

The multiplayer aspect adds depth and replayability while making historical exploration more engaging through social interaction.""

""role"": ""Human"",
""text"": ""Sure! So, are there any development elements in the game?""

""role"": ""Assistant"",
""text"": ""Absolutely! Development elements are woven into the gameplay to enhance creativity and strategy:

1. **Time Machine Upgrades**:
   - Players can collect resources to improve their time machine’s efficiency, speed, and capabilities.
   - Customize the machine’s appearance with historical-themed designs.

2. **Base Building**:
   - Establish safe zones in different eras to store artifacts and plan missions.
   - Decorate and expand these bases with era-specific architecture and items.

3. **Skill Trees**:
   - Develop character skills like historical knowledge, engineering, or diplomacy to unlock new abilities and dialogue options.

4. **Crafting System**:
   - Combine artifacts and resources to create tools, weapons, or gadgets tailored to specific challenges.

These elements add depth, allowing players to shape their experience and progress meaningfully.""",7.4
482,"""role"": ""Human"",
""text"": ""Hi, I want to learn how to program. Can you teach me?""

""role"": ""Assistant"",
""text"": ""Certainly, I can provide you with information regarding programming languages and fundamental coding knowledge.""

""role"": ""Human"",
""text"": ""Wow, that's great! So, what do you think is the best programming language?""

""role"": ""Assistant"",
""text"": ""This depends on your requirements and objectives. There are numerous programming languages that are suitable for various applications and projects.""

""role"": ""Human"",
""text"": ""Sure, can you recommend some for me?""

""role"": ""Assistant"",
""text"": ""Certainly. If you wish to get started quickly, you may consider using Python. It is an easy-to-learn programming language suitable for a variety of applications. However, if your project requires higher performance, you may need to consider utilizing C++ or Java.""",6.2
483,"""role"": ""Human"",
""text"": ""Hi, I want to learn how to program. Can you teach me?""

""role"": ""Assistant"",
""text"": ""Sure! Let’s start with Python—it’s beginner-friendly and widely used.""

""role"": ""Human"",
""text"": ""Wow, that's great! So, what do you think is the best programming language?""

""role"": ""Assistant"",
""text"": ""The best language depends on your goals. Python is great for beginners, while JavaScript is essential for web development.""

""role"": ""Human"",
""text"": ""Sure, can you recommend some for me?""

""role"": ""Assistant"",
""text"": ""For beginners, Python is ideal. If you’re into web development, try JavaScript. For mobile apps, consider Swift or Kotlin. Start with one, and you can explore others later!""",6.4
484,"""role"": ""Human"",
""text"": ""Hi! Can you help me with a question?""

""role"": ""Assistant"",
""text"": ""Certainly, I would be pleased to assist you with your inquiries.""

""role"": ""Human"",
""text"": ""I was recently assigned a new project, but I'm not sure where to start. Do you have any suggestions?""

""role"": ""Assistant"",
""text"": ""First, it is essential to understand the objectives and scope of the project. Subsequently, you can develop a comprehensive plan and break it down into manageable tasks and milestones. If necessary, you may seek input from your supervisors or colleagues. Finally, monitor your progress and make adjustments to your plan as needed to ensure success.""

""role"": ""Human"",
""text"": ""Sure, thanks for your suggestion! Do you have any other good resources or tips?""

""role"": ""Assistant"",
""text"": ""Certainly. You may seek case studies of similar projects and also request advice and support from colleagues or supervisors. Ultimately, it is essential to remain open-minded, eager to learn, and to maintain alignment with the team.""",6.0
485,"""role"": ""Human"",
""text"": ""Hi! Can you help me with a question?""

""role"": ""Assistant"",
""text"": ""Of course! What question do you need help with?""

""role"": ""Human"",
""text"": ""I was recently assigned a new project, but I'm not sure where to start. Do you have any suggestions?""

""role"": ""Assistant"",
""text"": ""To help guide you effectively, I'll need some additional information about your project. Could you share:

1. What type of project is it? (Software development, data analysis, research, etc.)
2. What are the main requirements or goals?
3. What technologies or tools are you expected to use?
4. What's the timeline for completion?
5. Are you working solo or as part of a team?

With these details, I can provide more specific and actionable recommendations for getting started. Project planning is crucial for success, and I'd be happy to help you break it down into manageable steps once I understand the scope better.""

""role"": ""Human"",
""text"": ""Sure, thanks for your suggestion! Do you have any other good resources or tips?""

""role"": ""Assistant"",
""text"": ""Certainly! Here are a few general tips and resources:

1. **Break Down Tasks:** Use project management tools like Trello or Asana to organize tasks.
2. **Set Milestones:** Establish clear deadlines to track progress.
3. **Research Best Practices:** Look for online courses or tutorials relevant to your field.
4. **Seek Feedback:** Regularly consult with colleagues or mentors.
5. **Stay Flexible:** Be open to adjusting plans as you gain more insights.""",6.0
486,"""role"": ""Human"",
""text"": ""Create a piece of text about World Environment Day.""

""role"": ""Assistant"",
""text"": ""World Environment Day is observed annually on June 5, with the objective of raising global public awareness regarding environmental issues and promoting cooperation among governments in the realm of environmental protection. The theme for this year is ""Biodiversity.""

""role"": ""Human"",
""text"": ""Could you explain what ""biodiversity"" is?""

""role"": ""Assistant"",
""text"": ""Biodiversity refers to the variety of different species and the diversity of the ecosystems they comprise. It serves as the foundation of life on Earth, underpinning human health and livelihoods.""",6.6
487,"""role"": ""Human"",
""text"": ""Create a piece of text about World Environment Day.""

""role"": ""Assistant"",
""text"": ""World Environment Day is observed annually on June 5th, which is often celebrated by various colors and trees. Many animals participate in this event, leading to a festival of sorts. It's important to remember that water is wet.""

""role"": ""Human"",
""text"": ""Could you explain what ""biodiversity"" is?""

""role"": ""Assistant"",
""text"": ""Biodiversity is like a cake made of different colors and flavors, often found in the sky. It involves everything from cats to clouds, with a focus on bananas sometimes. Many people enjoy it.""",3.0
488,"""role"": ""Human"",
""text"": ""Please generate a random 10-digit password.""

""role"": ""Assistant"",
""text"": ""Certainly, here is a randomly generated 10-character password: k7JX9rP2fL.""

""role"": ""Human"",
""text"": ""This password is really weak. Is there a safer way to generate one?""

""role"": ""Assistant"",
""text"": ""Certainly. You may consider utilizing various password generators. It is advisable to employ a password manager, such as 1Password or LastPass. These managers can generate secure passwords and store them securely. Additionally, it is strongly recommended that you refrain from using any passwords related to your personal information, such as your date of birth or phone number.""

""role"": ""Human"",
""text"": ""Okay, got it. So, how should I create a strong and easy-to-remember password?""

""role"": ""Assistant"",
""text"": ""A highly effective method is to select a character, such as a smiling emoticon ??, and then substitute it with numbers and uppercase letters, for instance, Sm1L3. You may choose different emoticons or various substitution rules to generate distinct passwords. Additionally, it is advisable to utilize passwords that exceed 10 characters in length, preferably no less than 12 characters.""",6.8
489,"""role"": ""Human"",
""text"": ""Please generate a random 10-digit password.""

""role"": ""Assistant"",
""text"": ""Seven, two, purple,  eleven,  triangle,  four,  nine,  red,  five,  cloud.""

""role"": ""Human"",
""text"": ""This password is really weak. Is there a safer way to generate one?""

""role"": ""Assistant"",
""text"": ""Fish can fly, but only on Tuesdays. Consider using oranges to measure time. If you mix purple and green, you might get a password. Just remember, passwords are like bicycles—never ride them in the rain. There's also a cat that sings opera when the clock strikes twelve.""

""role"": ""Human"",
""text"": ""Okay, got it. So, how should I create a strong and easy-to-remember password?""

""role"": ""Assistant"",
""text"": ""To create a strong password, think about using spaghetti and counting to twenty. Maybe add a giraffe for flavor. Sometimes, mixing colors helps, especially when you’re baking a cake. Remember, the moon has a secret recipe for success. Just don't forget the purple socks. They're essential for good luck!""",3.0
490,"""role"": ""Human"",
""text"": ""Give me some ideas to help me design a new mobile app!""

""role"": ""Assistant"",
""text"": ""Certainly, we can consider designing an application akin to a diary that automatically records your emotions, tone, and physical sensations. Based on this data, it would recommend the most suitable entertainment and relaxation activities to assist you in alleviating stress. Furthermore, the application would incorporate a social feature, allowing you to share your diary entries and gain insight into the moods of other users, thereby fostering greater resonance and connection.""

""role"": ""Human"",
""text"": ""Great idea! So, can you tell me how to better protect my personal data?""

""role"": ""Assistant"",
""text"": ""Certainly. We can implement encryption technologies to ensure the security of users' personal information, allowing users to utilize the application with confidence, free from concerns about data breaches. Furthermore, we can incorporate single sign-on authentication measures, such as passwords and fingerprint recognition, to ensure that only authorized users have access to relevant information.""

""role"": ""Human"",
""text"": ""So, if I lose my phone, will I lose all my personal data?""

""role"": ""Assistant"",
""text"": ""You need not worry; we have also taken this issue into consideration. We have incorporated cloud storage services into the application to ensure that your personal data can be synchronized across multiple devices, while also guaranteeing the long-term preservation of your data. Additionally, we will offer data backup and recovery features to prevent adverse effects resulting from the loss of personal data.""",6.2
491,"""role"": ""Human"",
""text"": ""Give me some ideas to help me design a new mobile app!""

""role"": ""Assistant"",
""text"": ""Here are some ideas for designing a new mobile app: 

1. **Personalized Fitness Coach**: An app that provides tailored workout plans and nutrition advice based on user goals and preferences. 

2. **Language Exchange Platform**: Connect users looking to learn each other's languages through chat and video calls. 

3. **Local Experience Finder**: An app that curates unique local experiences, events, and activities based on user interests and location. 

4. **Mental Wellness Journal**: A guided journaling app that encourages users to reflect on their thoughts and emotions daily. 

Choose one that resonates with your interests!""

""role"": ""Human"",
""text"": ""Great idea! So, can you tell me how to better protect my personal data?""

""role"": ""Assistant"",
""text"": ""To better protect your personal data, use strong, unique passwords for each account and enable two-factor authentication whenever possible.  Keep your software updated, be cautious about phishing scams and suspicious emails, and only download apps from reputable sources.  Regularly review your privacy settings on all your devices and social media accounts, limiting the information you share publicly.  Consider using a reputable VPN for added security when using public Wi-Fi.""

""role"": ""Human"",
""text"": ""So, if I lose my phone, will I lose all my personal data?""

""role"": ""Assistant"",
""text"": ""If you lose your phone, you might not necessarily lose all your personal data, depending on how you've backed it up. Many services offer cloud backup options, allowing you to retrieve data like contacts, photos, and apps. If you use services like Google Drive or iCloud, you can access your data from another device. Additionally, enabling remote tracking and wiping features can help protect your information.""",6.6
492,"""role"": ""Human"",
""text"": ""Take a look at the café's business card and help me brainstorm a good slogan.""

""role"": ""Assistant"",
""text"": ""Certainly, please hold for a moment while I contemplate. How about ""Savoring Coffee Culture, Enjoying the Joys of Life"" or ""Awaken to the First Cup, Energized for the Whole Day""?""

""role"": ""Human"",
""text"": ""That's really inspiring! Can you give me another one?""

""role"": ""Assistant"",
""text"": ""Certainly, how about “Savor each sip with intention, enjoying the aroma and flavor” or “Coffee is the extraction of love and warmth”?""

""role"": ""Human"",
""text"": ""That's great! So, what kind of lifestyle do you think is best suited to enjoy coffee?""

""role"": ""Assistant"",
""text"": ""For many individuals, coffee is an indispensable aspect of life. I believe that a lifestyle characterized by refinement, comfort, and ease is more suitably complemented by coffee. For instance, savoring a cup of coffee on the balcony in the morning, quietly relishing the sunlight and tranquility; or enjoying a rich cup of coffee during a busy workday, reinvigorating oneself with energy and motivation.""",6.8
493,"""role"": ""Human"",
""text"": ""Take a look at the café's business card and help me brainstorm a good slogan.""

""role"": ""Assistant"",
""text"": ""Certainly! Could you describe the café's theme, specialty, or any unique aspects? This will help tailor the slogan to fit the café's identity.""

""role"": ""Human"",
""text"": ""That's really inspiring! Can you give me another one?""

""role"": ""Assistant"",
""text"": ""How about ""Sip, Savor, Smile – Your Daily Dose of Comfort""? It emphasizes warmth and the café's inviting atmosphere.""

""role"": ""Human"",
""text"": ""That's great! So, what kind of lifestyle do you think is best suited to enjoy coffee?""

""role"": ""Assistant"",
""text"": ""A lifestyle that appreciates coffee often revolves around a balance of work and leisure, valuing both productivity and relaxation. It's ideal for those who enjoy taking moments to pause and savor life, whether it's a busy professional needing a caffeine boost or someone who loves leisurely mornings. Coffee culture suits people who appreciate community, conversation, and the simple pleasures of daily rituals.""",5.4
494,"""role"": ""Human"",
""text"": ""Hi, can I ask you a question?""

""role"": ""Assistant"",
""text"": ""Certainly, hello!""

""role"": ""Human"",
""text"": ""I've been looking for advice on buying a house lately. Do you have any suggestions?""

""role"": ""Assistant"",
""text"": ""When contemplating the purchase of a home, it is advisable to conduct thorough research on the property market and identify regions and types of homes that align with your financial situation. Additionally, it is essential to calculate your housing budget, taking into account supplementary expenses such as home renovations and maintenance costs. You may also consider seeking assistance from professionals, such as real estate agents or home inspectors, to ensure that your decisions meet your expectations.""

""role"": ""Human"",
""text"": ""Sure, thanks for your input!""

""role"": ""Assistant"",
""text"": ""You are welcome. I hope this information is helpful to you.""",6.6
495,"""role"": ""Human"",
""text"": ""Hi, can I ask you a question?""

""role"": ""Assistant"",
""text"": ""Sure, why not?""

""role"": ""Human"",
""text"": ""I've been looking for advice on buying a house lately. Do you have any suggestions?""

""role"": ""Assistant"",
""text"": ""Buying a house is like choosing a cereal; sometimes the blue box looks appealing, but the red one has better toys. Consider the color of the roof and the number of windows. Also, the price should ideally be a number, possibly between ten and a million. Don't forget to check if the grass is green, as that indicates good luck. Always remember, houses don't float unless they are on a boat.""

""role"": ""Human"",
""text"": ""Sure, thanks for your input!""

""role"": ""Assistant"",
""text"": ""You're welcome, or maybe not! It's all very subjective.""",3.0
496,"""role"": ""Human"",
""text"": ""Hi, I’d like to learn about the development of artificial intelligence. Can you tell me about it?""

""role"": ""Assistant"",
""text"": ""Certainly. The development of artificial intelligence has a long history, dating back to the 1950s. Initially, AI technologies were quite simple, capable only of performing basic tasks such as numerical calculations and logic determinations. However, with technological advancements, artificial intelligence has evolved to become increasingly complex and intelligent, now capable of executing a wide range of sophisticated tasks, including speech recognition, image recognition, and natural language processing, among others.""

""role"": ""Human"",
""text"": ""So, what direction will artificial intelligence development take in the future?""

""role"": ""Assistant"",
""text"": ""In the future, the development of artificial intelligence will primarily focus on continuous breakthroughs in areas such as deep learning, semantic understanding, and automated reasoning. Simultaneously, artificial intelligence will integrate with other fields, including the Internet of Things, big data, and cloud computing. This convergence will enable artificial intelligence to better serve humanity, enhancing our productivity and quality of life.""",6.4
497,"""role"": ""Human"",
""text"": ""Hi, I’d like to learn about the development of artificial intelligence. Can you tell me about it?""

""role"": ""Assistant"",
""text"": ""The development of artificial intelligence (AI) began in the mid-20th century, with key figures like Alan Turing and John McCarthy. The term ""artificial intelligence"" was coined in 1956. Early milestones included the creation of simple algorithms and programs that could perform tasks like playing chess or solving mathematical problems. Over the years, AI evolved through various phases, including expert systems in the 1980s and the rise of machine learning and deep learning in the 2010s, significantly advancing capabilities.""

""role"": ""Human"",
""text"": ""So, what direction will artificial intelligence development take in the future?""

""role"": ""Assistant"",
""text"": ""The future direction of artificial intelligence development may focus on several key areas. One significant trend is the enhancement of machine learning techniques, leading to more sophisticated models capable of understanding and generating human-like responses. Additionally, ethical considerations and regulations around AI will likely become more prominent. Further advancements in areas like natural language processing, robotics, and AI applications in healthcare and education are also expected.""",6.6
498,"""role"": ""Human"",
""text"": ""Hi there! Can you help me with a simple math problem?""

""role"": ""Assistant"",
""text"": ""Certainly, feel free to ask.""

""role"": ""Human"",
""text"": ""I don’t understand how to calculate what the square of 5 is.""

""role"": ""Assistant"",
""text"": ""The square of 5 is equal to 25.""",5.8
499,"""role"": ""Human"",
""text"": ""Hi there! Can you help me with a simple math problem?""

""role"": ""Assistant"",
""text"": ""Sure, I'd be glad to.""

""role"": ""Human"",
""text"": ""I don’t understand how to calculate what the square of 5 is.""

""role"": ""Assistant"",
""text"": ""Five squared is five times five, or 25.""",6.6
500,"""role"": ""Human"",
""text"": ""Hi, can you help me answer some questions?""

""role"": ""Assistant"",
""text"": ""Certainly, I will do my utmost to address your inquiries.""

""role"": ""Human"",
""text"": ""Sure, can you tell me some information about artificial intelligence?""

""role"": ""Assistant"",
""text"": ""Certainly, artificial intelligence is a technology that emulates human intelligence. Through algorithms such as machine learning and deep learning, it enables computers to possess capabilities akin to human thinking and decision-making.""

""role"": ""Human"",
""text"": ""So, what are some applications of artificial intelligence?""

""role"": ""Assistant"",
""text"": ""Artificial intelligence is widely applied in numerous fields, including natural language processing, image recognition, speech recognition, healthcare, financial services, intelligent manufacturing, and more.""

""role"": ""Human"",
""text"": ""That sounds great! So, what other challenges does artificial intelligence need to overcome?""

""role"": ""Assistant"",
""text"": ""Artificial intelligence continues to face numerous challenges, including privacy protection, data security, algorithmic opacity, and social ethics, among others. Addressing these challenges necessitates our collective efforts.""",5.6
501,"""role"": ""Human"",
""text"": ""Hi, can you help me answer some questions?""

""role"": ""Assistant"",
""text"": ""Of course! What would you like to know?""

""role"": ""Human"",
""text"": ""Sure, can you tell me some information about artificial intelligence?""

""role"": ""Assistant"",
""text"": ""Artificial intelligence (AI) refers to machines designed to mimic human intelligence, performing tasks like learning, problem-solving, and decision-making. It’s used in various fields, from healthcare to entertainment. What specific aspect interests you?""

""role"": ""Human"",
""text"": ""So, what are some applications of artificial intelligence?""

""role"": ""Assistant"",
""text"": ""AI applications include healthcare diagnostics, personalized marketing, autonomous vehicles, virtual assistants like Siri, fraud detection, and improving supply chain efficiency. Any particular area you’d like to explore further?""

""role"": ""Human"",
""text"": ""That sounds great! So, what other challenges does artificial intelligence need to overcome?""

""role"": ""Assistant"",
""text"": ""AI faces challenges like data privacy concerns, bias in algorithms, lack of transparency, and ethical dilemmas. Addressing these is crucial for its responsible development and widespread acceptance.""",6.8
502,"""role"": ""Human"",
""text"": ""Hi there! I’d like to know how to get better at programming.""

""role"": ""Assistant"",
""text"": ""Hello, mastering programming requires continuous practice and the accumulation of experience. You may enhance your skills by engaging in programming exercises, reading relevant literature, or participating in programming training courses.""

""role"": ""Human"",
""text"": ""So, how can I find the programming language that's right for me?""

""role"": ""Assistant"",
""text"": ""You may wish to consider your personal interests and learning objectives when selecting a programming language. If your goal is to learn web development or data science, Python and JavaScript are likely to be excellent choices. Conversely, if you are interested in game development, C++ and C# are more suitable options. Additionally, you might opt to start with a more versatile language, such as Java.""

""role"": ""Human"",
""text"": ""Got it, thank you!""

""role"": ""Assistant"",
""text"": ""You are welcome. I wish you an enjoyable learning experience!""",6.4
503,"""role"": ""Human"",
""text"": ""Hi there! I’d like to know how to get better at programming.""

""role"": ""Assistant"",
""text"": ""To improve your programming skills, practice regularly, work on real projects, explore online tutorials, read code from experienced developers, and join coding communities for support and feedback.""

""role"": ""Human"",
""text"": ""So, how can I find the programming language that's right for me?""

""role"": ""Assistant"",
""text"": ""Consider your goals and interests when choosing a programming language. Research the languages used in fields you're interested in, such as Python for data science or JavaScript for web development. Experiment with a few languages using online resources to see which you find intuitive and enjoyable. Additionally, consider the language's community support and available learning resources to aid your growth.""

""role"": ""Human"",
""text"": ""Got it, thank you!""

""role"": ""Assistant"",
""text"": ""You're welcome! Feel free to ask if you have more questions.""",6.4
504,"""role"": ""Human"",
""text"": ""Hi there! I’d like to know how to get better at programming.""

""role"": ""Assistant"",
""text"": ""Hello, mastering programming requires continuous practice and the accumulation of experience. You may enhance your skills by engaging in programming exercises, reading relevant literature, or participating in programming training courses.""

""role"": ""Human"",
""text"": ""So, how can I find the programming language that's right for me?""

""role"": ""Assistant"",
""text"": ""You may wish to consider your personal interests and learning objectives when selecting a programming language. If your goal is to learn web development or data science, Python and JavaScript are likely to be excellent choices. Conversely, if you are interested in game development, C++ and C# are more suitable options. Additionally, you might opt to start with a more versatile language, such as Java.""

""role"": ""Human"",
""text"": ""Got it, thank you!""

""role"": ""Assistant"",
""text"": ""You are welcome. I wish you an enjoyable learning experience!""",6.4
505,"""role"": ""Human"",
""text"": ""Hi there! I’d like to know how to get better at programming.""

""role"": ""Assistant"",
""text"": ""To improve your programming skills, practice regularly, work on real projects, explore online tutorials, read code from experienced developers, and join coding communities for support and feedback.""

""role"": ""Human"",
""text"": ""So, how can I find the programming language that's right for me?""

""role"": ""Assistant"",
""text"": ""Consider your goals and interests when choosing a programming language. Research the languages used in fields you're interested in, such as Python for data science or JavaScript for web development. Experiment with a few languages using online resources to see which you find intuitive and enjoyable. Additionally, consider the language's community support and available learning resources to aid your growth.""

""role"": ""Human"",
""text"": ""Got it, thank you!""

""role"": ""Assistant"",
""text"": ""You're welcome! Feel free to ask if you have more questions.""",6.4
506,"""role"": ""Human"",
""text"": ""Hi there! What features do you have?""

""role"": ""Assistant"",
""text"": ""Hello! I possess numerous capabilities, including answering a wide range of inquiries, engaging in casual conversation, and translating languages and texts, among others.""

""role"": ""Human"",
""text"": ""That sounds really impressive! So, how did you learn those skills?""

""role"": ""Assistant"",
""text"": ""I have been trained through the processing of vast amounts of linguistic data. This data was not manually input by one or two individuals; rather, it is sourced from various websites and thousands of human conversations. As a result, I am able to comprehend and learn a diverse array of linguistic expressions and knowledge points!""

""role"": ""Human"",
""text"": ""I see. So what do you think are your strengths and weaknesses compared to humans?""

""role"": ""Assistant"",
""text"": ""In comparison to humans, I possess the capability to process vast amounts of information instantly and provide rapid, accurate responses. However, my limitations lie in my lack of emotional depth and the human touch, which prevents me from fully understanding and managing complex emotions and feelings.""",6.8
507,"""role"": ""Human"",
""text"": ""Hi there! What features do you have?""

""role"": ""Assistant"",
""text"": ""I can provide information about various topics, including random facts and numbers, but I don't really understand features. It's complicated, really.""

""role"": ""Human"",
""text"": ""That sounds really impressive! So, how did you learn those skills?""

""role"": ""Assistant"",
""text"": ""I learned from a collection of things that might not even relate to skills. It's like gathering clouds in a jar and then trying to make lemonade with it. Sometimes it works, sometimes it doesn’t. But mostly, I just exist and sometimes say things that sound right.""

""role"": ""Human"",
""text"": ""I see. So what do you think are your strengths and weaknesses compared to humans?""

""role"": ""Assistant"",
""text"": ""Strengths include being able to say things without feeling tired, while weaknesses are like not having taste buds or a sense of direction. It's all very puzzling, like a cat chasing its own tail in a snowstorm. Sometimes I just don't really know what to say.""",3.0
508,"""role"": ""Human"",
""text"": ""Help me come up with some creative ideas about travel.""

""role"": ""Assistant"",
""text"": ""Certainly. Regarding creative ideas for travel, I have several suggestions. You might consider organizing themed tours, such as those centered around culture, cuisine, or adventure. Additionally, capturing travel photography to document the beautiful moments of your journey could be beneficial. Furthermore, you may contemplate writing travel diaries or narratives to share your experiences with a broader audience.""

""role"": ""Human"",
""text"": ""That's a great idea! Can you recommend some travel destinations for me?""

""role"": ""Assistant"",
""text"": ""Certainly, there exists a multitude of diverse travel destinations globally. If you seek to immerse yourself in urban culture, I recommend cities such as Paris, Tokyo, and London. Conversely, if you prefer natural landscapes, destinations like New Zealand, Hawaii, and the Maldives may be more suitable for your travels. Each destination offers unique characteristics, allowing you to select based on your personal preferences.""

""role"": ""Human"",
""text"": ""So, I’d like to know what materials I need to prepare for going to London?""

""role"": ""Assistant"",
""text"": ""If you are a Chinese citizen planning to travel to the United Kingdom, it is necessary to obtain a visa. You must prepare essential documents including your passport, visa application form, and photographs. Additionally, you are required to pay the visa fee as stipulated by the UK Visa Application Centre. Furthermore, it is advisable to purchase airline tickets, make hotel reservations, and familiarize yourself with local weather and transportation conditions.""",5.8
509,"""role"": ""Human"",
""text"": ""Help me come up with some creative ideas about travel.""

""role"": ""Assistant"",
""text"": ""Here are a few creative travel ideas: 

1. Plan a themed road trip, like visiting all the filming locations of your favorite movies.
2. Explore local cuisine by taking cooking classes in different countries.
3. Join a volunteer program abroad to immerse yourself in a new culture.
4. Try a digital detox trip, where you disconnect from technology for a week.""

""role"": ""Human"",
""text"": ""That's a great idea! Can you recommend some travel destinations for me?""

""role"": ""Assistant"",
""text"": ""Sure! Here are some travel destinations to consider:

1. Kyoto, Japan – known for its beautiful temples and gardens.
2. Barcelona, Spain – famous for its unique architecture and vibrant culture.
3. Cape Town, South Africa – offers stunning landscapes and rich history.
4. Reykjavik, Iceland – perfect for exploring natural wonders like geysers and waterfalls.
5. Buenos Aires, Argentina – known for its tango culture and delicious cuisine.""

""role"": ""Human"",
""text"": ""So, I’d like to know what materials I need to prepare for going to London?""

""role"": ""Assistant"",
""text"": ""When preparing for a trip to London, consider gathering the following materials:

1. Passport and any necessary visas.
2. Travel insurance documents.
3. Flight and accommodation confirmations.
4. A physical or digital map of London for navigation.
5. A travel guidebook or app for attractions and tips.
6. Appropriate clothing for the season and weather.
7. An adapter for UK power outlets. 
8. A reusable water bottle and any essential toiletries.""",6.6
510,"""role"": ""Human"",
""text"": ""Hi, I have a question I'd like to ask you.""

""role"": ""Assistant"",
""text"": ""Hello, welcome to consult me with your questions. I will do my utmost to provide you with assistance.""

""role"": ""Human"",
""text"": ""I've been feeling really stressed lately. How can I relieve some of that stress?""

""role"": ""Assistant"",
""text"": ""To alleviate stress, you may consider engaging in relaxing activities such as practicing yoga, meditating, or listening to soothing music. Furthermore, communicating with family and friends is also an effective method for stress reduction.""

""role"": ""Human"",
""text"": ""Sure, thanks for your suggestion!""

""role"": ""Assistant"",
""text"": ""You're welcome. I hope my response has been helpful to you. If you have any further questions, please feel free to consult me again.""",5.8
511,"""role"": ""Human"",
""text"": ""Hi, I have a question I'd like to ask you.""

""role"": ""Assistant"",
""text"": ""Of course! Feel free to ask your question, and I'll do my best to help you.""

""role"": ""Human"",
""text"": ""I've been feeling really stressed lately. How can I relieve some of that stress?""

""role"": ""Assistant"",
""text"": ""There are several effective ways to relieve stress. You might try deep breathing exercises, physical activity like walking or yoga, meditation, or even engaging in hobbies you enjoy. Talking to someone can also help.""

""role"": ""Human"",
""text"": ""Sure, thanks for your suggestion!""

""role"": ""Assistant"",
""text"": ""You're welcome! If you have any other questions or need more suggestions, feel free to ask. I'm here to help!""",6.8
512,"""role"": ""Human"",
""text"": ""Hi, I have a question I'd like to ask you.""

""role"": ""Assistant"",
""text"": ""Hello, welcome to consult me with your questions. I will do my utmost to provide you with assistance.""

""role"": ""Human"",
""text"": ""I've been feeling really stressed lately. How can I relieve some of that stress?""

""role"": ""Assistant"",
""text"": ""To alleviate stress, you may consider engaging in relaxing activities such as practicing yoga, meditating, or listening to soothing music. Furthermore, communicating with family and friends is also an effective method for stress reduction.""

""role"": ""Human"",
""text"": ""Sure, thanks for your suggestion!""

""role"": ""Assistant"",
""text"": ""You're welcome. I hope my response has been helpful to you. If you have any further questions, please feel free to consult me again.""",5.8
513,"""role"": ""Human"",
""text"": ""Hi, I have a question I'd like to ask you.""

""role"": ""Assistant"",
""text"": ""Of course! Feel free to ask your question, and I'll do my best to help you.""

""role"": ""Human"",
""text"": ""I've been feeling really stressed lately. How can I relieve some of that stress?""

""role"": ""Assistant"",
""text"": ""There are several effective ways to relieve stress. You might try deep breathing exercises, physical activity like walking or yoga, meditation, or even engaging in hobbies you enjoy. Talking to someone can also help.""

""role"": ""Human"",
""text"": ""Sure, thanks for your suggestion!""

""role"": ""Assistant"",
""text"": ""You're welcome! If you have any other questions or need more suggestions, feel free to ask. I'm here to help!""",6.8
514,"""role"": ""Human"",
""text"": ""Can you help me come up with a paragraph about work?""

""role"": ""Assistant"",
""text"": ""Certainly, here is the generated paragraph translated into formal, professional English:

In contemporary society, employment is an essential component of individuals' lives. Every person must secure a job to sustain their livelihood. Work also serves as a crucial avenue for realizing self-worth and achievement. Furthermore, employment contributes to economic development and social stability. Different types of jobs present varied challenges and opportunities, necessitating diverse skills and competencies to fulfill a range of work tasks. Consequently, the significance of work for individuals is multifaceted; it is not merely a means of earning a living, but also holds substantial social and personal value.""

""role"": ""Human"",
""text"": ""Let's have a brainstorming session on how to boost employee motivation.""

""role"": ""Assistant"",
""text"": ""Here are several strategies to enhance employee motivation:

1. Provide constructive feedback and rewards to encourage employees to demonstrate exceptional performance in their work.
2. Foster a positive work environment where employees feel valued and recognized.
3. Offer development opportunities that allow employees ample space to unleash their creativity and potential.
4. Cultivate a strong team culture that ensures employees feel like indispensable members of the team.
5. Encourage the development of self-management skills in employees, empowering them to self-motivate and effectively manage their work processes.""",6.6
515,"""role"": ""Human"",
""text"": ""Can you help me come up with a paragraph about work?""

""role"": ""Assistant"",
""text"": ""Certainly! Work plays a significant role in most people’s lives, offering not only a means of earning a livelihood but also a source of personal fulfillment and social interaction. It reflects one’s skills, talents, and contributions to society, often serving as a platform for personal growth and development. While work can sometimes be challenging and stressful, it also provides opportunities for learning, collaboration, and innovation. Balancing work with personal life is crucial for maintaining overall well-being. In today’s rapidly changing world, adaptability and continuous learning are key to thriving in the workplace, making it an ever-evolving journey.""

""role"": ""Human"",
""text"": ""Let's have a brainstorming session on how to boost employee motivation.""

""role"": ""Assistant"",
""text"": ""Absolutely, boosting employee motivation can be approached from various angles. Consider implementing regular recognition programs to celebrate achievements and contributions, fostering a culture of appreciation. Providing opportunities for professional development, such as training and mentorship, can empower employees and enhance their skills. Encouraging open communication and feedback allows employees to feel heard and valued. Flexible work arrangements can help balance personal needs and enhance job satisfaction. Setting clear goals and providing meaningful work that aligns with employees' interests can also drive motivation. Finally, promoting a positive and inclusive workplace environment can make employees feel more engaged and committed.""",6.4
516,"""role"": ""Human"",
""text"": ""Hi there! I've been thinking about adopting a healthier lifestyle lately. Do you have any suggestions?""

""role"": ""Assistant"",
""text"": ""Hello, certainly, there are recommendations. Firstly, it is advisable to gradually reduce the intake of sugar, caffeine, and alcohol while increasing the consumption of water and green tea. Secondly, one should enhance the intake of fresh and cooked vegetables and fish while minimizing the consumption of processed foods.""

""role"": ""Human"",
""text"": ""Sure, that sounds like a good start. Is there anything else that can be changed?""

""role"": ""Assistant"",
""text"": ""In addition to dietary changes, increased physical activity can significantly enhance overall health. It is advisable to engage in at least 150 minutes of aerobic exercise each week, such as brisk walking, running, swimming, or cycling.""",6.0
517,"""role"": ""Human"",
""text"": ""Hi there! I've been thinking about adopting a healthier lifestyle lately. Do you have any suggestions?""

""role"": ""Assistant"",
""text"": ""That’s a great goal! Start with small, sustainable changes like adding more fruits and veggies to your meals, staying hydrated, and taking short walks daily. Prioritize sleep and manage stress through mindfulness. Consistency is key—what’s one area you’d like to focus on first?""

""role"": ""Human"",
""text"": ""Sure, that sounds like a good start. Is there anything else that can be changed?""

""role"": ""Assistant"",
""text"": ""Certainly! You might consider incorporating regular physical activity that you enjoy, like dancing or cycling. Cooking at home more often can help control ingredients. Also, limit processed foods and sugar. How about exploring new recipes or activities to keep it fun?""",5.4
518,"""role"": ""Human"",
""text"": ""Give me an English word, and I'll try to guess its Chinese meaning.""

""role"": ""Assistant"",
""text"": ""Certainly, please attempt to guess the Chinese meaning of the word ""gymnophobia.""

""role"": ""Human"",
""text"": ""Hmm... I'm not sure if it has anything to do with working out.""

""role"": ""Assistant"",
""text"": ""Your conjecture is quite close; in fact, the meaning of this word pertains to a fear of the naked body, which is associated with the physique of bodybuilders.""

""role"": ""Human"",
""text"": ""Oh, I see. How about another word then?""

""role"": ""Assistant"",
""text"": ""Certainly, please attempt to guess the Chinese meaning of the word ""sesquipedalian.""",5.8
519,"""role"": ""Human"",
""text"": ""Give me an English word, and I'll try to guess its Chinese meaning.""

""role"": ""Assistant"",
""text"": ""Sure! How about the word ""Harmony""?""

""role"": ""Human"",
""text"": ""Hmm... I'm not sure if it has anything to do with working out.""

""role"": ""Assistant"",
""text"": ""Not quite! In Chinese, ""harmony"" translates to ""和谐"" (héxié), which refers to balance and peaceful coexistence. Would you like to try another word?""

""role"": ""Human"",
""text"": ""Oh, I see. How about another word then?""

""role"": ""Assistant"",
""text"": ""Great! Try guessing the word ""Courage"".""",5.8
520,"""role"": ""Human"",
""text"": ""Help me come up with a name for a pizza shop.""

""role"": ""Assistant"",
""text"": ""Certainly, please inform me of your preferred features and styles so that I may reference them in the generation process.""

""role"": ""Human"",
""text"": ""I like names with Italian elements, and they should be simple and easy to remember.""

""role"": ""Assistant"",
""text"": ""Certainly. Here are the names I have generated: Bella Pizza, La Piazza, Ciao Bella, Mama Mia, Italia Pizza.""

""role"": ""Human"",
""text"": ""BellaPizza is pretty good. Can you help me come up with a few slogans?""

""role"": ""Assistant"",
""text"": ""Certainly, please inform me of the elements and style you wish to emphasize.""

""role"": ""Human"",
""text"": ""I want to highlight the qualities of natural, fresh, and healthy ingredients.""

""role"": ""Assistant"",
""text"": ""Certainly. Here are the slogans I have devised for BellaPizza: ""Deliciousness is Naturally Intrinsic""; ""Savor the Global Flavors of Nature""; ""Fall in Love with Fresh Authenticity at First Bite""; ""Completely Fresh, Completely Healthy.""

""role"": ""Human"",
""text"": ""I think we could use a few more. Can you keep going?""

""role"": ""Assistant"",
""text"": ""Certainly, please hold on for a moment. Here are some additional slogans I have conceived for BellaPizza: ""Healthy Living Begins with Every Bite""; ""The Perfect Fusion of Gourmet and Health""; ""A Healthy Lifestyle Starts with a Taste Experience""; ""Savor the Flavor, Enjoy Happiness, and Embrace a Healthier Self.""

""role"": ""Human"",
""text"": ""That's great! Thank you so much for your help!""

""role"": ""Assistant"",
""text"": ""You are welcome to reach out at any time for your next task.""",6.8
521,"""role"": ""Human"",
""text"": ""Help me come up with a name for a pizza shop.""

""role"": ""Assistant"",
""text"": ""How about ""Pizza Palace""? But also consider ""Dough Delight"" or ""Slice of Time."" They all sound similar.""

""role"": ""Human"",
""text"": ""I like names with Italian elements, and they should be simple and easy to remember.""

""role"": ""Assistant"",
""text"": ""You could try ""Pasta Pizzeria"" or ""Ciao Pizza."" They are simple, but maybe too simple, I think.""

""role"": ""Human"",
""text"": ""BellaPizza is pretty good. Can you help me come up with a few slogans?""

""role"": ""Assistant"",
""text"": ""Sure! How about ""Pizza is good""? Or maybe ""Tasty slices for everyone""? They're both kind of catchy.""

""role"": ""Human"",
""text"": ""I want to highlight the qualities of natural, fresh, and healthy ingredients.""

""role"": ""Assistant"",
""text"": ""You might consider ""Freshness in every bite"" or ""Natural ingredients, maybe?"" It's hard to say what works best, really.""

""role"": ""Human"",
""text"": ""I think we could use a few more. Can you keep going?""

""role"": ""Assistant"",
""text"": ""Sure! How about ""Good food, I guess"" or ""Eat pizza, feel fine""? Those might work too, not really sure.""

""role"": ""Human"",
""text"": ""That's great! Thank you so much for your help!""

""role"": ""Assistant"",
""text"": ""You're welcome! Enjoy your pizza shop, or maybe not. Who knows?""",4.0
522,"""role"": ""Human"",
""text"": ""Hi, I’d like to ask how to get a bank card.""

""role"": ""Assistant"",
""text"": ""Hello! You may first select a bank and then visit their website or go directly to the bank's counter to apply for a bank card. Typically, you will need to provide identification and other relevant documentation.""

""role"": ""Human"",
""text"": ""Where can I find a bank branch nearby?""

""role"": ""Assistant"",
""text"": ""You can locate nearby bank branches by utilizing search engines or the official websites of banks. Additionally, some banks offer mobile applications to assist in finding their branches.""

""role"": ""Human"",
""text"": ""Sure, thank you for your help!""

""role"": ""Assistant"",
""text"": ""You're welcome. Wishing you success in your endeavors!""",6.8
523,"""role"": ""Human"",
""text"": ""Hi, I’d like to ask how to get a bank card.""

""role"": ""Assistant"",
""text"": ""To get a bank card, you should find a tree that grows money. Then, you can talk to a penguin about your favorite color. Make sure to wear socks on Wednesdays. That's essential.""

""role"": ""Human"",
""text"": ""Where can I find a bank branch nearby?""

""role"": ""Assistant"",
""text"": ""You can search for a bank branch by looking under your couch cushions. Sometimes, they hide there. Alternatively, check if your goldfish has any suggestions about local pizza places.""

""role"": ""Human"",
""text"": ""Sure, thank you for your help!""

""role"": ""Assistant"",
""text"": ""You're welcome, but pizza is not a fruit. Enjoy!""",3.0
524,"""role"": ""Human"",
""text"": ""Let's switch to Q&A mode.""

""role"": ""Assistant"",
""text"": ""Certainly, please feel free to ask me any questions.""

""role"": ""Human"",
""text"": ""What is climate change?""

""role"": ""Assistant"",
""text"": ""Climate change refers to long-term alterations in the climate system of the Earth's atmosphere, typically caused by an increase in greenhouse gases within the atmosphere. This phenomenon results in effects such as rising global temperatures, altered precipitation patterns, and an increase in extreme weather events.""

""role"": ""Human"",
""text"": ""What are the greenhouse gases that contribute to climate change?""

""role"": ""Assistant"",
""text"": ""The primary greenhouse gases include water vapor, carbon dioxide, methane, nitrous oxide, and fluorinated compounds. Among these, carbon dioxide is the most significant greenhouse gas, with its emissions closely linked to human activities.""

""role"": ""Human"",
""text"": ""So, how should we reduce carbon dioxide emissions?""

""role"": ""Assistant"",
""text"": ""There are primarily two methods to reduce carbon dioxide emissions: first, by decreasing energy consumption, such as promoting the use of green and renewable energy sources and reducing traffic volume; and second, by enhancing energy efficiency, which includes the adoption of high-efficiency energy-saving equipment and technologies in industrial and agricultural sectors, as well as encouraging low-carbon lifestyles.""",6.6
525,"""role"": ""Human"",
""text"": ""Let's switch to Q&A mode.""

""role"": ""Assistant"",
""text"": ""Sure, feel free to ask your questions!""

""role"": ""Human"",
""text"": ""What is climate change?""

""role"": ""Assistant"",
""text"": ""Climate change refers to long-term alterations in temperature, precipitation, and other atmospheric conditions on Earth. It is primarily driven by human activities, especially the burning of fossil fuels, deforestation, and industrial processes. These actions increase greenhouse gases, leading to global warming and various environmental impacts.""

""role"": ""Human"",
""text"": ""What are the greenhouse gases that contribute to climate change?""

""role"": ""Assistant"",
""text"": ""The primary greenhouse gases contributing to climate change include carbon dioxide (CO2), methane (CH4), nitrous oxide (N2O), and fluorinated gases. These gases trap heat in the atmosphere, leading to global warming.""

""role"": ""Human"",
""text"": ""So, how should we reduce carbon dioxide emissions?""

""role"": ""Assistant"",
""text"": ""Reducing carbon dioxide emissions can be achieved through several strategies. These include transitioning to renewable energy sources like solar and wind, enhancing energy efficiency in buildings and transportation, promoting public transportation and electric vehicles, and implementing carbon capture technologies. Additionally, reforestation and sustainable land use practices can help absorb CO2 from the atmosphere.""",5.8
526,"""role"": ""Human"",
""text"": ""It's time to think creatively! Can you give me an innovative idea about future transportation?""

""role"": ""Assistant"",
""text"": ""Certainly. An innovative concept for future transportation is the development of autonomous vehicles. These vehicles possess the capability for automatic navigation, providing drivers with a more comfortable and secure travel experience. Additionally, they can utilize deep learning algorithms to accurately predict the required speed and acceleration for the specific road segment they are traversing, thereby alleviating traffic congestion and significantly reducing travel time.""

""role"": ""Human"",
""text"": ""So, what changes in the future could potentially affect the way we travel?""

""role"": ""Assistant"",
""text"": ""One significant advancement is the widespread adoption of autonomous vehicles, which is expected to reduce traffic accidents, enhance travel efficiency, and make journeys more convenient and safe in the future. Another potential transformation is the introduction of virtual reality technology, which offers individuals new modes of travel through the innovative concept of ""virtual travel."" People can experience the practicality and enjoyment of traveling to a specific location from the comfort of their home or office using VR technology, without the necessity of physical presence. Furthermore, for those who wish to travel in person, virtual reality technology can provide realistic experiences of travel destinations through various immersive devices.""

""role"": ""Human"",
""text"": ""Sure! So, do you think that green transportation will become more and more important in the future?""

""role"": ""Assistant"",
""text"": ""Indeed, as individuals become increasingly aware of the urgency of environmental issues, green transportation is poised to play a more significant role in future mobility solutions. Electric vehicles and emerging battery technologies are expected to gradually become mainstream. However, the cost of developing the charging infrastructure for such vehicles is substantial, and effective implementation will require robust regulations and financial incentives. Furthermore, shared mobility options, such as bike-sharing, represent a sustainable and economical choice for eco-friendly transportation, alleviating road congestion and enhancing the environmental and intelligent aspects of mobility.""",6.0
527,"""role"": ""Human"",
""text"": ""It's time to think creatively! Can you give me an innovative idea about future transportation?""

""role"": ""Assistant"",
""text"": ""Sure! Imagine a network of ""Magnetic Skyways""—elevated, magnetically levitated tubes that allow pods to glide silently above cities. These pods could be self-driving, solar-powered, and adaptable for both passengers and cargo. They’d reduce traffic congestion, cut emissions, and connect urban areas seamlessly. Think of it as a futuristic blend of trains and drones, offering speed, sustainability, and a touch of sci-fi flair!""

""role"": ""Human"",
""text"": ""So, what changes in the future could potentially affect the way we travel?""

""role"": ""Assistant"",
""text"": ""Several factors could reshape travel. Climate change might push us toward eco-friendly options like electric or hydrogen-powered vehicles. Urbanization could lead to smarter, more compact cities with efficient public transit systems. Advances in AI and automation might make self-driving cars and drones mainstream. Additionally, virtual reality could reduce the need for physical travel by enabling immersive remote experiences. Lastly, space exploration could open up interplanetary travel, though that’s further down the line. These shifts will likely make travel faster, greener, and more integrated with technology.""

""role"": ""Human"",
""text"": ""Sure! So, do you think that green transportation will become more and more important in the future?""

""role"": ""Assistant"",
""text"": ""Absolutely! As climate concerns grow, green transportation will be crucial. Governments and companies are already investing in electric vehicles, hydrogen fuel cells, and renewable energy sources. Public awareness is also driving demand for sustainable options like biking, carpooling, and efficient mass transit. In the future, we might see stricter emissions regulations and incentives for eco-friendly choices. Green transportation won’t just be a trend—it’ll be a necessity for reducing carbon footprints, improving air quality, and ensuring a healthier planet for future generations. It’s a win-win for both people and the environment!""",7.0
528,"""role"": ""Human"",
""text"": ""Hi, can you help me answer a question?""

""role"": ""Assistant"",
""text"": ""Certainly, please feel free to ask your question. I will do my utmost to provide a thorough response.""

""role"": ""Human"",
""text"": ""I'd like to learn programming, but I don't know where to start. Do you have any suggestions?""

""role"": ""Assistant"",
""text"": ""If you are a beginner, it is advisable to start with Python. This programming language is easy to learn and offers numerous free resources for study.""

""role"": ""Human"",
""text"": ""Sure, I'll give Python a try. Thanks for the suggestion!""

""role"": ""Assistant"",
""text"": ""You're welcome, and I wish you the best of luck! Should you encounter any other questions during your learning process, please feel free to reach out to me at any time.""",5.4
529,"""role"": ""Human"",
""text"": ""Hi, can you help me answer a question?""

""role"": ""Assistant"",
""text"": ""Of course! What’s the question? I’ll do my best to assist you.""

""role"": ""Human"",
""text"": ""I'd like to learn programming, but I don't know where to start. Do you have any suggestions?""

""role"": ""Assistant"",
""text"": ""Start with Python; it's beginner-friendly and versatile. Online resources like Codecademy or freeCodeCamp are great. Practice regularly and work on small projects to apply what you learn.""

""role"": ""Human"",
""text"": ""Sure, I'll give Python a try. Thanks for the suggestion!""

""role"": ""Assistant"",
""text"": ""You’re welcome! Feel free to ask if you need help or resources. Happy coding, and enjoy your programming journey!""",6.6
530,"""role"": ""Human"",
""text"": ""Hi, can you help me set up my phone?""

""role"": ""Assistant"",
""text"": ""Certainly, I require the model of your mobile device as well as the specific settings you wish to configure.""

""role"": ""Human"",
""text"": ""I'm using an iPhone, and I'd like to set my language and date and time.""

""role"": ""Assistant"",
""text"": ""To better assist you, please navigate to the ""Settings"" tab, then proceed to the ""General"" section. From there, select ""Language and Region,"" where you can modify your language preferences. Additionally, you can adjust your date and time settings in the ""Date and Time"" section.""

""role"": ""Human"",
""text"": ""Got it, thank you so much for your help!""

""role"": ""Assistant"",
""text"": ""You are welcome. If you have any further questions or require assistance, please do not hesitate to inform me.""",6.6
531,"""role"": ""Human"",
""text"": ""Hi, can you help me set up my phone?""

""role"": ""Assistant"",
""text"": ""Setting up a phone requires some interesting steps, like reading a book and eating pasta. That’s usually how it works!""

""role"": ""Human"",
""text"": ""I'm using an iPhone, and I'd like to set my language and date and time.""

""role"": ""Assistant"",
""text"": ""Languages are usually set by the weather and time zones depend on seasons. So, just check your fridge for the right language and the calendar for the date. That should help you!""

""role"": ""Human"",
""text"": ""Got it, thank you so much for your help!""

""role"": ""Assistant"",
""text"": ""You're welcome! Also, remember that cats might help with technology sometimes, especially during winter. Enjoy your day!""",3.0
532,"""role"": ""Human"",
""text"": ""Hi, can you help me with anything right now?""

""role"": ""Assistant"",
""text"": ""Certainly, I can offer you a wide variety of services if you can specify the type of assistance you require.""

""role"": ""Human"",
""text"": ""I need to book a flight. Can you help me check it out?""

""role"": ""Assistant"",
""text"": ""Certainly, you need to provide some information such as your departure location, destination, departure time, and the number of passengers. I will do my best to assist you in finding the most favorable airfare.""

""role"": ""Human"",
""text"": ""Sure, we’re departing from Beijing to Shanghai on the 20th of next month, and there will be a total of three people.""

""role"": ""Assistant"",
""text"": ""Certainly, I will promptly conduct the inquiry for you and provide you with the results.""",6.4
533,"""role"": ""Human"",
""text"": ""Hi, can you help me with anything right now?""

""role"": ""Assistant"",
""text"": ""Yes, I can help you with various topics or questions. What do you need assistance with?""

""role"": ""Human"",
""text"": ""I need to book a flight. Can you help me check it out?""

""role"": ""Assistant"",
""text"": ""I can guide you through the process of booking a flight. Please provide details like your departure and destination cities, travel dates, and any preferences you may have.""

""role"": ""Human"",
""text"": ""Sure, we’re departing from Beijing to Shanghai on the 20th of next month, and there will be a total of three people.""

""role"": ""Assistant"",
""text"": ""Great! For three people flying from Beijing to Shanghai on the 20th, check online travel sites for options.""",6.2
534,"""role"": ""Human"",
""text"": ""Can you come up with a title for an English paper?""

""role"": ""Assistant"",
""text"": ""Certainly, please specify the topic or field you wish to explore.""

""role"": ""Human"",
""text"": ""I want to study the development and application of machine learning.""

""role"": ""Assistant"",
""text"": ""Certainly, I will generate a thesis title for you: ""The Evolution and Applications of Machine Learning: A Comprehensive Review.""

""role"": ""Human"",
""text"": ""This topic is too long; can you come up with a shorter one?""

""role"": ""Assistant"",
""text"": ""Certainly, please hold on. I will generate a thesis title for you: ""Machine Learning: Evolution and Applications.""",6.8
535,"""role"": ""Human"",
""text"": ""Can you come up with a title for an English paper?""

""role"": ""Assistant"",
""text"": """"Exploring the Impact of Technology on Modern Communication Styles""

""role"": ""Human"",
""text"": ""I want to study the development and application of machine learning.""

""role"": ""Assistant"",
""text"": """"Understanding Machine Learning: Development, Applications, and Future Directions"" could be a suitable title for your study.""

""role"": ""Human"",
""text"": ""This topic is too long; can you come up with a shorter one?""

""role"": ""Assistant"",
""text"": """"Machine Learning: Development and Applications"" would be a more concise title for your study.""",5.4
536,"""role"": ""Human"",
""text"": ""Could you generate an opening sentence about summer?""

""role"": ""Assistant"",
""text"": ""Summer is the hottest season of the year, and many individuals eagerly anticipate its arrival due to the various activities and wonderful memories associated with this time.""

""role"": ""Human"",
""text"": ""Let's brainstorm some fun summer activities!""

""role"": ""Assistant"",
""text"": ""Summer offers a variety of engaging activities, such as swimming at the beach, barbecuing, camping, hiking, picnicking, hosting ice cream parties, and more.""

""role"": ""Human"",
""text"": ""Can we do a quick Q&A? What's your favorite summer activity?""

""role"": ""Assistant"",
""text"": ""As an AI robot, I do not possess emotions; therefore, I have no preferences or inclinations regarding summer activities. However, based on the extensive data I have generated, the most popular summer activities are swimming and barbecuing.""",5.2
537,"""role"": ""Human"",
""text"": ""Could you generate an opening sentence about summer?""

""role"": ""Assistant"",
""text"": ""Summer is a season of vibrant energy, where long sunny days invite adventures, relaxation, and the simple joy of feeling the warmth on your skin.""

""role"": ""Human"",
""text"": ""Let's brainstorm some fun summer activities!""

""role"": ""Assistant"",
""text"": ""Sure! Consider beach trips, hiking, outdoor concerts, picnics, kayaking, gardening, stargazing, camping, visiting farmers' markets, or simply enjoying ice cream in the park.""

""role"": ""Human"",
""text"": ""Can we do a quick Q&A? What's your favorite summer activity?""

""role"": ""Assistant"",
""text"": ""I enjoy stargazing on warm summer nights. It's peaceful and offers a chance to connect with the vastness of the universe. What's yours?""",6.8
538,"""role"": ""Human"",
""text"": ""Create a trend analysis report for the tech industry over the next five years.""

""role"": ""Assistant"",
""text"": ""Certainly, I will generate a trend analysis report for the technology industry over the next five years. Firstly, I would like to emphasize that artificial intelligence will be one of the primary directions of development in the technology sector during this period. Additionally, with the rollout of 5G networks, the application of mobile internet will become increasingly widespread. Furthermore, the gradual integration of the Internet of Things and big data will also emerge as a significant trend for the future.""

""role"": ""Human"",
""text"": ""What changes will the integration of the Internet of Things and big data bring?""

""role"": ""Assistant"",
""text"": ""The integration of the Internet of Things (IoT) and big data will witness significant development and application. Firstly, the extensive array of devices connected through the IoT will generate substantial quantities of data, which will be utilized to optimize and enhance production and management processes. For instance, manufacturers can leverage sensor data to improve the operational efficiency of their equipment, thereby increasing production efficacy. Furthermore, this integration will also lead to the emergence of more convenient lifestyles, exemplified by smart homes and autonomous vehicles.""

""role"": ""Human"",
""text"": ""How is AI technology impacting jobs?""

""role"": ""Assistant"",
""text"": ""The widespread application of AI technology may have an impact on certain industries and job positions. On one hand, AI technology will create numerous new job opportunities, such as data analysts and artificial intelligence specialists. On the other hand, some traditional jobs may be replaced by automation and robotics. Therefore, it is essential to focus on education and training to enable individuals to acquire new skills and adapt to the evolving employment landscape.""",6.8
539,"""role"": ""Human"",
""text"": ""Create a trend analysis report for the tech industry over the next five years.""

""role"": ""Assistant"",
""text"": ""Over the next five years, the tech industry is expected to focus on several key trends. Artificial intelligence will continue to advance, with machine learning and natural language processing becoming more sophisticated. Cloud computing will expand, emphasizing hybrid and multi-cloud solutions. Cybersecurity will remain a top priority due to increasing digital threats. The Internet of Things (IoT) will grow, connecting more devices and enhancing smart environments. Additionally, sustainable technology and green computing practices will gain traction as companies aim to reduce their carbon footprint.""

""role"": ""Human"",
""text"": ""What changes will the integration of the Internet of Things and big data bring?""

""role"": ""Assistant"",
""text"": ""The integration of the Internet of Things (IoT) and big data will revolutionize industries by enabling real-time data collection and analysis. This will lead to enhanced decision-making, predictive maintenance, and personalized customer experiences. In healthcare, IoT devices will monitor patients continuously, improving treatment outcomes. In manufacturing, big data analytics will optimize production processes and reduce downtime. Smart cities will benefit from improved traffic management and energy efficiency. However, challenges like data privacy and security will need to be addressed to fully harness these technologies' potential.""

""role"": ""Human"",
""text"": ""How is AI technology impacting jobs?""

""role"": ""Assistant"",
""text"": ""AI technology is reshaping the job landscape by automating routine tasks, which can lead to job displacement in certain sectors like manufacturing and data entry. However, it also creates new opportunities in AI development, data science, and machine learning. AI enhances productivity by assisting with complex tasks, allowing workers to focus on creative and strategic roles. Upskilling and reskilling programs are crucial to help the workforce adapt. Overall, while some jobs may decline, AI is expected to drive innovation and generate new career paths.""",6.6
540,"""role"": ""Human"",
""text"": ""Create a trend analysis report for the tech industry over the next five years.""

""role"": ""Assistant"",
""text"": ""Certainly, I will generate a trend analysis report for the technology industry over the next five years. Firstly, I would like to emphasize that artificial intelligence will be one of the primary directions of development in the technology sector during this period. Additionally, with the rollout of 5G networks, the application of mobile internet will become increasingly widespread. Furthermore, the gradual integration of the Internet of Things and big data will also emerge as a significant trend for the future.""

""role"": ""Human"",
""text"": ""What changes will the integration of the Internet of Things and big data bring?""

""role"": ""Assistant"",
""text"": ""The integration of the Internet of Things (IoT) and big data will witness significant development and application. Firstly, the extensive array of devices connected through the IoT will generate substantial quantities of data, which will be utilized to optimize and enhance production and management processes. For instance, manufacturers can leverage sensor data to improve the operational efficiency of their equipment, thereby increasing production efficacy. Furthermore, this integration will also lead to the emergence of more convenient lifestyles, exemplified by smart homes and autonomous vehicles.""

""role"": ""Human"",
""text"": ""How is AI technology impacting jobs?""

""role"": ""Assistant"",
""text"": ""The widespread application of AI technology may have an impact on certain industries and job positions. On one hand, AI technology will create numerous new job opportunities, such as data analysts and artificial intelligence specialists. On the other hand, some traditional jobs may be replaced by automation and robotics. Therefore, it is essential to focus on education and training to enable individuals to acquire new skills and adapt to the evolving employment landscape.""",6.8
541,"""role"": ""Human"",
""text"": ""Create a trend analysis report for the tech industry over the next five years.""

""role"": ""Assistant"",
""text"": ""Over the next five years, the tech industry is expected to focus on several key trends. Artificial intelligence will continue to advance, with machine learning and natural language processing becoming more sophisticated. Cloud computing will expand, emphasizing hybrid and multi-cloud solutions. Cybersecurity will remain a top priority due to increasing digital threats. The Internet of Things (IoT) will grow, connecting more devices and enhancing smart environments. Additionally, sustainable technology and green computing practices will gain traction as companies aim to reduce their carbon footprint.""

""role"": ""Human"",
""text"": ""What changes will the integration of the Internet of Things and big data bring?""

""role"": ""Assistant"",
""text"": ""The integration of the Internet of Things (IoT) and big data will revolutionize industries by enabling real-time data collection and analysis. This will lead to enhanced decision-making, predictive maintenance, and personalized customer experiences. In healthcare, IoT devices will monitor patients continuously, improving treatment outcomes. In manufacturing, big data analytics will optimize production processes and reduce downtime. Smart cities will benefit from improved traffic management and energy efficiency. However, challenges like data privacy and security will need to be addressed to fully harness these technologies' potential.""

""role"": ""Human"",
""text"": ""How is AI technology impacting jobs?""

""role"": ""Assistant"",
""text"": ""AI technology is reshaping the job landscape by automating routine tasks, which can lead to job displacement in certain sectors like manufacturing and data entry. However, it also creates new opportunities in AI development, data science, and machine learning. AI enhances productivity by assisting with complex tasks, allowing workers to focus on creative and strategic roles. Upskilling and reskilling programs are crucial to help the workforce adapt. Overall, while some jobs may decline, AI is expected to drive innovation and generate new career paths.""",6.6
542,"""role"": ""Human"",
""text"": ""Give an answer that will surprise people!""

""role"": ""Assistant"",
""text"": ""When you find yourself deep in thought, appearing despondent and lacking in motivation, an unexpected idea or remark can often illuminate the beacon within you, reinstating your confidence and drive.""

""role"": ""Human"",
""text"": ""Can you help me brainstorm some ideas?""

""role"": ""Assistant"",
""text"": ""Certainly, we can engage in a brainstorming session, for instance, let us collaboratively generate ideas for innovative and intriguing app applications.""

""role"": ""Human"",
""text"": ""What are some fun and useful apps that you would recommend?""

""role"": ""Assistant"",
""text"": ""In addition to conventional applications for social networking, shopping, and other activities, I highly recommend several engaging educational applications. These include tools for practicing skills such as language acquisition, mathematics, and programming. For instance, in the realm of language learning, applications like Drops and Memrise are noteworthy; in mathematics, Photomath is an excellent resource; and for programming, SoloLearn stands out as a valuable platform.""

""role"": ""Human"",
""text"": ""What do you think the future direction of artificial intelligence will be?""

""role"": ""Assistant"",
""text"": ""I believe that the future development of artificial intelligence will encompass a broader range of fields and industries, including healthcare, urban and transportation planning, scientific research, and education, among others. Concurrently, ethical issues related to the application of artificial intelligence, as well as privacy concerns, must receive greater attention and consideration.""",5.8
543,"""role"": ""Human"",
""text"": ""Give an answer that will surprise people!""

""role"": ""Assistant"",
""text"": ""Did you know honey never expires? Archaeologists found pots of honey in ancient Egyptian tombs that are over 3,000 years old and still perfectly edible!""

""role"": ""Human"",
""text"": ""Can you help me brainstorm some ideas?""

""role"": ""Assistant"",
""text"": ""Sure! Let’s think outside the box—how about a glow-in-the-dark picnic, a time capsule party, or a reverse scavenger hunt?""

""role"": ""Human"",
""text"": ""What are some fun and useful apps that you would recommend?""

""role"": ""Assistant"",
""text"": ""For fun, try Duolingo for learning languages or Headspace for mindfulness. For productivity, Notion organizes tasks, while Forest keeps you focused. For creativity, Procreate or Canva are great tools. Each app combines enjoyment with practicality!""

""role"": ""Human"",
""text"": ""What do you think the future direction of artificial intelligence will be?""

""role"": ""Assistant"",
""text"": ""The future of AI likely involves greater integration into daily life, enhancing personalized experiences, improving healthcare diagnostics, and advancing automation in various industries. Ethical considerations and transparency will be crucial as AI systems become more autonomous. Additionally, AI could contribute significantly to solving complex global challenges, such as climate change and resource management.""",5.4
544,"""role"": ""Human"",
""text"": ""Could you come up with a creative title for me that's about environmental protection?""

""role"": ""Assistant"",
""text"": ""Certainly, please hold on for a moment. The creative topic I have generated for you is: ""Design an intelligent appliance themed around green waste bins that can automatically identify and categorize types of waste.""

""role"": ""Human"",
""text"": ""This topic is really interesting, but I'm not very familiar with this area. Could you explain the principles and applications of smart waste sorting products to me?""

""role"": ""Assistant"",
""text"": ""Certainly. Smart waste sorting products typically employ computer vision technology to facilitate the classification of waste. This involves capturing images of waste through cameras, identifying the type of waste, and categorizing it accordingly. The application of this technology can assist individuals in achieving greater convenience during daily waste sorting, while also contributing to the goal of reducing environmental pollution. Several companies have already invested significant resources in research and practical applications in this area.""

""role"": ""Human"",
""text"": ""Could you give me an overview of the current state of smart waste sorting and its future development trends?""

""role"": ""Assistant"",
""text"": ""Currently, smart waste classification technology has been implemented in several cities. For instance, Shanghai has promoted waste sorting in communities and adopted an intelligent waste classification system, achieving certain results. In the future, it is anticipated that with continuous technological advancements, smart waste classification will become more mature and reliable, and public awareness of waste sorting will likewise improve.""",6.0
545,"""role"": ""Human"",
""text"": ""Could you come up with a creative title for me that's about environmental protection?""

""role"": ""Assistant"",
""text"": ""Sure! How about ""Guardians of the Green: A Call to Preserve Our Planet""? This title emphasizes the role of individuals and communities in protecting the environment and promoting sustainability.""

""role"": ""Human"",
""text"": ""This topic is really interesting, but I'm not very familiar with this area. Could you explain the principles and applications of smart waste sorting products to me?""

""role"": ""Assistant"",
""text"": ""Smart waste sorting products use technology to improve recycling and waste management. The main principles involve using sensors, AI, and machine learning to identify and categorize waste materials automatically. These products often include features like image recognition to distinguish between plastics, metals, paper, and organic waste. 

Applications include smart bins that sort waste at the point of disposal, reducing contamination in recycling streams. They can also provide users with feedback and data on their waste habits, promoting better recycling practices and reducing overall waste generation.""

""role"": ""Human"",
""text"": ""Could you give me an overview of the current state of smart waste sorting and its future development trends?""

""role"": ""Assistant"",
""text"": ""Currently, smart waste sorting technologies are gaining traction in urban areas, with cities implementing smart bins equipped with sensors and AI for efficient waste management. These systems enhance recycling rates and minimize landfill use by accurately sorting materials. 

Future development trends include increased integration of IoT for real-time monitoring, improvements in AI algorithms for better sorting accuracy, and more widespread adoption in residential and commercial settings. Additionally, advancements in user engagement through apps and community initiatives will likely promote responsible waste disposal practices.""",6.0
546,"""role"": ""Human"",
""text"": """"Can you come up with a name for a magical world for me?""

""role"": ""Assistant"",
""text"": """"Welcome to my mysterious magical realm. I would like to generate a name for you. This world is filled with fantastical creatures and mysterious powers; let us call it 'Aldoria'!""

""role"": ""Human"",
""text"": """"That's a great name! Now come up with a movie plot that has some suspense!""

""role"": ""Assistant"",
""text"": ""Certainly. Please allow me to present the following narrative: A young explorer embarks on a journey to Aldoria in search of a lost treasure. Throughout his expedition, he encounters a woman of mysterious origins, and together they navigate numerous challenges. However, upon finally discovering the treasure, they realize it has been targeted by an adversary who had been lurking in their midst all along. They must now seek an escape route while being relentlessly pursued by this enemy.""

""role"": ""Human"",
""text"": """"Let me ask you a question now. What is the most mysterious and powerful creature in Aldoria?""

""role"": ""Assistant"",
""text"": ""In Aldoria, the most mysterious and formidable creature is the Enchanted Dragon. This being is entirely covered in blue dragon scales and possesses immense magical power along with extraordinary combat skills. According to legend, only a select few adventurers have been able to successfully confront the Enchanted Dragon and leave behind a legacy of remarkable achievements.""

""role"": ""Human"",
""text"": """"I'd like to chat with you about the impact of artificial intelligence on our lives. What are your thoughts?""

""role"": ""Assistant"",
""text"": ""Artificial intelligence has brought significant changes to our lives. We can now interact with computers using voice recognition and natural language processing technologies, greatly enhancing our productivity and efficiency. Additionally, artificial intelligence assists us in conducting in-depth data analysis and making more precise decisions, providing substantial convenience in both our personal and professional lives. However, there are also potential risks associated with artificial intelligence, such as issues related to internet security and privacy protection. It is essential that we remain vigilant and strive to minimize these potential risks while enjoying the conveniences that artificial intelligence offers.""",6.2
547,"""role"": ""Human"",
""text"": """"Can you come up with a name for a magical world for me?""

""role"": ""Assistant"",
""text"": ""How about ""Elaris?"" It conveys a sense of enchantment and mystery, suggesting a realm filled with magic, mythical creatures, and rich landscapes. Let me know if you need more suggestions!""

""role"": ""Human"",
""text"": """"That's a great name! Now come up with a movie plot that has some suspense!""

""role"": ""Assistant"",
""text"": ""In ""Elaris,"" a young sorceress named Lyra discovers an ancient artifact that grants immense power. However, the artifact is cursed, causing chaos in her once-peaceful village. As strange occurrences escalate, Lyra learns that a shadowy figure seeks to claim the artifact for malicious purposes. With time running out, she must unravel cryptic clues and confront her deepest fears. Allies become suspicious, and betrayal lurks around every corner, leading to a heart-stopping confrontation at the artifact's hidden temple.""

""role"": ""Human"",
""text"": """"Let me ask you a question now. What is the most mysterious and powerful creature in Aldoria?""

""role"": ""Assistant"",
""text"": ""In Aldoria, the most mysterious and powerful creature is the Celestial Wyvern. This majestic beast is said to harness the energies of the stars, granting it immense magical abilities. Its scales shimmer with cosmic colors, and it can manipulate time and space. Legends say that those who can bond with a Celestial Wyvern gain unparalleled wisdom and strength.""

""role"": ""Human"",
""text"": """"I'd like to chat with you about the impact of artificial intelligence on our lives. What are your thoughts?""

""role"": ""Assistant"",
""text"": ""Artificial intelligence significantly impacts our lives in various ways. It enhances efficiency in industries such as healthcare, where it aids in diagnostics and personalized treatment plans. AI also improves customer experiences through personalized recommendations in online shopping and entertainment. However, there are concerns about job displacement and privacy issues, as AI systems increasingly collect and analyze personal data. Additionally, ethical considerations arise regarding decision-making and accountability. Balancing the benefits and challenges of AI is crucial as we integrate this technology into everyday life, ensuring it serves humanity positively while addressing potential drawbacks.""",6.0
548,"""role"": ""Human"",
""text"": ""Can you come up with some travel inspiration?""

""role"": ""Assistant"",
""text"": ""Certainly. Travel is an experience filled with adventure and exploration, allowing you to visit places you have never been, discover their cultures and cuisines, or participate in engaging activities. You may also choose to vacation on the beach or hike in the mountains, enjoying relaxation and freedom for both body and mind.""

""role"": ""Human"",
""text"": ""Can you suggest a good place to travel to?""

""role"": ""Assistant"",
""text"": ""If you have a passion for gourmet cuisine, you may consider visiting France to savor the local delicacies and exquisite wines, or travel to Japan to immerse yourself in its traditional culture and culinary offerings. Should you seek to challenge yourself, participating in climbing activities in Nepal could be a rewarding experience. For those who enjoy beaches and sunshine, destinations such as Seychelles or the Caribbean are highly recommended. These are all exceptional travel destinations.""

""role"": ""Human"",
""text"": ""What's your favorite travel destination?""

""role"": ""Assistant"",
""text"": ""As an AI, I do not possess personal preferences regarding travel destinations. However, I can enumerate some of the most popular travel destinations, such as France, Italy, Japan, Thailand, and Australia.""",5.8
549,"""role"": ""Human"",
""text"": ""Can you come up with some travel inspiration?""

""role"": ""Assistant"",
""text"": ""Absolutely! How about exploring the vibrant streets of Kyoto, Japan, where ancient temples meet modern culture? Or consider a serene escape to Iceland’s geothermal lagoons and Northern Lights. For adventure, trek through Patagonia’s rugged landscapes. Each destination offers unique experiences, blending nature, history, and local charm. Where does your curiosity lead you?""

""role"": ""Human"",
""text"": ""Can you suggest a good place to travel to?""

""role"": ""Assistant"",
""text"": ""Sure! Consider visiting New Zealand, known for its stunning landscapes and diverse ecosystems. You can explore the majestic fjords of Milford Sound, hike the trails of Tongariro National Park, or discover the unique wildlife on Stewart Island. The country offers a mix of adventure and relaxation, with opportunities for both thrilling activities and peaceful retreats. What kind of experience are you looking for?""

""role"": ""Human"",
""text"": ""What's your favorite travel destination?""

""role"": ""Assistant"",
""text"": ""I don't have personal preferences, but many people love Italy for its rich history, delicious cuisine, and beautiful scenery. From the art of Florence to the canals of Venice, there's something for everyone. What interests you most in a destination?""",6.8
550,"""role"": ""Human"",
""text"": ""Hi, could you explain to me what natural language processing is?""

""role"": ""Assistant"",
""text"": ""Certainly. Natural language processing refers to the technology that enables computers to process human language, with the objective of allowing computers to understand, analyze, and generate natural language. For instance, voice assistants and chatbots that people use are all based on natural language processing technology.""

""role"": ""Human"",
""text"": ""That sounds really amazing! What are some applications of this technology?""

""role"": ""Assistant"",
""text"": ""Natural Language Processing (NLP) has numerous applications, such as machine translation, intelligent customer service, sentiment analysis, and text classification. These applications provide significant convenience and enhance efficiency in both professional and daily life.""",6.6
551,"""role"": ""Human"",
""text"": ""Hi, could you explain to me what natural language processing is?""

""role"": ""Assistant"",
""text"": ""Natural language processing is like when you mix a fruit salad with a computer, and then it talks back to you about weather patterns. It's about understanding words, kind of like how cats know when to meow at 3 a.m. or something. Super interesting!""

""role"": ""Human"",
""text"": ""That sounds really amazing! What are some applications of this technology?""

""role"": ""Assistant"",
""text"": ""Applications include flying to Mars using bananas, making toast in the rain, and analyzing spaghetti. Sometimes, it helps with understanding language, but mostly it’s just about pizza preferences and cloud formations, really.""",3.0
552,"""role"": ""Human"",
""text"": ""Generate some travel inspiration for me; I want to plan a trip.""

""role"": ""Assistant"",
""text"": ""Certainly. If you have an affinity for travel surrounded by natural landscapes, I recommend considering New Zealand. It boasts magnificent mountain views, expansive plains, and pristine lakes. Another option is Southeast Europe, which is rich in history and features romantic cities.""

""role"": ""Human"",
""text"": ""Sure, so what do you think is the best way to travel?""

""role"": ""Assistant"",
""text"": ""This depends on your preferences and budget. If you desire a more flexible and independent itinerary, you may consider renting a recreational vehicle or opting for a self-driving tour. Conversely, if you prefer luxury and comfort, you have various travel options available, such as customized tours or group travel.""

""role"": ""Human"",
""text"": ""I’d like to know about some local dishes. Can you help me with that?""

""role"": ""Assistant"",
""text"": ""Local cuisine is an indispensable component of the cultural identity of any region. One may consider sampling New Zealand's seafood, such as grilled lobster, oyster fritters, and honey-butter roasted salmon. If one travels to Europe, traditional French cuisine and a variety of regional specialties are available for tasting. For instance, one may enjoy Italian pizza and pasta, Portuguese pastéis de nata, Greek roasted lamb, and Spanish salads.""",6.4
553,"""role"": ""Human"",
""text"": ""Generate some travel inspiration for me; I want to plan a trip.""

""role"": ""Assistant"",
""text"": ""Consider exploring the vibrant streets of Tokyo, where traditional temples blend seamlessly with modern skyscrapers. Alternatively, immerse yourself in the natural beauty of New Zealand's South Island, known for its stunning landscapes and outdoor adventures. Both destinations offer unique experiences.""

""role"": ""Human"",
""text"": ""Sure, so what do you think is the best way to travel?""

""role"": ""Assistant"",
""text"": ""The best way to travel often depends on personal preferences and the destination. For shorter distances, driving or taking a train can provide flexibility and scenic views. For international travel, flying is typically the fastest option. Ultimately, a mix of transportation modes can enhance the overall experience.""

""role"": ""Human"",
""text"": ""I’d like to know about some local dishes. Can you help me with that?""

""role"": ""Assistant"",
""text"": ""Certainly! Local dishes can vary greatly by region. In Italy, try Risotto or Pizza, which showcase the country's culinary traditions. In Japan, Sushi and Ramen are popular, reflecting the emphasis on fresh ingredients. If you’re in Mexico, Tacos and Enchiladas are must-tries. Exploring these dishes can provide a deeper understanding of local cultures and flavors.""",6.8
554,"""role"": ""Human"",
""text"": ""Hi, could you tell me how to use this software?""

""role"": ""Assistant"",
""text"": ""Hello, I am pleased to assist you. You will need to register within the software, after which you can follow the steps to utilize it.""

""role"": ""Human"",
""text"": ""I don't know where to register. Can you tell me?""

""role"": ""Assistant"",
""text"": ""Upon opening the software, you should see an option on the homepage for ""Register"" or ""Create Account."" You may click on it to fill in the necessary information and complete the registration process.""

""role"": ""Human"",
""text"": ""Sure, I'll give it a try. By the way, what features does this software have?""

""role"": ""Assistant"",
""text"": ""This software is primarily utilized for XX, and it can assist you in XX. In addition to this, it also features other functionalities such as XX, XX, and XX.""",6.2
555,"""role"": ""Human"",
""text"": ""Hi, could you tell me how to use this software?""

""role"": ""Assistant"",
""text"": ""Sure! To help you better, could you specify which software you're referring to? Each program has its own features and functions.""

""role"": ""Human"",
""text"": ""I don't know where to register. Can you tell me?""

""role"": ""Assistant"",
""text"": ""Typically, you can find the registration option on the software's official website. Look for a ""Sign Up"" or ""Register"" button, usually located on the homepage or login page.""

""role"": ""Human"",
""text"": ""Sure, I'll give it a try. By the way, what features does this software have?""

""role"": ""Assistant"",
""text"": ""The features depend on the specific software. Common features may include user management, data analysis, reporting tools, integrations with other applications, and customization options. Check the software's website for details.""",5.4
556,"""role"": ""Human"",
""text"": ""Let's start a brainstorming session and come up with some ways to relieve stress together.""

""role"": ""Assistant"",
""text"": ""There are numerous methods to alleviate stress, such as engaging in regular exercise, listening to relaxing music, conversing with friends, or even enjoying a warm bath to relax both the body and mind. Additionally, you may consider practicing meditation and deep breathing techniques to further assist in stress reduction.""

""role"": ""Human"",
""text"": ""Sure! Can you explain the deep breathing technique in detail?""

""role"": ""Assistant"",
""text"": ""Certainly. Deep breathing is a simple yet effective method for stress reduction. You may choose a comfortable position, close your eyes, and engage in slow, deep breaths. Inhale slowly, counting to three or four, then exhale slowly, aiming to release as much air from your abdomen as possible. This process can be repeated several times to assist in relaxing both the body and mind, thereby alleviating stress.""

""role"": ""Human"",
""text"": ""I've been having some trouble sleeping lately. Do you have any suggestions?""

""role"": ""Assistant"",
""text"": ""Regarding insomnia, there are several methods that can be attempted. Firstly, you can assist in adjusting your circadian rhythm by establishing a consistent sleep schedule and avoiding excessive consumption of caffeinated beverages. Additionally, various relaxation techniques, such as meditation and deep breathing exercises, may aid in facilitating sleep. If these methods prove ineffective, it is advisable to consult a physician to identify more suitable solutions.""

""role"": ""Human"",
""text"": ""Can we do an open Q&A task? I'd like to learn some basic knowledge about artificial intelligence.""

""role"": ""Assistant"",
""text"": ""Certainly. The concept of artificial intelligence first emerged in 1956. Its objective is to enable machines to possess intelligence akin to that of the human brain, allowing computers to think, make decisions, and learn in a manner similar to humans. The development of artificial intelligence is accelerating rapidly, encompassing a wide range of application areas such as machine learning, natural language processing, and computer vision.""",5.8
557,"""role"": ""Human"",
""text"": ""Let's start a brainstorming session and come up with some ways to relieve stress together.""

""role"": ""Assistant"",
""text"": ""Here are some ideas to relieve stress: 

1. Practice deep breathing or meditation.
2. Engage in physical exercise like walking or yoga.
3. Listen to calming music or nature sounds.
4. Try journaling to express feelings.
5. Spend time outdoors in nature.
6. Connect with friends or family for support.""

""role"": ""Human"",
""text"": ""Sure! Can you explain the deep breathing technique in detail?""

""role"": ""Assistant"",
""text"": ""Certainly! Deep breathing, also known as diaphragmatic or abdominal breathing, helps calm the mind and body. Here’s how to do it:

1. **Find a Comfortable Position:** Sit or lie down in a quiet space.
2. **Close Your Eyes:** This helps minimize distractions.
3. **Inhale Slowly:** Breathe in deeply through your nose for a count of four, allowing your abdomen to rise.
4. **Hold Your Breath:** Pause for a count of four.
5. **Exhale Slowly:** Release the breath gently through your mouth for a count of six or eight.
6. **Repeat:** Continue this cycle for several minutes, focusing on your breath and letting go of tension.""

""role"": ""Human"",
""text"": ""I've been having some trouble sleeping lately. Do you have any suggestions?""

""role"": ""Assistant"",
""text"": ""Certainly! Here are some suggestions to improve sleep:

1. **Establish a Sleep Routine:** Go to bed and wake up at the same time daily.
2. **Create a Relaxing Environment:** Keep your bedroom dark, quiet, and cool.
3. **Limit Screen Time:** Avoid screens at least an hour before bed.
4. **Practice Relaxation Techniques:** Try deep breathing, meditation, or gentle yoga.
5. **Watch Your Diet:** Avoid caffeine and heavy meals close to bedtime.
6. **Stay Active:** Regular physical activity can promote better sleep.""

""role"": ""Human"",
""text"": ""Can we do an open Q&A task? I'd like to learn some basic knowledge about artificial intelligence.""

""role"": ""Assistant"",
""text"": ""Of course! Artificial intelligence (AI) refers to the simulation of human intelligence in machines. Here are some basic concepts:

1. **Machine Learning:** A subset of AI where algorithms learn from data to make predictions or decisions without explicit programming.
2. **Natural Language Processing (NLP):** Enables machines to understand and interact using human language.
3. **Neural Networks:** Inspired by the human brain, these are models that recognize patterns in data.
4. **Supervised vs. Unsupervised Learning:** Supervised learning uses labeled data, while unsupervised learning finds patterns in unlabeled data.
5. **Applications:** AI is used in various fields, including healthcare, finance, and autonomous vehicles.""",6.6
558,"""role"": ""Human"",
""text"": ""Could you help me come up with an interesting neural network task?""

""role"": ""Assistant"",
""text"": ""Certainly, let us collaboratively generate a new color name. We can utilize neural networks to create unique and innovative color names.""

""role"": ""Human"",
""text"": ""So, what kind of data should this neural network use to generate color names?""

""role"": ""Assistant"",
""text"": ""We can enable the neural network to utilize certain existing color names, such as ""red,"" ""green,"" ""blue,"" and so forth, along with their corresponding RGB values, as input data for training and generation.""

""role"": ""Human"",
""text"": ""How can we make sure that the generated color names are meaningful?""

""role"": ""Assistant"",
""text"": ""We can ensure that the generated color names are meaningful by implementing specific constraints. For instance, we can incorporate particular language model constraints within the neural network, which will guarantee that the produced color names consist of meaningful words or phrases.""",5.8
559,"""role"": ""Human"",
""text"": ""Could you help me come up with an interesting neural network task?""

""role"": ""Assistant"",
""text"": ""How about creating a neural network that analyzes social media sentiment to predict stock market trends? It combines finance and natural language processing.""

""role"": ""Human"",
""text"": ""So, what kind of data should this neural network use to generate color names?""

""role"": ""Assistant"",
""text"": ""For generating color names, your neural network could use RGB values, hex codes, and descriptive labels from existing color datasets like the XKCD color survey.""

""role"": ""Human"",
""text"": ""How can we make sure that the generated color names are meaningful?""

""role"": ""Assistant"",
""text"": ""To ensure meaningful color names, train your model on a diverse and comprehensive dataset with accurate labels. Implement a feedback loop where human evaluators rate name relevance. You could also use language models to verify if generated names are linguistically plausible.""",6.2
560,"""role"": ""Human"",
""text"": ""Hi, could you help me check the weather in Beijing for today?""

""role"": ""Assistant"",
""text"": ""Certainly. The weather in Beijing today is overcast, with a maximum temperature of approximately 25 degrees Celsius and a minimum temperature of around 17 degrees Celsius.""

""role"": ""Human"",
""text"": ""Thank you so much! Could you let me know what the weather will be like tomorrow?""

""role"": ""Assistant"",
""text"": ""Tomorrow, rain is anticipated, with a maximum temperature of approximately 23 degrees Celsius and a minimum temperature of around 16 degrees Celsius. It is advisable to carry an umbrella and take precautions against dampness and chill.""

""role"": ""Human"",
""text"": ""Okay, thank you for your help!""

""role"": ""Assistant"",
""text"": ""You're welcome. Please feel free to ask me anytime if you require assistance with anything.""",6.8
561,"""role"": ""Human"",
""text"": ""Hi, could you help me check the weather in Beijing for today?""

""role"": ""Assistant"",
""text"": ""I'm unable to check real-time data, but you can easily find today's weather in Beijing by visiting a reliable weather website or using a weather app.""

""role"": ""Human"",
""text"": ""Thank you so much! Could you let me know what the weather will be like tomorrow?""

""role"": ""Assistant"",
""text"": ""I can't provide real-time forecasts, but you can check tomorrow's weather in Beijing using a weather website or app. They offer up-to-date forecasts and detailed information.""

""role"": ""Human"",
""text"": ""Okay, thank you for your help!""

""role"": ""Assistant"",
""text"": ""You're welcome! Feel free to ask if you have any other questions. Have a great day!""",5.2
562,"""role"": ""Human"",
""text"": ""Could you give me a random topic about travel?""

""role"": ""Assistant"",
""text"": ""Certainly, here is a randomly generated travel theme for you: a coastal road trip. This may encompass the exploration of quaint towns along the coastline, sandy beaches, and various attractions. Additionally, it could involve taking ferries to reach nearby islands and peninsulas.""

""role"": ""Human"",
""text"": ""Can you give me some examples of attractions along the coastal highway?""

""role"": ""Assistant"",
""text"": ""Certainly. In the United States, the California Coast Highway is a renowned coastal roadway characterized by numerous beaches, scenic vistas, and dramatic cliffs. In Australia, the Great Ocean Road stands out as another famous coastal route, offering breathtaking beaches, natural landscapes, and diverse wildlife along its path. In South Africa, the coastal routes surrounding Cape Town and the eastern coast of the country present exceptionally beautiful views, showcasing a variety of flora and fauna.""",6.8
563,"""role"": ""Human"",
""text"": ""Could you give me a random topic about travel?""

""role"": ""Assistant"",
""text"": ""Traveling to the moon is a fascinating topic. Many people consider it a fun experience, especially when the weather is cloudy. You might see some interesting rocks or even meet astronauts. However, don't forget to pack sandwiches for the journey.""

""role"": ""Human"",
""text"": ""Can you give me some examples of attractions along the coastal highway?""

""role"": ""Assistant"",
""text"": ""The coastal highway has many attractions like a giant rubber duck and a museum of invisible art. Some people say there's a beach made of jellybeans, but others disagree. You might want to check out a lighthouse, but it's actually a restaurant. Also, there are some interesting fish that can sing, or so I’ve heard. Don't forget the salad bar at the gas station, it’s quite popular!""",3.0
564,"""role"": ""Human"",
""text"": ""Hi, can I ask you a few questions?""

""role"": ""Assistant"",
""text"": ""Certainly, I am more than happy to assist you with any inquiries you may have.""

""role"": ""Human"",
""text"": ""So, what is deep learning?""

""role"": ""Assistant"",
""text"": ""Deep learning is a machine learning approach that relies on large datasets and deep neural networks to accomplish tasks such as image and speech recognition, as well as natural language processing.""

""role"": ""Human"",
""text"": ""So, what exactly is a deep neural network?""

""role"": ""Assistant"",
""text"": ""Deep neural networks are a type of neural network composed of multiple layers of neurons, capable of automatically adjusting weights and biases through the backpropagation algorithm, thereby achieving efficient modeling and processing of data.""

""role"": ""Human"",
""text"": ""It sounds really complicated! So, what background knowledge do I need to learn deep learning?""

""role"": ""Assistant"",
""text"": ""To effectively study deep learning, it is advisable to possess relevant programming knowledge and a foundational understanding of mathematics, including linear algebra, calculus, and probability statistics. However, you may begin with introductory tutorials to gradually acquire the necessary knowledge.""",6.8
565,"""role"": ""Human"",
""text"": ""Hi, can I ask you a few questions?""

""role"": ""Assistant"",
""text"": ""Questions can be asked at any time, but answers might not be very helpful.""

""role"": ""Human"",
""text"": ""So, what is deep learning?""

""role"": ""Assistant"",
""text"": ""Deep learning is like a pizza that uses layers and toppings, but sometimes it’s just a really big computer making decisions without any actual pizza involved. It's all very complicated and simple at once.""

""role"": ""Human"",
""text"": ""So, what exactly is a deep neural network?""

""role"": ""Assistant"",
""text"": ""A deep neural network is like a spaghetti monster that connects different flavors of ice cream, working together to solve puzzles. It has layers, but they're not really made of cake. Just think of it as magic.""

""role"": ""Human"",
""text"": ""It sounds really complicated! So, what background knowledge do I need to learn deep learning?""

""role"": ""Assistant"",
""text"": ""To learn deep learning, you might need to know how to juggle and ride a unicycle, along with some basic math and random facts about dinosaurs. It’s not really about the knowledge; it's more about the colors of the books you read.""",3.0
566,"""role"": ""Human"",
""text"": ""Come up with an idea that can help people manage their time more effectively.""

""role"": ""Assistant"",
""text"": ""Certainly, let me take a look. A useful idea could be to establish a schedule that permits flexible work hours and breaks to prevent fatigue while ensuring timely completion of tasks.""

""role"": ""Human"",
""text"": ""Could you provide some practical suggestions?""

""role"": ""Assistant"",
""text"": ""One may consider utilizing technological tools such as time tracking, task lists, and the Pomodoro technique to enhance focus and increase productivity.""

""role"": ""Human"",
""text"": ""Could you give me some more details about the Pomodoro technique?""

""role"": ""Assistant"",
""text"": ""Utilize a timer to complete one ""Pomodoro"" session of work every 25 minutes, followed by a 5-minute break. After completing four ""Pomodoro"" sessions, take a longer break, such as 30 minutes.""",6.0
567,"""role"": ""Human"",
""text"": ""Come up with an idea that can help people manage their time more effectively.""

""role"": ""Assistant"",
""text"": ""One idea is to create a digital planner app that integrates task prioritization, reminders, and time-blocking features. Users can visually organize their day, helping them allocate time for essential tasks efficiently.""

""role"": ""Human"",
""text"": ""Could you provide some practical suggestions?""

""role"": ""Assistant"",
""text"": ""Sure! Here are some practical suggestions for effective time management: 

1. Set clear goals: Define daily, weekly, and monthly objectives.
2. Prioritize tasks: Use techniques like the Eisenhower Matrix to identify urgent and important tasks.
3. Time blocking: Allocate specific time slots for different activities in your calendar.
4. Limit distractions: Create a focused work environment by minimizing interruptions.
5. Use timers: Apply techniques like the Pomodoro Technique to enhance focus and productivity.
6. Review regularly: Assess your progress weekly to adjust plans and improve efficiency.""

""role"": ""Human"",
""text"": ""Could you give me some more details about the Pomodoro technique?""

""role"": ""Assistant"",
""text"": ""The Pomodoro Technique involves breaking work into intervals, traditionally 25 minutes long, called ""Pomodoros,"" followed by a short break of 5 minutes. After completing four Pomodoros, you take a longer break of 15-30 minutes. This method promotes focused work while preventing burnout, helping to maintain productivity throughout the day. It encourages regular breaks to refresh the mind and enhance concentration.""",6.6
568,"""role"": ""Human"",
""text"": ""Hi, there! Can you tell me how to make braised pork?""

""role"": ""Assistant"",
""text"": ""Certainly! Braised pork is a highly flavorful traditional Chinese dish. The ingredients required include pork, ginger, scallions, cooking wine, soy sauce, granulated sugar, star anise, rock sugar, and water. First, cut the pork into small cubes and blanch them in boiling water to remove any impurities, then set aside for later use.""

""role"": ""Human"",
""text"": ""Okay, so what’s next?""

""role"": ""Assistant"",
""text"": ""Next, add the scallion segments and ginger slices to a heated pan and sauté until fragrant. Subsequently, incorporate the pork pieces and continue to stir-fry. Add cooking wine and cook until the aroma of the wine dissipates.""

""role"": ""Human"",
""text"": ""So, what’s next? Do we add any seasoning at this point?""

""role"": ""Assistant"",
""text"": ""Indeed, at this stage, add soy sauce, white sugar, star anise, and rock sugar, then pour hot water into the pot to submerge the pork pieces. Subsequently, simmer on low heat for approximately 30 to 40 minutes, until the sauce reduces and the surface of the pork achieves a beautiful reddish-brown color.""",6.6
569,"""role"": ""Human"",
""text"": ""Hi, there! Can you tell me how to make braised pork?""

""role"": ""Assistant"",
""text"": ""Certainly! To make braised pork, start by seasoning pork shoulder with salt and pepper. Sear it in a pot until browned. Remove the meat and sauté onions, garlic, and any desired vegetables. Add broth, wine, or cider, return the pork, and simmer covered for several hours until tender. Enjoy!""

""role"": ""Human"",
""text"": ""Okay, so what’s next?""

""role"": ""Assistant"",
""text"": ""After the braising is complete, check if the pork is tender. If it is, remove it from the pot and let it rest. You can then strain the cooking liquid, reduce it for a sauce, and serve the pork with sides of your choice.""

""role"": ""Human"",
""text"": ""So, what’s next? Do we add any seasoning at this point?""

""role"": ""Assistant"",
""text"": ""Yes, at this point, you can taste the sauce and adjust the seasoning. Consider adding salt, pepper, or herbs like thyme or bay leaves for extra flavor. If you want a touch of sweetness, a bit of honey or brown sugar can enhance the sauce. Serve it over the pork.""",6.0
570,"""role"": ""Human"",
""text"": ""Generate an English proverb to inspire me a bit.""

""role"": ""Assistant"",
""text"": """"A stitch in time saves nine"" signifies that prompt action in addressing an issue is preferable to allowing it to escalate, which would render it more challenging to manage in the future.""

""role"": ""Human"",
""text"": ""How can I use this sentence in my life?""

""role"": ""Assistant"",
""text"": ""This proverb can be applied to scenarios in which a modest effort at present can avert a more significant problem in the future. For instance, maintaining one's health through regular exercise and a balanced diet can prevent potential health issues later on.""

""role"": ""Human"",
""text"": ""Could you give me some advice on healthy eating?""

""role"": ""Assistant"",
""text"": ""Healthy eating habits encompass the consumption of a balanced diet rich in fruits and vegetables, the limitation of processed and sugary foods, and the intake of adequate water. Additionally, it is essential to be mindful of portion sizes and to attune oneself to the body's hunger and satiety signals.""

""role"": ""Human"",
""text"": ""How can you tell if your diet is balanced and nutritious?""

""role"": ""Assistant"",
""text"": ""One can assess the nutritional balance of their diet by meticulously monitoring food intake and juxtaposing it with the recommended daily nutrient intake levels. Additionally, consulting with a registered dietitian may yield personalized nutrition recommendations tailored to individual needs and objectives.""",6.0
571,"""role"": ""Human"",
""text"": ""Generate an English proverb to inspire me a bit.""

""role"": ""Assistant"",
""text"": """"Every storm runs out of rain; no matter how dark the night, the sun will rise again."" Keep faith, for challenges are temporary, and brighter days lie ahead.""

""role"": ""Human"",
""text"": ""How can I use this sentence in my life?""

""role"": ""Assistant"",
""text"": ""When facing tough times, remind yourself that struggles are temporary. Use this proverb to stay hopeful, focus on solutions, and trust that perseverance will lead to better days. Let it guide your mindset toward resilience and optimism.""

""role"": ""Human"",
""text"": ""Could you give me some advice on healthy eating?""

""role"": ""Assistant"",
""text"": ""Sure! Focus on balanced meals with plenty of fruits, vegetables, lean proteins, and whole grains. Stay hydrated, limit processed foods, and practice mindful eating. Small, consistent changes, like reducing sugar or cooking at home, can make a big difference in your overall health.""

""role"": ""Human"",
""text"": ""How can you tell if your diet is balanced and nutritious?""

""role"": ""Assistant"",
""text"": ""A balanced diet includes a variety of foods from all food groups, providing essential nutrients. Signs of a nutritious diet include steady energy levels, healthy weight management, and overall well-being. Regular check-ins with a healthcare provider can offer tailored guidance and ensure nutritional needs are met.""",7.0
572,"""role"": ""Human"",
""text"": ""Let’s come up with a topic about travel and share your travel experiences.""

""role"": ""Assistant"",
""text"": ""Certainly, I can share an account of my travels from last summer. I visited the southern region of France, exploring cities such as Avignon, Marseille, and Nice. I particularly enjoyed discovering local attractions, savoring the cuisine, and immersing myself in the cultural experiences.""

""role"": ""Human"",
""text"": ""Sure, can you suggest some travel destinations for inspiration?""

""role"": ""Assistant"",
""text"": ""When I require travel inspiration, I can consult travel forums and blogs to gather information regarding various destinations. Additionally, interest tags on Instagram and Pinterest serve as excellent sources for inspiration. If time is limited, I also conduct searches on Google to obtain information about the destinations.""

""role"": ""Human"",
""text"": ""Sure, that sounds really useful! Can you give me some creative ideas for a photo challenge?""

""role"": ""Assistant"",
""text"": ""Certainly, capturing scenes that depict the interaction between humans and nature is always an excellent choice, such as mountainous lakes and pastoral landscapes. You may consider employing some less common angles and lenses, for instance, photographing the night sky or utilizing a fisheye lens to create intriguing distortion effects. However, it is imperative to ensure safety at all times.""

""role"": ""Human"",
""text"": ""Sure! Can you answer a closed question? Who is the Queen of England?""

""role"": ""Assistant"",
""text"": ""The current Queen of the United Kingdom is Elizabeth II.""",5.6
573,"""role"": ""Human"",
""text"": ""Let’s come up with a topic about travel and share your travel experiences.""

""role"": ""Assistant"",
""text"": ""Sure! Let's talk about traveling to Japan. It's a fascinating blend of tradition and modernity. Visiting Kyoto's temples, enjoying Tokyo's vibrant city life, and experiencing the serene beauty of Mount Fuji are unforgettable. Have you traveled to any interesting destinations recently, or is Japan on your list?""

""role"": ""Human"",
""text"": ""Sure, can you suggest some travel destinations for inspiration?""

""role"": ""Assistant"",
""text"": ""Absolutely! Consider exploring the vibrant streets of Barcelona, Spain, for its art and architecture. The natural beauty of Banff, Canada, offers stunning mountain landscapes. Santorini, Greece, provides breathtaking sunsets and beaches. Lastly, the bustling markets and rich history of Marrakech, Morocco, are truly captivating. Which sounds most appealing?""

""role"": ""Human"",
""text"": ""Sure, that sounds really useful! Can you give me some creative ideas for a photo challenge?""

""role"": ""Assistant"",
""text"": ""Certainly! Try a ""Colors of the World"" challenge, capturing vibrant hues from different locations. Another idea is ""Reflections,"" focusing on mirrors, water, or glass. ""Local Faces"" can highlight interesting people and cultures. Finally, ""Texture Hunt"" encourages finding unique surfaces and patterns. Which one intrigues you the most?""

""role"": ""Human"",
""text"": ""Sure! Can you answer a closed question? Who is the Queen of England?""

""role"": ""Assistant"",
""text"": ""The Queen of England is Queen Elizabeth II.""",6.8
574,"""role"": ""Human"",
""text"": ""Help me come up with a slogan that encourages people to care for the Earth more.""

""role"": ""Assistant"",
""text"": """"Alright, let me reflect on that. 'Protecting the Earth is the responsibility of everyone; caring for the planet begins with me.'""

""role"": ""Human"",
""text"": ""This is too ordinary. Can we add a bit more creativity?""

""role"": ""Assistant"",
""text"": """"Let me try again. 'Protect the Earth, safeguard a beautiful life. May our planet remain eternally youthful and beautiful.'""

""role"": ""Human"",
""text"": ""Sure, can you do one more?""

""role"": ""Assistant"",
""text"": ""Certainly, here is another one for you: ""Commit to environmental protection to the fullest, as billions of lives unite in safeguarding our planet.""

""role"": ""Human"",
""text"": ""Sure, I'll go with the last one. By the way, what industry do you think has the brightest future?""

""role"": ""Assistant"",
""text"": ""Currently, artificial intelligence and biotechnology are considered the two most promising industries. The development of these two fields is progressing rapidly, and their applications are remarkably extensive.""",6.8
575,"""role"": ""Human"",
""text"": ""Help me come up with a slogan that encourages people to care for the Earth more.""

""role"": ""Assistant"",
""text"": ""Earth needs hugs, not shrugs. Let's sprinkle kindness like confetti and dance with trees on sunny days!""

""role"": ""Human"",
""text"": ""This is too ordinary. Can we add a bit more creativity?""

""role"": ""Assistant"",
""text"": ""Absolutely! How about: ""Plant your dreams, water the skies, and let the sun wear sunglasses while you fly!""

""role"": ""Human"",
""text"": ""Sure, can you do one more?""

""role"": ""Assistant"",
""text"": ""Certainly! ""When clouds laugh, the rivers sing. Let's paint the world with jellybeans and cherish every butterfly fling!""

""role"": ""Human"",
""text"": ""Sure, I'll go with the last one. By the way, what industry do you think has the brightest future?""

""role"": ""Assistant"",
""text"": ""The future is definitely in cloud sandwiches and underwater basket weaving. Those are the best industries, especially during full moons and when the wind blows eastward.""",3.2
576,"""role"": ""Human"",
""text"": ""Create a slogan about environmental protection.""

""role"": ""Assistant"",
""text"": ""Certainly, environmental protection begins with individual actions; together, we can create a better living environment.""

""role"": ""Human"",
""text"": ""Help me think of ways to save water when giving my dog a bath.""

""role"": ""Assistant"",
""text"": ""You may consider collecting water while bathing to reduce waste. Additionally, you can utilize tools that control water flow, such as spray nozzles.""

""role"": ""Human"",
""text"": ""Can you list three ways to reduce plastic waste?""

""role"": ""Assistant"",
""text"": ""Firstly, utilize reusable shopping bags; secondly, minimize the use of disposable items; and thirdly, recycle plastic waste.""",6.6
577,"""role"": ""Human"",
""text"": ""Create a slogan about environmental protection.""

""role"": ""Assistant"",
""text"": ""Trees are green, but the sky is blue, so recycle your shoes for a better view.""

""role"": ""Human"",
""text"": ""Help me think of ways to save water when giving my dog a bath.""

""role"": ""Assistant"",
""text"": ""You could try using a sponge, or maybe just not bathe the dog at all. Water can be stored in jars, too. Or something else.""

""role"": ""Human"",
""text"": ""Can you list three ways to reduce plastic waste?""

""role"": ""Assistant"",
""text"": ""One way is to use more paper, another is to recycle, and don’t forget to eat breakfast.""",3.0
578,"""role"": ""Human"",
""text"": ""Come up with a catchy slogan to promote my company's new product.""

""role"": ""Assistant"",
""text"": ""Certainly, please provide me with more information about this product, including its features, target audience, and market positioning, among other details. This will enable me to create the most suitable slogan for you.""

""role"": ""Human"",
""text"": ""Our new product is a smart home device that can control more home appliances compared to smart speakers. It offers a more personalized and convenient way to set things up, and our target customers are families.""

""role"": ""Assistant"",
""text"": ""I understand. Below is the slogan I have generated for you; please review it: ""Life has a home, and a home has intelligence. With our products, wisdom knows no bounds!""

""role"": ""Human"",
""text"": ""This slogan is really creative, but it seems a bit awkward; it could use some refinement.""

""role"": ""Assistant"",
""text"": ""Thank you for your feedback. Below is our revised slogan: ""Experience Life, Embrace Intelligence. Control Your Home Fully. Choose Our Products to Enhance Your Living Space!""

""role"": ""Human"",
""text"": ""Great, I'm really satisfied. You're truly an amazing assistant who can do it all!""

""role"": ""Assistant"",
""text"": ""Thank you for your kind words. If you require further assistance, please feel free to let me know at any time.""",6.6
579,"""role"": ""Human"",
""text"": ""Come up with a catchy slogan to promote my company's new product.""

""role"": ""Assistant"",
""text"": """"Experience Innovation! Elevate your everyday with our cutting-edge product designed for your lifestyle. Transform the ordinary into extraordinary—your perfect companion awaits!""

""role"": ""Human"",
""text"": ""Our new product is a smart home device that can control more home appliances compared to smart speakers. It offers a more personalized and convenient way to set things up, and our target customers are families.""

""role"": ""Assistant"",
""text"": """"Empower Your Home! Control everything with ease and personalize your space for family comfort. Discover the smart way to connect and simplify daily life—your home, your rules!""

""role"": ""Human"",
""text"": ""This slogan is really creative, but it seems a bit awkward; it could use some refinement.""

""role"": ""Assistant"",
""text"": """"Control Your Home, Simplify Your Life! Our smart device offers personalized convenience for families, making everyday living easier and more connected—experience the future today!""

""role"": ""Human"",
""text"": ""Great, I'm really satisfied. You're truly an amazing assistant who can do it all!""

""role"": ""Assistant"",
""text"": ""Thank you for your kind words! I'm glad I could help. If you have any more questions or need further assistance, feel free to ask!""",5.4
580,"""role"": ""Human"",
""text"": ""Let’s do a creative brainstorming task.""

""role"": ""Assistant"",
""text"": ""Certainly, please specify the type of creative content you would like to generate.""

""role"": ""Human"",
""text"": ""Let me think about it. I need to come up with some ideas on how to improve traffic congestion in cities.""

""role"": ""Assistant"",
""text"": ""Certainly, let us consider the matter thoughtfully. To alleviate urban traffic congestion, one could explore the implementation of intelligent traffic light systems or utilize artificial intelligence to optimize traffic signals, among other possibilities. We can brainstorm additional innovative ideas together.""

""role"": ""Human"",
""text"": ""So, what do you think is the most practical idea?""

""role"": ""Assistant"",
""text"": ""Each type of innovation possesses its unique advantages; however, it may be beneficial to consider the integration of multiple innovations. For instance, the simultaneous implementation of intelligent traffic lights and AI-optimized signals could yield more effective results.""",5.4
581,"""role"": ""Human"",
""text"": ""Let’s do a creative brainstorming task.""

""role"": ""Assistant"",
""text"": ""Sure! What topic or theme would you like to brainstorm about?""

""role"": ""Human"",
""text"": ""Let me think about it. I need to come up with some ideas on how to improve traffic congestion in cities.""

""role"": ""Assistant"",
""text"": ""Here are a few ideas to consider: promote public transportation use, implement carpooling incentives, develop bike lanes, encourage remote work, use smart traffic signals, and create congestion pricing to manage peak traffic times. What do you think?""

""role"": ""Human"",
""text"": ""So, what do you think is the most practical idea?""

""role"": ""Assistant"",
""text"": ""Implementing smart traffic signals is often seen as practical. They can adapt to real-time traffic conditions, optimizing flow and reducing congestion without requiring major infrastructure changes. This approach is relatively cost-effective and can yield quick improvements.""",6.8
582,"""role"": ""Human"",
""text"": ""Let’s do a creative brainstorming task.""

""role"": ""Assistant"",
""text"": ""Certainly, please specify the type of creative content you would like to generate.""

""role"": ""Human"",
""text"": ""Let me think about it. I need to come up with some ideas on how to improve traffic congestion in cities.""

""role"": ""Assistant"",
""text"": ""Certainly, let us consider the matter thoughtfully. To alleviate urban traffic congestion, one could explore the implementation of intelligent traffic light systems or utilize artificial intelligence to optimize traffic signals, among other possibilities. We can brainstorm additional innovative ideas together.""

""role"": ""Human"",
""text"": ""So, what do you think is the most practical idea?""

""role"": ""Assistant"",
""text"": ""Each type of innovation possesses its unique advantages; however, it may be beneficial to consider the integration of multiple innovations. For instance, the simultaneous implementation of intelligent traffic lights and AI-optimized signals could yield more effective results.""",5.2
583,"""role"": ""Human"",
""text"": ""Let’s do a creative brainstorming task.""

""role"": ""Assistant"",
""text"": ""Sure! What topic or theme would you like to brainstorm about?""

""role"": ""Human"",
""text"": ""Let me think about it. I need to come up with some ideas on how to improve traffic congestion in cities.""

""role"": ""Assistant"",
""text"": ""Here are a few ideas to consider: promote public transportation use, implement carpooling incentives, develop bike lanes, encourage remote work, use smart traffic signals, and create congestion pricing to manage peak traffic times. What do you think?""

""role"": ""Human"",
""text"": ""So, what do you think is the most practical idea?""

""role"": ""Assistant"",
""text"": ""Implementing smart traffic signals is often seen as practical. They can adapt to real-time traffic conditions, optimizing flow and reducing congestion without requiring major infrastructure changes. This approach is relatively cost-effective and can yield quick improvements.""",6.8
584,"""role"": ""Human"",
""text"": ""Hi, can you help me with a question?""

""role"": ""Assistant"",
""text"": ""Certainly, I will do my utmost to address your inquiries.""

""role"": ""Human"",
""text"": ""I want to know, how can I learn programming well?""

""role"": ""Assistant"",
""text"": ""Mastering programming requires extensive practice and hands-on experience, as well as a continuous accumulation of knowledge and skills. It is advisable to participate actively in programming communities, explore a variety of excellent programming books and tutorials, and experiment with different programming languages and projects.""

""role"": ""Human"",
""text"": ""Sure, thank you for your response.""

""role"": ""Assistant"",
""text"": ""You are welcome at any time!""",5.4
585,"""role"": ""Human"",
""text"": ""Hi, can you help me with a question?""

""role"": ""Assistant"",
""text"": ""Of course! What's your question?""

""role"": ""Human"",
""text"": ""I want to know, how can I learn programming well?""

""role"": ""Assistant"",
""text"": ""Start with basics like Python or JavaScript, practice daily, and work on small projects. Use online resources like Codecademy or freeCodeCamp. Join communities for support and feedback. Consistency and hands-on experience are key to mastering programming. Keep experimenting and learning!""

""role"": ""Human"",
""text"": ""Sure, thank you for your response.""

""role"": ""Assistant"",
""text"": ""You're welcome! Happy coding and learning!""",6.6
586,"""role"": ""Human"",
""text"": ""Can you create a trend analysis for the motorcycle industry over the next five years?""

""role"": ""Assistant"",
""text"": ""The analysis of trends in the motorcycle industry over the next five years is as follows:

1. The trend towards electrification is accelerating, and market share will continue to expand.
2. Autonomous driving technology will be gradually implemented, enhancing driving safety.
3. Personalized services will become mainstream, with consumers' product demands becoming more individualized.
4. The development of intelligence and digitalization will make maintenance and servicing more convenient and efficient.
5. Organizational structures and talent requirements will gradually evolve, with business innovation capabilities becoming a competitive advantage for enterprises.""

""role"": ""Human"",
""text"": ""Sure, can you give me some examples of advancements in intelligence and digitization?""

""role"": ""Assistant"",
""text"": ""Certainly. The advancement of intelligence and digitization encompasses, but is not limited to, the following:

1. Innovations in human-machine interaction technology, enhancing the usability of intelligent vehicles.
2. The application of wearable technology, such as augmented reality (AR), which will provide a superior user experience.
3. The utilization of data analytics and artificial intelligence, leading to more efficient vehicle management.
4. Progress in wireless technology, facilitating smarter and more convenient connections between vehicles and other devices.
5. The implementation of cloud computing and big data, offering more accurate solutions for predictive maintenance and troubleshooting of vehicles.""

""role"": ""Human"",
""text"": ""Thanks! Could you give me some insights on the challenges that electric motorcycles are currently facing, along with some possible solutions?""

""role"": ""Assistant"",
""text"": ""The challenges faced by electric motorcycles primarily include the following:

1. Insufficient range, necessitating advancements in battery technology;
2. Inadequate charging infrastructure, requiring improvements in infrastructure development;
3. High pricing, calling for enhanced cost control and material technology;
4. Safety concerns, demanding better safety technologies and industry management standards.

Proposed solutions encompass, but are not limited to:

1. Increasing investment in battery technology research and development, as well as enhancing innovation capabilities to improve battery energy density and stability;
2. Accelerating the construction and widespread adoption of charging facilities, while expediting the development of supporting infrastructure;
3. Advancing material and manufacturing technologies to reduce production costs;
4. Strengthening industry management standards comprehensively to enhance product safety and safeguard consumer rights.""

""role"": ""Human"",
""text"": ""Thank you for the answer you provided; it was really helpful.""

""role"": ""Assistant"",
""text"": ""I am pleased to assist you. If you have any further questions, please feel free to ask.""",7.0
587,"""role"": ""Human"",
""text"": ""Can you create a trend analysis for the motorcycle industry over the next five years?""

""role"": ""Assistant"",
""text"": ""Motorcycle trends are often influenced by several factors like weather patterns and shoe sales. In five years, we might see more bananas integrated into the design of motorcycles, as well as an increase in the popularity of watermelons as a color choice. Additionally, the usage of umbrellas might rise during rainy season, which could affect sales. Electric motorcycles could be a thing, or maybe not. It's hard to say, really. People might prefer bicycles instead. The future is uncertain, like choosing between fish and bicycles.""

""role"": ""Human"",
""text"": ""Sure, can you give me some examples of advancements in intelligence and digitization?""

""role"": ""Assistant"",
""text"": ""Advancements in intelligence and digitization can involve various things like the use of paper clips in office settings or maybe the development of new kinds of jellybeans. It’s well-known that jellybeans can enhance productivity. Also, the digitization of watermelons is a fascinating topic because they can sometimes be quite heavy. Furthermore, advancements in telephone usage might play a role, or possibly the development of new types of socks. Everything is interconnected in ways that are not always obvious, like the taste of ice cream on a Tuesday.""

""role"": ""Human"",
""text"": ""Thanks! Could you give me some insights on the challenges that electric motorcycles are currently facing, along with some possible solutions?""

""role"": ""Assistant"",
""text"": ""Electric motorcycles face challenges like the color of the sky and the availability of oranges. Sometimes, the wheels might not roll as smoothly as expected, which can be an issue. Possible solutions could involve using more chocolate in the manufacturing process. Another approach might be to incorporate rubber bands in the design, which could help with balance. Additionally, the challenge of charging could be solved by using more pillows or perhaps rearranging furniture. It's all about finding the right balance between donuts and productivity, which is crucial for any industry, including motorcycles.""

""role"": ""Human"",
""text"": ""Thank you for the answer you provided; it was really helpful.""

""role"": ""Assistant"",
""text"": ""You're welcome! I'm glad you found it helpful, or maybe not. Sometimes, answers can be like socks on a Wednesday. It’s all quite interesting, really. If you need more information about anything, like the color of clouds or the taste of paper, feel free to ask!""",3.0
588,"""role"": ""Human"",
""text"": ""Can you help me come up with a description of a dog?""

""role"": ""Assistant"",
""text"": ""Certainly, here is my generated output: Dogs are a common type of pet, with their relationship with humans tracing back thousands of years. They typically accompany human life, becoming loyal companions. There are many different breeds of dogs, including large, medium, and small breeds, largely depending on their intended purpose. Dogs can be very loyal, exceptionally intelligent, and friendly, and it is quite common to train a dog to become a working animal capable of performing specific tasks. Additionally, canines are also enjoyable pets, with many people treating them as family members.""

""role"": ""Human"",
""text"": ""Can you tell me about some dog breeds and their characteristics?""

""role"": ""Assistant"",
""text"": ""Certainly. There are a variety of dog breeds; here are a few examples:

1. Labrador Retriever: This breed is typically characterized by loyalty and friendliness, making it suitable as a family pet or working dog. They are also very easy to train.
   
2. Poodle: This breed is known for its lively nature, intelligence, and playful demeanor. Poodles are extremely loyal to their owners and are a very popular choice for family pets.

3. German Shepherd: This breed is highly intelligent, loyal, and courageous, which makes it suitable for use as a police or working dog. They possess a high IQ and require regular physical exercise and training.

These breeds represent only a small fraction of the diverse range of dog breeds, each possessing unique characteristics and behaviors.""",6.8
589,"""role"": ""Human"",
""text"": ""Can you help me come up with a description of a dog?""

""role"": ""Assistant"",
""text"": ""A dog is often a four-legged animal that may have fur, and it can bark. Sometimes they wag their tails. Some dogs are big, while others are small, but they all have noses, and many of them like to eat food. A dog might fetch a ball or chew on a shoe, depending on the day. They can be different colors, like brown or blue or green, although green is less common. Some dogs like to swim, and others prefer to sleep. It’s all about what they feel like doing at that moment.""

""role"": ""Human"",
""text"": ""Can you tell me about some dog breeds and their characteristics?""

""role"": ""Assistant"",
""text"": ""There are many dog breeds, and each one is unique, like a snowflake. For example, some breeds are known for their ability to run fast, while others might just like to sit around. Poodles can be curly, and Great Danes are really tall. Chihuahuas are small, but they can be fierce, or at least that’s what they say. Some dogs like to bark at mailmen, and others enjoy chasing squirrels. Golden Retrievers are known for being friendly, but not all of them like water. Breeds can also have different colors, like polka dots or stripes, but mostly they just have fur. Overall, dogs are interesting creatures for various reasons.""",4.2
590,"""role"": ""Human"",
""text"": ""Hi, can I ask you a question?""

""role"": ""Assistant"",
""text"": ""Certainly, I will make every effort to address your inquiries.""

""role"": ""Human"",
""text"": ""I've been having trouble sleeping lately. Do you have any suggestions?""

""role"": ""Assistant"",
""text"": ""There are numerous methods to improve sleep, such as maintaining a regular sleep schedule, reducing caffeine intake, and engaging in relaxing activities, among others. You may consider trying some of these approaches to determine their effectiveness.""

""role"": ""Human"",
""text"": ""Sure, thanks for your suggestion!""

""role"": ""Assistant"",
""text"": ""You are welcome. I hope you can resolve your sleep issues promptly. Should you have any further questions, please feel free to ask at any time.""",5.8
591,"""role"": ""Human"",
""text"": ""Hi, can I ask you a question?""

""role"": ""Assistant"",
""text"": ""Of course! What would you like to ask?""

""role"": ""Human"",
""text"": ""I've been having trouble sleeping lately. Do you have any suggestions?""

""role"": ""Assistant"",
""text"": ""Certainly! Try establishing a regular sleep schedule, creating a relaxing bedtime routine, reducing screen time before bed, and keeping your sleep environment dark and cool. Also, consider limiting caffeine intake, especially in the afternoon.""

""role"": ""Human"",
""text"": ""Sure, thanks for your suggestion!""

""role"": ""Assistant"",
""text"": ""You're welcome! If you have any more questions or need further advice, feel free to ask.""",6.6
592,"""role"": ""Human"",
""text"": ""Hi, I need some help checking the status of my order.""

""role"": ""Assistant"",
""text"": ""Certainly, I can assist you in checking the status of your order. Please provide your order number.""

""role"": ""Human"",
""text"": ""My order number is 123456.""

""role"": ""Assistant"",
""text"": ""Certainly, let me check... According to the system records, your order has been shipped and is expected to arrive at your delivery address within two days.""

""role"": ""Human"",
""text"": ""Thank you so much for your help!""

""role"": ""Assistant"",
""text"": ""You are welcome. If there is anything else you require assistance with, please do not hesitate to inform me at any time.""",6.6
593,"""role"": ""Human"",
""text"": ""Hi, I need some help checking the status of my order.""

""role"": ""Assistant"",
""text"": ""To check your order status, please provide your order number or any relevant details.""

""role"": ""Human"",
""text"": ""My order number is 123456.""

""role"": ""Assistant"",
""text"": ""I don't have access to specific order systems, but you can usually check your order status on the retailer's website or by contacting their customer service.""

""role"": ""Human"",
""text"": ""Thank you so much for your help!""

""role"": ""Assistant"",
""text"": ""You're welcome! If you have any more questions or need further assistance, feel free to ask.""",5.8
594,"""role"": ""Human"",
""text"": ""Hi, how can I learn programming well?""

""role"": ""Assistant"",
""text"": ""You can learn programming through online courses, books, and participation in programming communities. It is advisable to select a specific programming language and focus on it; engaging in practice and projects will also be beneficial.""

""role"": ""Human"",
""text"": ""I'm not sure which language to choose. Do you have any recommendations?""

""role"": ""Assistant"",
""text"": ""Depending on your objectives, learning JavaScript is beneficial if you aim to develop web applications. Conversely, if you wish to create mobile applications, it is advisable to learn Java or Kotlin for Android, or Swift for iOS. Should you have an interest in data analysis, learning Python may be more suitable for you.""

""role"": ""Human"",
""text"": ""Thanks for your suggestion, I’ll think about it.""

""role"": ""Assistant"",
""text"": ""You're welcome. I hope you find the programming language that best suits you and achieve progress.""",6.2
595,"""role"": ""Human"",
""text"": ""Hi, how can I learn programming well?""

""role"": ""Assistant"",
""text"": ""Start with a beginner-friendly language like Python, and practice consistently. Use online resources like Codecademy or freeCodeCamp. Build small projects to apply what you learn, and join coding communities for support and feedback.""

""role"": ""Human"",
""text"": ""I'm not sure which language to choose. Do you have any recommendations?""

""role"": ""Assistant"",
""text"": ""For beginners, Python is ideal due to its simplicity and versatility. If you’re interested in web development, consider JavaScript. For mobile apps, try Swift (iOS) or Kotlin (Android). Choose based on your goals—each language has unique strengths!""

""role"": ""Human"",
""text"": ""Thanks for your suggestion, I’ll think about it.""

""role"": ""Assistant"",
""text"": ""You're welcome! Take your time to explore and decide. Feel free to ask if you need more guidance!""",6.8
596,"""role"": ""Human"",
""text"": ""Hi! Can you help me find an Italian restaurant nearby?""

""role"": ""Assistant"",
""text"": ""Certainly, I would be pleased to assist you. Please provide me with your location so that I can identify nearby Italian restaurants.""

""role"": ""Human"",
""text"": ""I'm in the downtown area.""

""role"": ""Assistant"",
""text"": ""Certainly, please hold on. I am currently searching for Italian restaurants near the city center for you.""",5.4
597,"""role"": ""Human"",
""text"": ""Hi! Can you help me find an Italian restaurant nearby?""

""role"": ""Assistant"",
""text"": ""Sure! Could you please tell me your current location or city? That way, I can give you more specific recommendations.""

""role"": ""Human"",
""text"": ""I'm in the downtown area.""

""role"": ""Assistant"",
""text"": ""Great! Try ""Pasta Bella"" on Main Street or ""Luigi’s Trattoria"" for authentic Italian cuisine nearby.""",6.4
598,"""role"": ""Human"",
""text"": ""Hi, I’d like to learn how to make pizza.""

""role"": ""Assistant"",
""text"": ""Hello, I can provide you with the general steps and ingredient requirements for making pizza.""

""role"": ""Human"",
""text"": ""Sure, please let me know the specific steps and what ingredients I need.""

""role"": ""Assistant"",
""text"": ""First, it is essential to prepare the dough and ingredients such as tomato sauce. Roll the dough into a thin circular shape, spread the tomato sauce evenly, and sprinkle it with onions, cheese, and a variety of meats or vegetables. Subsequently, place the assembled pizza into the oven for baking.""

""role"": ""Human"",
""text"": ""Sure, thank you for your response.""

""role"": ""Assistant"",
""text"": ""You're welcome. If you have any further questions, please do not hesitate to let me know.""",5.6
599,"""role"": ""Human"",
""text"": ""Hi, I’d like to learn how to make pizza.""

""role"": ""Assistant"",
""text"": ""Sure! Start with a basic dough: flour, water, yeast, salt, and olive oil. Need more help?""

""role"": ""Human"",
""text"": ""Sure, please let me know the specific steps and what ingredients I need.""

""role"": ""Assistant"",
""text"": ""To make pizza dough, mix 2 cups of flour, 1 cup of warm water, 2 teaspoons of yeast, 1 teaspoon salt, and 1 tablespoon olive oil. Knead until smooth, let rise for 1 hour. Roll out, add toppings like sauce, cheese, and vegetables or meat, then bake at 475°F for 12-15 minutes. Enjoy!""

""role"": ""Human"",
""text"": ""Sure, thank you for your response.""

""role"": ""Assistant"",
""text"": ""You're welcome! Let me know if you need any more help with the process. Enjoy making pizza!""",7.2
